order_id,y,p,shield,family,payment,prior_returns,fold
KO2605542,0,0.1461364238158077,0,Air Fryer,cod,0,2025-11
KO2605543,0,0.035973753401807335,0,Air Fryer,prepaid_upi,0,2025-11
KO2605544,0,0.05599712878882325,1,Mixer Grinder,prepaid_upi,0,2025-11
KO2605545,1,0.0328961810494298,0,Air Fryer,prepaid_upi,0,2025-11
KO2605546,0,0.022036310072859788,0,Mixer Grinder,prepaid_upi,1,2025-11
KO2605547,0,0.01885114212411599,0,Induction Cooktop,prepaid_upi,0,2025-11
KO2605548,0,0.03434942777371972,0,Room Heater,emi,0,2025-11
KO2605549,0,0.15884777032850372,1,Robot Vacuum,prepaid_card,0,2025-11
KO2605550,0,0.07132424402031433,0,Robot Vacuum,cod,0,2025-11
KO2605551,0,0.12284772783937226,0,Mixer Grinder,cod,0,2025-11
KO2605552,0,0.013832051269158837,0,Ceiling Fan,prepaid_upi,0,2025-11
KO2605553,0,0.05617155139465347,1,Induction Cooktop,prepaid_card,0,2025-11
KO2605554,0,0.18335216694623283,0,Air Fryer,prepaid_upi,0,2025-11
KO2605555,0,0.1016793594181037,0,Air Fryer,prepaid_upi,0,2025-11
KO2605556,0,0.07379371563372476,0,Ceiling Fan,cod,0,2025-11
KO2605557,0,0.17720322351744897,1,Air Fryer,prepaid_upi,1,2025-11
KO2605558,0,0.06732523152790998,0,Mixer Grinder,prepaid_upi,0,2025-11
KO2605541,0,0.03918552584133234,1,Mixer Grinder,prepaid_upi,0,2025-11
KO2605559,0,0.03199724916132317,0,Mixer Grinder,prepaid_upi,1,2025-11
KO2605540,0,0.02164348523731807,1,Induction Cooktop,prepaid_upi,0,2025-11
KO2605538,0,0.06773009375278555,0,Room Heater,prepaid_upi,0,2025-11
KO2605521,0,0.06217690174098005,0,Ceiling Fan,cod,0,2025-11
KO2605522,1,0.16962694619743898,0,Robot Vacuum,prepaid_upi,0,2025-11
KO2605523,0,0.056503938522802936,0,Mixer Grinder,prepaid_upi,0,2025-11
KO2605524,1,0.23643405579153806,0,Water Purifier,cod,1,2025-11
KO2605525,0,0.0253921607575751,0,Mixer Grinder,prepaid_upi,0,2025-11
KO2605526,0,0.07390108310028776,0,Induction Cooktop,emi,1,2025-11
KO2605527,0,0.09872191056096051,0,Ceiling Fan,cod,0,2025-11
KO2605528,0,0.09482965194998287,0,Water Purifier,cod,0,2025-11
KO2605529,0,0.1597587941417248,0,Robot Vacuum,prepaid_upi,1,2025-11
KO2605530,1,0.07358042065710757,0,Room Heater,prepaid_upi,0,2025-11
KO2605531,0,0.05424394500209126,0,Air Fryer,prepaid_upi,0,2025-11
KO2605532,0,0.02599050767868796,0,Induction Cooktop,prepaid_card,0,2025-11
KO2605533,0,0.0687327722132047,0,Induction Cooktop,cod,0,2025-11
KO2605534,0,0.09631282398696127,0,Robot Vacuum,prepaid_upi,0,2025-11
KO2605535,0,0.08263417775436886,0,Water Purifier,cod,0,2025-11
KO2605536,0,0.18806008205914648,1,Robot Vacuum,emi,0,2025-11
KO2605537,0,0.03997136948012531,0,Water Purifier,prepaid_card,0,2025-11
KO2605539,0,0.3084170369600125,1,Room Heater,cod,0,2025-11
KO2605520,1,0.48816713401429607,1,Induction Cooktop,prepaid_card,1,2025-11
KO2605560,0,0.13347228543798614,0,Room Heater,cod,0,2025-11
KO2605562,0,0.10960123412624473,1,Air Fryer,emi,0,2025-11
KO2605584,0,0.07027582365019346,0,Induction Cooktop,prepaid_upi,0,2025-11
KO2605585,0,0.025730212676273727,0,Ceiling Fan,prepaid_card,0,2025-11
KO2605586,0,0.06083919964343901,1,Water Purifier,prepaid_upi,0,2025-11
KO2605587,0,0.05536928932161712,0,Induction Cooktop,prepaid_upi,0,2025-11
KO2605588,0,0.03204104474869109,1,Ceiling Fan,emi,0,2025-11
KO2605589,0,0.03916064634483112,0,Induction Cooktop,prepaid_upi,0,2025-11
KO2605590,0,0.07401342883424128,0,Robot Vacuum,prepaid_upi,0,2025-11
KO2605591,1,0.23306211021682405,0,Induction Cooktop,prepaid_upi,2,2025-11
KO2605592,0,0.01656816993490366,0,Mixer Grinder,prepaid_upi,0,2025-11
KO2605593,0,0.04685775058003851,0,Water Purifier,prepaid_upi,0,2025-11
KO2605594,0,0.08563922053124182,0,Water Purifier,prepaid_card,0,2025-11
KO2605595,1,0.1648605567199368,0,Water Purifier,prepaid_upi,1,2025-11
KO2605596,0,0.12680240966720724,0,Induction Cooktop,cod,0,2025-11
KO2605597,0,0.16398642274579722,0,Mixer Grinder,prepaid_upi,1,2025-11
KO2605598,0,0.06975686355685431,0,Air Fryer,prepaid_upi,0,2025-11
KO2605599,0,0.04060020123849282,0,Room Heater,prepaid_upi,0,2025-11
KO2605600,0,0.1305076578047095,0,Air Fryer,cod,0,2025-11
KO2605583,0,0.03185733072886625,1,Mixer Grinder,prepaid_upi,0,2025-11
KO2605561,0,0.03205650143943245,0,Room Heater,prepaid_upi,0,2025-11
KO2605582,0,0.05354648712625146,0,Induction Cooktop,cod,0,2025-11
KO2605580,0,0.10243556497168681,0,Robot Vacuum,prepaid_upi,0,2025-11
KO2605563,0,0.05211448328306588,0,Room Heater,cod,0,2025-11
KO2605564,1,0.27086101909022064,1,Water Purifier,cod,0,2025-11
KO2605565,0,0.045684393730372225,0,Air Fryer,prepaid_upi,0,2025-11
KO2605566,0,0.6997036672449284,0,Room Heater,cod,2,2025-11
KO2605567,0,0.017308754299325792,0,Induction Cooktop,prepaid_upi,0,2025-11
KO2605568,0,0.11325248638910587,0,Air Fryer,cod,0,2025-11
KO2605569,0,0.053247640968953756,0,Air Fryer,prepaid_upi,0,2025-11
KO2605570,0,0.07106484726073335,0,Mixer Grinder,cod,0,2025-11
KO2605571,0,0.0900134927676829,0,Robot Vacuum,emi,0,2025-11
KO2605572,0,0.07636964324218107,0,Water Purifier,prepaid_upi,0,2025-11
KO2605573,0,0.01885947926882047,0,Room Heater,prepaid_upi,0,2025-11
KO2605574,0,0.017878431134756026,0,Ceiling Fan,prepaid_upi,0,2025-11
KO2605575,0,0.06103275242024026,0,Mixer Grinder,prepaid_upi,1,2025-11
KO2605576,0,0.015664814700383063,0,Induction Cooktop,prepaid_upi,0,2025-11
KO2605577,0,0.01752018065978078,0,Induction Cooktop,prepaid_card,0,2025-11
KO2605578,0,0.08727695502548616,0,Water Purifier,emi,1,2025-11
KO2605579,0,0.027520314459285444,0,Air Fryer,prepaid_upi,0,2025-11
KO2605581,0,0.04811884595666852,1,Ceiling Fan,prepaid_upi,0,2025-11
KO2605519,0,0.12616618387706935,0,Air Fryer,cod,0,2025-11
KO2605518,0,0.126556442327149,0,Room Heater,prepaid_card,0,2025-11
KO2605517,0,0.07222754341429437,0,Air Fryer,cod,0,2025-11
KO2605457,1,0.29292219104452843,0,Air Fryer,cod,0,2025-11
KO2605458,0,0.031245746057320088,0,Water Purifier,prepaid_card,0,2025-11
KO2605459,0,0.20887052560872496,0,Robot Vacuum,cod,0,2025-11
KO2605460,0,0.04702076961229941,0,Induction Cooktop,prepaid_card,0,2025-11
KO2605461,0,0.12814875740399054,0,Robot Vacuum,prepaid_upi,1,2025-11
KO2605462,0,0.027528874799299264,0,Ceiling Fan,prepaid_upi,0,2025-11
KO2605463,0,0.07153706088362492,1,Induction Cooktop,emi,0,2025-11
KO2605464,0,0.03361618460433553,0,Air Fryer,emi,0,2025-11
KO2605465,1,0.048235221472058304,0,Room Heater,prepaid_card,0,2025-11
KO2605466,0,0.02879984741131555,0,Room Heater,prepaid_upi,0,2025-11
KO2605467,0,0.05870900994112562,0,Ceiling Fan,prepaid_upi,0,2025-11
KO2605468,0,0.09682288258421469,0,Robot Vacuum,prepaid_upi,0,2025-11
KO2605469,0,0.026430891130570247,0,Mixer Grinder,prepaid_card,0,2025-11
KO2605470,0,0.02874313116295339,0,Room Heater,emi,0,2025-11
KO2605471,0,0.034614308897386765,0,Mixer Grinder,prepaid_card,0,2025-11
KO2605472,0,0.04254712048479147,0,Air Fryer,emi,0,2025-11
KO2605473,0,0.10427120115115607,1,Air Fryer,emi,1,2025-11
KO2605456,0,0.05746719908055091,0,Air Fryer,prepaid_card,0,2025-11
KO2605474,0,0.17657160305030636,1,Mixer Grinder,cod,0,2025-11
KO2605455,0,0.3078260937394402,1,Water Purifier,cod,0,2025-11
KO2605453,0,0.11936921854272295,0,Water Purifier,cod,0,2025-11
KO2605436,0,0.048339584349617874,0,Room Heater,prepaid_card,0,2025-11
KO2605437,1,0.3002161614225607,0,Robot Vacuum,cod,0,2025-11
KO2605438,0,0.017207770082517893,0,Ceiling Fan,prepaid_card,0,2025-11
KO2605439,1,0.23271322051222626,0,Water Purifier,cod,0,2025-11
KO2605440,0,0.06688690277948546,0,Air Fryer,emi,0,2025-11
KO2605441,0,0.024105907410321713,0,Mixer Grinder,emi,0,2025-11
KO2605442,0,0.028772128448279075,0,Air Fryer,prepaid_upi,0,2025-11
KO2605443,0,0.3264292523286007,0,Room Heater,cod,2,2025-11
KO2605444,0,0.08892660660929591,0,Room Heater,cod,0,2025-11
KO2605445,0,0.1744629185719908,1,Induction Cooktop,cod,0,2025-11
KO2605446,0,0.10198646691410158,0,Robot Vacuum,prepaid_upi,0,2025-11
KO2605447,0,0.24311621694179245,1,Robot Vacuum,prepaid_upi,0,2025-11
KO2605448,0,0.08957234509121255,1,Ceiling Fan,emi,0,2025-11
KO2605449,0,0.1433058131754003,1,Room Heater,cod,0,2025-11
KO2605450,0,0.020907496120507737,0,Mixer Grinder,prepaid_card,0,2025-11
KO2605451,0,0.10395030770406574,1,Mixer Grinder,prepaid_card,0,2025-11
KO2605452,1,0.2041720707692202,1,Robot Vacuum,prepaid_upi,0,2025-11
KO2605454,1,0.08696738421649992,0,Robot Vacuum,emi,0,2025-11
KO2605475,0,0.0572000382621122,0,Induction Cooktop,emi,0,2025-11
KO2605476,0,0.17569302718661986,0,Room Heater,cod,0,2025-11
KO2605477,0,0.045324463617323486,0,Air Fryer,prepaid_upi,0,2025-11
KO2605500,0,0.020820276255777974,0,Induction Cooktop,prepaid_card,0,2025-11
KO2605501,0,0.22122019122711484,1,Air Fryer,cod,0,2025-11
KO2605502,1,0.3306516308500371,0,Induction Cooktop,cod,2,2025-11
KO2605503,0,0.38348674337111716,1,Robot Vacuum,prepaid_upi,1,2025-11
KO2605504,0,0.08723408990757303,0,Air Fryer,emi,1,2025-11
KO2605505,0,0.02798416358702582,0,Mixer Grinder,prepaid_card,0,2025-11
KO2605506,0,0.07694853376116198,0,Room Heater,cod,0,2025-11
KO2605507,0,0.01868154651354607,0,Ceiling Fan,prepaid_card,0,2025-11
KO2605508,0,0.15552932128329527,1,Ceiling Fan,emi,0,2025-11
KO2605509,0,0.13069918173905595,0,Robot Vacuum,cod,0,2025-11
KO2605510,0,0.09852746676508409,1,Mixer Grinder,cod,0,2025-11
KO2605511,0,0.13401567869053388,1,Robot Vacuum,prepaid_card,0,2025-11
KO2605512,0,0.0755056588620574,1,Induction Cooktop,prepaid_upi,1,2025-11
KO2605513,0,0.09321877955903299,0,Air Fryer,cod,0,2025-11
KO2605514,0,0.04923395850336049,0,Ceiling Fan,prepaid_upi,0,2025-11
KO2605515,0,0.06590213446328219,0,Ceiling Fan,prepaid_card,0,2025-11
KO2605516,1,0.08741400412049873,0,Ceiling Fan,cod,0,2025-11
KO2605499,0,0.14121197150626916,0,Room Heater,prepaid_upi,1,2025-11
KO2605498,0,0.05190155550807742,1,Ceiling Fan,prepaid_upi,0,2025-11
KO2605497,0,0.06661619994155683,0,Robot Vacuum,prepaid_upi,0,2025-11
KO2605496,1,0.07308496654126692,0,Room Heater,prepaid_upi,1,2025-11
KO2605478,0,0.0494038883365722,0,Room Heater,cod,0,2025-11
KO2605479,0,0.057953839307495564,0,Ceiling Fan,cod,0,2025-11
KO2605480,0,0.2595127612348189,1,Air Fryer,emi,0,2025-11
KO2605481,0,0.038591312132088884,0,Air Fryer,prepaid_upi,0,2025-11
KO2605482,0,0.15207978423121982,0,Air Fryer,cod,0,2025-11
KO2605483,0,0.016665872522023856,0,Induction Cooktop,prepaid_upi,0,2025-11
KO2605484,0,0.5878982233929894,0,Room Heater,cod,2,2025-11
KO2605485,0,0.05829922184273817,0,Room Heater,prepaid_upi,0,2025-11
KO2605601,0,0.12368036194761305,1,Induction Cooktop,emi,0,2025-11
KO2605486,0,0.09926596145224012,1,Mixer Grinder,cod,0,2025-11
KO2605488,0,0.02876956606408653,0,Ceiling Fan,prepaid_upi,0,2025-11
KO2605489,0,0.062144192618964006,0,Room Heater,prepaid_upi,0,2025-11
KO2605490,0,0.03751752859957369,0,Induction Cooktop,cod,0,2025-11
KO2605491,0,0.13470671176872387,0,Water Purifier,prepaid_upi,0,2025-11
KO2605492,0,0.14923380237573663,0,Room Heater,cod,0,2025-11
KO2605493,0,0.02864087981528027,0,Induction Cooktop,prepaid_card,0,2025-11
KO2605494,0,0.18074729568190262,0,Water Purifier,cod,0,2025-11
KO2605495,0,0.13216308956850878,0,Mixer Grinder,cod,0,2025-11
KO2605487,0,0.026812027186151558,0,Room Heater,prepaid_upi,0,2025-11
KO2605435,0,0.01970739938479327,0,Mixer Grinder,prepaid_upi,0,2025-11
KO2605602,0,0.03361255061418926,0,Ceiling Fan,prepaid_upi,0,2025-11
KO2605604,0,0.10433792292790113,0,Air Fryer,cod,0,2025-11
KO2605711,0,0.031563324298667025,1,Induction Cooktop,prepaid_upi,0,2025-11
KO2605712,0,0.02745097657415821,0,Mixer Grinder,prepaid_upi,0,2025-11
KO2605713,0,0.047615662099940836,0,Mixer Grinder,prepaid_card,0,2025-11
KO2605714,0,0.03533143442798797,0,Induction Cooktop,prepaid_card,0,2025-11
KO2605715,0,0.029458923145422138,0,Mixer Grinder,prepaid_card,0,2025-11
KO2605716,0,0.0351332602412291,0,Room Heater,prepaid_upi,0,2025-11
KO2605717,0,0.09459558140571699,0,Air Fryer,prepaid_upi,0,2025-11
KO2605718,1,0.7266431405482721,1,Induction Cooktop,cod,2,2025-11
KO2605719,0,0.06428896727771899,0,Ceiling Fan,cod,0,2025-11
KO2605720,0,0.015522178231863464,0,Mixer Grinder,emi,0,2025-11
KO2605721,0,0.03914538851520473,0,Induction Cooktop,cod,0,2025-11
KO2605722,0,0.13267124159577862,0,Mixer Grinder,cod,0,2025-11
KO2605723,0,0.04719187576081816,0,Air Fryer,prepaid_card,0,2025-11
KO2605724,1,0.27690940944080566,1,Air Fryer,cod,0,2025-11
KO2605725,0,0.049660429852186806,0,Ceiling Fan,cod,0,2025-11
KO2605726,0,0.05674586689817671,0,Robot Vacuum,prepaid_card,0,2025-11
KO2605727,1,0.22853794334895283,0,Robot Vacuum,prepaid_upi,0,2025-11
KO2605710,0,0.11173313174943515,0,Air Fryer,prepaid_card,0,2025-11
KO2605728,0,0.03605260257304246,1,Induction Cooktop,prepaid_card,0,2025-11
KO2605709,0,0.025514053412913774,0,Room Heater,emi,0,2025-11
KO2605707,0,0.03467593901360075,0,Ceiling Fan,cod,0,2025-11
KO2605690,0,0.303086436038322,0,Air Fryer,cod,0,2025-11
KO2605691,0,0.030318774167079184,0,Air Fryer,prepaid_card,0,2025-11
KO2605692,0,0.07923399007233733,0,Air Fryer,prepaid_card,0,2025-11
KO2605693,0,0.0894846958378456,1,Robot Vacuum,prepaid_upi,0,2025-11
KO2605694,0,0.12380824421195749,0,Water Purifier,prepaid_card,1,2025-11
KO2605695,0,0.16866203311962047,1,Robot Vacuum,prepaid_card,0,2025-11
KO2605696,0,0.03107622123254402,0,Ceiling Fan,prepaid_upi,0,2025-11
KO2605697,0,0.08668721820859546,0,Water Purifier,prepaid_upi,0,2025-11
KO2605698,1,0.05122539544827445,0,Air Fryer,prepaid_upi,0,2025-11
KO2605699,0,0.1412417663081383,1,Room Heater,prepaid_upi,0,2025-11
KO2605700,0,0.16560135180068417,0,Mixer Grinder,cod,1,2025-11
KO2605701,0,0.28261670125285576,0,Robot Vacuum,cod,1,2025-11
KO2605702,0,0.04733424435397379,0,Induction Cooktop,cod,0,2025-11
KO2605703,1,0.11260020518706305,0,Water Purifier,prepaid_card,1,2025-11
KO2605704,0,0.03340873046071934,0,Air Fryer,prepaid_upi,0,2025-11
KO2605705,0,0.010998543625406832,0,Ceiling Fan,prepaid_upi,0,2025-11
KO2605706,0,0.01111107896391541,0,Ceiling Fan,emi,0,2025-11
KO2605708,0,0.04224097697151358,0,Ceiling Fan,prepaid_upi,0,2025-11
KO2605689,0,0.21417479268737247,0,Air Fryer,cod,1,2025-11
KO2605729,0,0.04545731195995296,0,Water Purifier,prepaid_card,0,2025-11
KO2605731,0,0.12539447822427016,0,Robot Vacuum,prepaid_upi,0,2025-11
KO2605753,1,0.06646705692750697,0,Mixer Grinder,cod,0,2025-11
KO2605754,0,0.028996211941915376,0,Mixer Grinder,prepaid_upi,0,2025-11
KO2605755,0,0.08336839455918409,1,Room Heater,prepaid_card,0,2025-11
KO2605756,0,0.15390588851766043,1,Air Fryer,prepaid_upi,0,2025-11
KO2605757,0,0.09169592577657344,0,Robot Vacuum,prepaid_upi,0,2025-11
KO2605758,0,0.11037024386902523,0,Induction Cooktop,prepaid_upi,0,2025-11
KO2605759,0,0.19182165919025548,1,Air Fryer,prepaid_upi,0,2025-11
KO2605760,1,0.42803962250570277,1,Water Purifier,cod,0,2025-11
KO2605761,0,0.08500327504743435,1,Water Purifier,prepaid_upi,0,2025-11
KO2605762,0,0.33553575608922115,0,Robot Vacuum,cod,1,2025-11
KO2605763,0,0.038151723960943414,0,Water Purifier,prepaid_upi,0,2025-11
KO2605764,0,0.1291278644257774,0,Room Heater,cod,0,2025-11
KO2605765,0,0.046420816070782224,0,Ceiling Fan,cod,0,2025-11
KO2605766,0,0.1143306584995736,0,Room Heater,cod,0,2025-11
KO2605767,0,0.12914605836685922,0,Room Heater,cod,0,2025-11
KO2605768,0,0.18694994677137264,0,Robot Vacuum,cod,0,2025-11
KO2605769,1,0.05376253838839685,0,Room Heater,cod,0,2025-11
KO2605752,0,0.16429443391052134,0,Water Purifier,cod,0,2025-11
KO2605730,0,0.13905382887007978,0,Room Heater,emi,0,2025-11
KO2605751,0,0.02370939260815092,0,Induction Cooktop,prepaid_card,0,2025-11
KO2605749,0,0.17734193047979524,1,Room Heater,prepaid_card,0,2025-11
KO2605732,0,0.012107455596569054,0,Ceiling Fan,prepaid_upi,0,2025-11
KO2605733,0,0.04598550538452952,0,Mixer Grinder,prepaid_upi,0,2025-11
KO2605734,0,0.09914773463340346,0,Ceiling Fan,prepaid_upi,1,2025-11
KO2605735,1,0.1262379492125161,1,Robot Vacuum,prepaid_card,0,2025-11
KO2605736,0,0.0687856015683612,0,Water Purifier,emi,0,2025-11
KO2605737,0,0.20686919705645135,0,Room Heater,cod,0,2025-11
KO2605738,0,0.1897626496291945,0,Robot Vacuum,cod,0,2025-11
KO2605739,0,0.0824065449671465,0,Robot Vacuum,prepaid_card,0,2025-11
KO2605740,0,0.10029841773879691,0,Room Heater,cod,0,2025-11
KO2605741,0,0.029425905443501568,0,Ceiling Fan,prepaid_upi,0,2025-11
KO2605742,0,0.11787145977866134,0,Air Fryer,cod,0,2025-11
KO2605743,0,0.15567170426139781,1,Mixer Grinder,cod,0,2025-11
KO2605744,0,0.14804803928796947,0,Induction Cooktop,cod,0,2025-11
KO2605745,0,0.04839981928051675,0,Mixer Grinder,prepaid_card,0,2025-11
KO2605746,0,0.05147439519497781,0,Room Heater,cod,0,2025-11
KO2605747,0,0.19980883357638715,1,Induction Cooktop,prepaid_upi,0,2025-11
KO2605748,0,0.2797858871586715,0,Robot Vacuum,cod,0,2025-11
KO2605750,0,0.04018700003513222,0,Room Heater,prepaid_upi,0,2025-11
KO2605688,0,0.30031617431890334,1,Ceiling Fan,cod,1,2025-11
KO2605687,0,0.1409402533144762,1,Induction Cooktop,emi,0,2025-11
KO2605686,0,0.03250207217074104,0,Air Fryer,prepaid_upi,0,2025-11
KO2605626,0,0.04701300997821806,0,Air Fryer,cod,0,2025-11
KO2605627,1,0.17028994585165175,1,Room Heater,cod,0,2025-11
KO2605628,0,0.07855500182775002,0,Room Heater,prepaid_upi,0,2025-11
KO2605629,0,0.06719659939296549,0,Air Fryer,prepaid_upi,0,2025-11
KO2605630,0,0.07227079926604758,0,Room Heater,prepaid_card,0,2025-11
KO2605631,0,0.10879267423167087,0,Room Heater,prepaid_card,0,2025-11
KO2605632,0,0.11916051960123665,1,Induction Cooktop,cod,0,2025-11
KO2605633,0,0.23196009974743514,0,Induction Cooktop,cod,0,2025-11
KO2605634,0,0.1773531375501716,0,Mixer Grinder,cod,0,2025-11
KO2605635,0,0.1714966558854504,0,Robot Vacuum,prepaid_upi,0,2025-11
KO2605636,1,0.3379016399930916,1,Water Purifier,prepaid_upi,1,2025-11
KO2605637,0,0.04615947648521537,0,Mixer Grinder,prepaid_upi,0,2025-11
KO2605638,0,0.1258414370544969,0,Robot Vacuum,prepaid_card,0,2025-11
KO2605639,0,0.03687833377782243,0,Room Heater,prepaid_card,0,2025-11
KO2605640,0,0.08239307111991036,0,Room Heater,emi,1,2025-11
KO2605641,0,0.02673704892590592,0,Water Purifier,prepaid_upi,0,2025-11
KO2605642,0,0.029105720147956458,0,Room Heater,prepaid_card,0,2025-11
KO2605625,0,0.044014070883461896,0,Room Heater,prepaid_upi,0,2025-11
KO2605643,0,0.008964402887388331,0,Ceiling Fan,emi,0,2025-11
KO2605624,0,0.04826962873369264,0,Induction Cooktop,cod,0,2025-11
KO2605622,0,0.06460102469090644,0,Robot Vacuum,prepaid_upi,0,2025-11
KO2605605,0,0.12530916039471035,0,Robot Vacuum,emi,0,2025-11
KO2605606,0,0.14566437165912932,0,Water Purifier,prepaid_upi,0,2025-11
KO2605607,0,0.3662301843016631,1,Water Purifier,emi,0,2025-11
KO2605608,0,0.04928584042931201,0,Water Purifier,prepaid_card,0,2025-11
KO2605609,0,0.017969074752958274,0,Induction Cooktop,emi,0,2025-11
KO2605610,0,0.06419747883031755,0,Mixer Grinder,prepaid_upi,1,2025-11
KO2605611,0,0.014957065980078921,0,Induction Cooktop,prepaid_upi,0,2025-11
KO2605612,0,0.032323397258190195,0,Air Fryer,emi,0,2025-11
KO2605613,0,0.1927548832460772,1,Mixer Grinder,cod,0,2025-11
KO2605614,0,0.14955951042091753,1,Room Heater,prepaid_upi,0,2025-11
KO2605615,0,0.046315868693345565,0,Ceiling Fan,cod,0,2025-11
KO2605616,0,0.027885460055696195,0,Water Purifier,prepaid_upi,0,2025-11
KO2605617,0,0.05977141278391603,0,Air Fryer,prepaid_upi,0,2025-11
KO2605618,0,0.04645614827587926,0,Air Fryer,emi,0,2025-11
KO2605619,0,0.12054383050897419,0,Air Fryer,prepaid_upi,0,2025-11
KO2605620,0,0.15913129009854265,0,Mixer Grinder,cod,0,2025-11
KO2605621,0,0.15766176849687183,0,Robot Vacuum,cod,0,2025-11
KO2605623,0,0.40931461520351603,1,Robot Vacuum,cod,0,2025-11
KO2605644,0,0.04349606280091097,0,Air Fryer,prepaid_card,0,2025-11
KO2605645,0,0.065923276997709,0,Room Heater,cod,0,2025-11
KO2605646,0,0.06705810549875266,0,Air Fryer,prepaid_upi,0,2025-11
KO2605669,0,0.023809707296567874,0,Mixer Grinder,prepaid_upi,0,2025-11
KO2605670,1,0.04065656823855997,0,Room Heater,prepaid_card,0,2025-11
KO2605671,0,0.07532129560996083,1,Water Purifier,prepaid_card,0,2025-11
KO2605672,1,0.11885793838740932,1,Robot Vacuum,prepaid_upi,0,2025-11
KO2605673,0,0.18888960012328496,1,Mixer Grinder,cod,0,2025-11
KO2605674,0,0.0948689669147861,1,Air Fryer,prepaid_upi,0,2025-11
KO2605675,0,0.11615993635560158,1,Robot Vacuum,prepaid_upi,0,2025-11
KO2605676,0,0.058621694659316624,1,Mixer Grinder,prepaid_card,0,2025-11
KO2605677,0,0.08453547875459273,0,Room Heater,prepaid_card,0,2025-11
KO2605678,0,0.04473706670169706,0,Mixer Grinder,cod,0,2025-11
KO2605679,0,0.025636335078258573,0,Room Heater,prepaid_card,0,2025-11
KO2605680,0,0.11759236619014148,1,Ceiling Fan,prepaid_upi,0,2025-11
KO2605681,0,0.19222864027279887,1,Air Fryer,prepaid_upi,0,2025-11
KO2605682,0,0.0520759636908284,0,Ceiling Fan,prepaid_upi,0,2025-11
KO2605683,0,0.10178409416833813,0,Robot Vacuum,prepaid_upi,0,2025-11
KO2605684,0,0.04155217478810328,0,Ceiling Fan,prepaid_card,0,2025-11
KO2605685,0,0.05554048822750998,0,Room Heater,prepaid_card,0,2025-11
KO2605668,0,0.019807813439722568,0,Ceiling Fan,prepaid_upi,0,2025-11
KO2605667,0,0.2602473535130654,0,Water Purifier,cod,1,2025-11
KO2605666,1,0.7914404319102295,0,Robot Vacuum,prepaid_card,4,2025-11
KO2605665,0,0.022604157128905226,0,Ceiling Fan,prepaid_upi,0,2025-11
KO2605647,0,0.07209975897724474,0,Air Fryer,prepaid_upi,0,2025-11
KO2605648,1,0.126521740002122,0,Mixer Grinder,prepaid_upi,1,2025-11
KO2605649,0,0.012832687021590121,0,Induction Cooktop,emi,0,2025-11
KO2605650,0,0.07642519952111575,0,Room Heater,prepaid_upi,1,2025-11
KO2605651,0,0.1447344184891193,0,Water Purifier,cod,0,2025-11
KO2605652,0,0.08290646742670615,1,Air Fryer,emi,0,2025-11
KO2605653,1,0.03822819465055647,0,Robot Vacuum,prepaid_upi,0,2025-11
KO2605654,0,0.08918735473054491,0,Ceiling Fan,cod,1,2025-11
KO2605603,0,0.12635916329491637,0,Air Fryer,prepaid_card,0,2025-11
KO2605655,1,0.43845632817005614,0,Robot Vacuum,emi,2,2025-11
KO2605657,0,0.11337038364094627,0,Induction Cooktop,cod,0,2025-11
KO2605658,0,0.014876131859787011,0,Mixer Grinder,prepaid_upi,0,2025-11
KO2605659,0,0.1327588215974722,1,Water Purifier,prepaid_upi,0,2025-11
KO2605660,1,0.16600831980556296,0,Induction Cooktop,cod,1,2025-11
KO2605661,0,0.017124225862063646,0,Ceiling Fan,prepaid_upi,0,2025-11
KO2605662,0,0.03726662481047809,0,Room Heater,prepaid_upi,0,2025-11
KO2605663,0,0.2570965911332898,1,Room Heater,prepaid_upi,1,2025-11
KO2605664,0,0.0703743820520166,0,Room Heater,emi,0,2025-11
KO2605656,0,0.048272418429512944,0,Robot Vacuum,prepaid_upi,0,2025-11
KO2605770,0,0.04069275006727085,0,Room Heater,prepaid_upi,0,2025-11
KO2605434,0,0.2318321629962108,1,Robot Vacuum,emi,0,2025-11
KO2605432,1,0.05962224918844316,0,Air Fryer,prepaid_card,0,2025-11
KO2605204,0,0.26903687521070124,0,Robot Vacuum,cod,0,2025-11
KO2605205,1,0.23557167090178927,1,Induction Cooktop,cod,0,2025-11
KO2605206,0,0.06254782236403478,1,Mixer Grinder,prepaid_upi,0,2025-11
KO2605207,0,0.03205372443615665,0,Mixer Grinder,prepaid_card,0,2025-11
KO2605208,0,0.14968833017901956,0,Room Heater,cod,0,2025-11
KO2605209,0,0.0332885903523106,0,Air Fryer,prepaid_upi,0,2025-11
KO2605210,0,0.05768015073831189,1,Air Fryer,prepaid_upi,0,2025-11
KO2605211,0,0.09861526203110273,0,Air Fryer,prepaid_upi,1,2025-11
KO2605212,0,0.1379012492109372,0,Room Heater,cod,0,2025-11
KO2605213,0,0.0568640781676195,0,Ceiling Fan,cod,0,2025-11
KO2605214,0,0.0551548452691628,0,Induction Cooktop,cod,0,2025-11
KO2605215,0,0.24619378102880055,0,Mixer Grinder,cod,0,2025-11
KO2605216,0,0.10795422494874972,1,Water Purifier,prepaid_upi,0,2025-11
KO2605217,0,0.045651356611930226,0,Mixer Grinder,prepaid_upi,1,2025-11
KO2605218,0,0.18125512972926164,0,Room Heater,cod,0,2025-11
KO2605219,1,0.5430723461242419,0,Water Purifier,prepaid_upi,2,2025-11
KO2605220,0,0.034714899031148515,0,Mixer Grinder,prepaid_card,0,2025-11
KO2605203,0,0.6481302002582988,1,Water Purifier,cod,0,2025-11
KO2605221,0,0.03395296443145212,0,Mixer Grinder,prepaid_upi,0,2025-11
KO2605202,0,0.19072668045855673,1,Water Purifier,prepaid_upi,0,2025-11
KO2605200,0,0.13500167272204114,1,Air Fryer,prepaid_upi,0,2025-11
KO2605183,0,0.1345969241258455,1,Mixer Grinder,cod,0,2025-11
KO2605184,0,0.2664058906086675,0,Robot Vacuum,cod,0,2025-11
KO2605185,0,0.05074260754620827,0,Water Purifier,prepaid_card,0,2025-11
KO2605186,1,0.06597260709288987,0,Induction Cooktop,cod,0,2025-11
KO2605187,0,0.06318494987969124,0,Induction Cooktop,prepaid_upi,0,2025-11
KO2605188,0,0.04414589830959876,0,Induction Cooktop,cod,0,2025-11
KO2605189,0,0.024636501969501963,0,Room Heater,prepaid_upi,0,2025-11
KO2605190,1,0.08714315565640514,0,Robot Vacuum,emi,0,2025-11
KO2605191,0,0.04701009707271423,0,Ceiling Fan,prepaid_card,0,2025-11
KO2605192,0,0.1315810419329303,0,Robot Vacuum,prepaid_upi,1,2025-11
KO2605193,0,0.04554516304580173,0,Air Fryer,prepaid_card,0,2025-11
KO2605194,0,0.1790572018642026,1,Water Purifier,prepaid_upi,0,2025-11
KO2605195,0,0.039281464451347455,0,Air Fryer,emi,0,2025-11
KO2605196,0,0.015644558234663253,0,Mixer Grinder,emi,0,2025-11
KO2605197,0,0.09183003480611034,1,Robot Vacuum,prepaid_upi,0,2025-11
KO2605198,0,0.06831229785630041,1,Ceiling Fan,prepaid_card,0,2025-11
KO2605199,0,0.21878964426037104,0,Air Fryer,prepaid_upi,0,2025-11
KO2605201,0,0.04566772581152601,0,Mixer Grinder,prepaid_upi,0,2025-11
KO2605182,0,0.08822889036523318,0,Robot Vacuum,prepaid_upi,0,2025-11
KO2605222,0,0.04227952440540127,0,Ceiling Fan,prepaid_upi,0,2025-11
KO2605224,0,0.030677824996896294,0,Induction Cooktop,prepaid_card,0,2025-11
KO2605246,0,0.08613395807776453,0,Room Heater,emi,1,2025-11
KO2605247,0,0.14829114153584505,0,Robot Vacuum,cod,0,2025-11
KO2605248,1,0.35400708069456044,0,Water Purifier,emi,1,2025-11
KO2605249,0,0.15338838247333986,0,Water Purifier,prepaid_card,0,2025-11
KO2605250,0,0.0278409035669357,0,Robot Vacuum,prepaid_upi,0,2025-11
KO2605251,0,0.028173658708053214,0,Room Heater,prepaid_card,0,2025-11
KO2605252,0,0.020510047698005494,0,Ceiling Fan,prepaid_card,0,2025-11
KO2605253,0,0.0869882789102213,0,Water Purifier,prepaid_upi,0,2025-11
KO2605254,0,0.10933982586142543,0,Room Heater,cod,0,2025-11
KO2605255,0,0.014806011557370196,0,Induction Cooktop,prepaid_card,0,2025-11
KO2605256,0,0.020556942970685898,0,Induction Cooktop,emi,0,2025-11
KO2605257,0,0.0942819170405083,0,Robot Vacuum,prepaid_upi,0,2025-11
KO2605258,1,0.16729435112271454,0,Robot Vacuum,cod,0,2025-11
KO2605259,1,0.18246991727352357,0,Mixer Grinder,cod,0,2025-11
KO2605261,0,0.10389137798738644,0,Water Purifier,emi,0,2025-11
KO2605262,0,0.04812541120471779,0,Induction Cooktop,emi,0,2025-11
KO2605245,0,0.026118070700289434,0,Ceiling Fan,prepaid_upi,0,2025-11
KO2605223,1,0.20026503099803686,1,Robot Vacuum,emi,0,2025-11
KO2605244,0,0.15577294685807272,0,Ceiling Fan,cod,0,2025-11
KO2605242,0,0.04668966499459036,0,Air Fryer,prepaid_card,0,2025-11
KO2605225,1,0.04816812945950352,0,Induction Cooktop,cod,0,2025-11
KO2605226,0,0.0524210197226695,1,Mixer Grinder,prepaid_upi,0,2025-11
KO2605227,0,0.01690208084654357,0,Ceiling Fan,prepaid_upi,0,2025-11
KO2605228,1,0.566021151019698,0,Room Heater,cod,2,2025-11
KO2605229,0,0.02986611661715339,0,Ceiling Fan,prepaid_card,0,2025-11
KO2605230,0,0.025031627420526618,0,Ceiling Fan,emi,0,2025-11
KO2605231,0,0.04177850081970111,0,Room Heater,prepaid_card,0,2025-11
KO2605232,0,0.04489694652920187,0,Induction Cooktop,prepaid_card,0,2025-11
KO2605233,0,0.2820446518011346,1,Robot Vacuum,prepaid_card,0,2025-11
KO2605234,0,0.0745072414365252,0,Robot Vacuum,prepaid_upi,0,2025-11
KO2605235,0,0.05094477854410249,0,Ceiling Fan,emi,0,2025-11
KO2605236,0,0.1793812916573509,1,Room Heater,prepaid_card,0,2025-11
KO2605237,0,0.02651789471680878,0,Air Fryer,emi,0,2025-11
KO2605238,0,0.05688481941412157,0,Ceiling Fan,prepaid_upi,0,2025-11
KO2605239,0,0.020953062403189872,0,Room Heater,prepaid_upi,0,2025-11
KO2605240,0,0.03885380515071463,0,Robot Vacuum,prepaid_upi,0,2025-11
KO2605241,0,0.10251659819805642,0,Air Fryer,prepaid_card,0,2025-11
KO2605243,0,0.05492832248671118,0,Room Heater,cod,0,2025-11
KO2605181,0,0.0348995236976074,0,Induction Cooktop,emi,0,2025-11
KO2605180,0,0.07139522072025625,0,Robot Vacuum,prepaid_card,0,2025-11
KO2605179,0,0.11608246846285457,0,Air Fryer,cod,0,2025-11
KO2605119,1,0.06842303299143969,0,Air Fryer,prepaid_card,0,2025-11
KO2605120,0,0.06672380025003746,0,Water Purifier,prepaid_upi,0,2025-11
KO2605121,1,0.13586056076957984,0,Air Fryer,prepaid_upi,0,2025-11
KO2605122,0,0.25174033434016396,1,Water Purifier,cod,0,2025-11
KO2605123,0,0.04970079723500152,0,Robot Vacuum,prepaid_upi,0,2025-11
KO2605124,0,0.058323735100399184,0,Mixer Grinder,emi,0,2025-11
KO2605125,1,0.08345624781916357,0,Room Heater,cod,0,2025-11
KO2605126,0,0.01332486605784231,0,Ceiling Fan,prepaid_upi,0,2025-11
KO2605127,0,0.18149716263521515,0,Water Purifier,cod,0,2025-11
KO2605128,0,0.06986819026513451,0,Ceiling Fan,cod,0,2025-11
KO2605129,0,0.06536175472070561,0,Mixer Grinder,cod,0,2025-11
KO2605130,0,0.04657628898610232,0,Induction Cooktop,prepaid_upi,1,2025-11
KO2605131,0,0.07380882976184919,0,Ceiling Fan,cod,0,2025-11
KO2605132,1,0.8468774454934561,0,Water Purifier,cod,4,2025-11
KO2605133,0,0.16994316802905432,0,Water Purifier,prepaid_card,0,2025-11
KO2605134,0,0.16489459861760317,1,Air Fryer,prepaid_upi,0,2025-11
KO2605135,0,0.0323334019486905,0,Ceiling Fan,emi,0,2025-11
KO2605118,0,0.13164852335617852,1,Robot Vacuum,prepaid_card,0,2025-11
KO2605136,0,0.05234164957889739,0,Water Purifier,prepaid_card,0,2025-11
KO2605117,1,0.29439406199491397,0,Room Heater,prepaid_card,1,2025-11
KO2605115,0,0.2868166534437875,0,Ceiling Fan,prepaid_card,3,2025-11
KO2605098,0,0.09050566654449403,1,Water Purifier,prepaid_upi,0,2025-11
KO2605099,0,0.16376041215048456,0,Ceiling Fan,cod,0,2025-11
KO2605100,0,0.04159762156662885,0,Ceiling Fan,cod,0,2025-11
KO2605101,0,0.13518660816840106,1,Robot Vacuum,prepaid_card,0,2025-11
KO2605102,1,0.07003885053519786,0,Ceiling Fan,cod,0,2025-11
KO2605103,0,0.038040057267807965,0,Room Heater,prepaid_upi,0,2025-11
KO2605104,0,0.04004058305252014,0,Mixer Grinder,prepaid_card,0,2025-11
KO2605105,1,0.022216247132776236,0,Induction Cooktop,prepaid_upi,0,2025-11
KO2605106,0,0.04705431625735944,0,Ceiling Fan,prepaid_upi,0,2025-11
KO2605107,0,0.10130806747749871,0,Robot Vacuum,prepaid_upi,0,2025-11
KO2605108,0,0.0810435405324962,0,Room Heater,prepaid_card,0,2025-11
KO2605109,0,0.2629889870362933,0,Robot Vacuum,cod,1,2025-11
KO2605110,0,0.06436252272633189,0,Air Fryer,prepaid_card,0,2025-11
KO2605111,0,0.013731466456950754,0,Induction Cooktop,prepaid_card,0,2025-11
KO2605112,0,0.12040954040294506,1,Mixer Grinder,cod,0,2025-11
KO2605113,0,0.034802198947149074,0,Ceiling Fan,prepaid_upi,1,2025-11
KO2605114,0,0.08777009307281468,0,Air Fryer,cod,0,2025-11
KO2605116,1,0.15301161586698883,0,Air Fryer,cod,0,2025-11
KO2605137,0,0.027432403690392706,0,Ceiling Fan,prepaid_card,0,2025-11
KO2605138,0,0.5262053975025965,0,Ceiling Fan,prepaid_upi,4,2025-11
KO2605139,1,0.10434977254019824,1,Induction Cooktop,prepaid_card,0,2025-11
KO2605162,1,0.12374948000665498,0,Water Purifier,cod,0,2025-11
KO2605163,0,0.06536175472070561,0,Mixer Grinder,cod,0,2025-11
KO2605164,0,0.06299213804633261,0,Water Purifier,prepaid_card,0,2025-11
KO2605165,0,0.11967063112721174,1,Air Fryer,prepaid_card,0,2025-11
KO2605166,0,0.05256523623885955,0,Induction Cooktop,cod,0,2025-11
KO2605167,0,0.12585947273622922,0,Air Fryer,cod,0,2025-11
KO2605168,0,0.2597233712485607,1,Water Purifier,prepaid_upi,1,2025-11
KO2605169,0,0.26913628009318974,1,Robot Vacuum,cod,0,2025-11
KO2605170,0,0.20924738865368414,0,Air Fryer,cod,0,2025-11
KO2605171,0,0.08800035497089577,0,Robot Vacuum,prepaid_upi,0,2025-11
KO2605172,0,0.014692493672658116,0,Ceiling Fan,prepaid_card,0,2025-11
KO2605173,0,0.03660610987330465,0,Room Heater,emi,0,2025-11
KO2605174,0,0.15214861348725647,1,Robot Vacuum,prepaid_upi,0,2025-11
KO2605175,0,0.049061199242797573,1,Induction Cooktop,prepaid_upi,0,2025-11
KO2605176,0,0.19843261616518437,0,Room Heater,cod,1,2025-11
KO2605177,0,0.09101099850496897,0,Mixer Grinder,cod,0,2025-11
KO2605178,0,0.14749100698553286,0,Induction Cooktop,cod,0,2025-11
KO2605161,0,0.2180299573512752,1,Robot Vacuum,cod,0,2025-11
KO2605160,0,0.14530554589535735,1,Robot Vacuum,prepaid_upi,0,2025-11
KO2605159,0,0.013859879358433051,0,Mixer Grinder,prepaid_card,0,2025-11
KO2605158,0,0.06586117349709217,0,Water Purifier,prepaid_card,0,2025-11
KO2605140,0,0.05342052708791368,0,Room Heater,prepaid_upi,0,2025-11
KO2605141,0,0.05381475662747523,0,Ceiling Fan,cod,0,2025-11
KO2605142,0,0.034452003432911674,0,Air Fryer,prepaid_upi,0,2025-11
KO2605143,0,0.402299557826965,0,Room Heater,cod,1,2025-11
KO2605144,0,0.07369309831313597,0,Air Fryer,emi,0,2025-11
KO2605145,0,0.023361434325375997,0,Induction Cooktop,prepaid_upi,0,2025-11
KO2605146,0,0.011769437651263146,0,Mixer Grinder,prepaid_upi,0,2025-11
KO2605147,0,0.21425935581886088,0,Water Purifier,cod,0,2025-11
KO2605263,0,0.02148898420241397,0,Mixer Grinder,emi,0,2025-11
KO2605148,0,0.40781784287652334,1,Air Fryer,cod,0,2025-11
KO2605150,1,0.07094568107958886,0,Air Fryer,prepaid_upi,0,2025-11
KO2605151,0,0.020708003956133036,0,Mixer Grinder,prepaid_upi,1,2025-11
KO2605152,0,0.1131784698747803,0,Robot Vacuum,prepaid_card,0,2025-11
KO2605153,0,0.11394139595147652,0,Room Heater,cod,0,2025-11
KO2605154,0,0.1357868189474884,0,Water Purifier,cod,0,2025-11
KO2605155,0,0.09435809625530323,0,Ceiling Fan,cod,0,2025-11
KO2605156,0,0.03419295354055563,0,Air Fryer,prepaid_upi,0,2025-11
KO2605157,0,0.20339747030274222,0,Ceiling Fan,cod,0,2025-11
KO2605149,0,0.05244569994119584,0,Induction Cooktop,prepaid_upi,1,2025-11
KO2605433,0,0.019901900277408416,0,Ceiling Fan,prepaid_upi,0,2025-11
KO2605264,0,0.03592280464538843,0,Air Fryer,emi,0,2025-11
KO2605266,0,0.04556298700455824,0,Water Purifier,prepaid_card,0,2025-11
KO2605373,1,0.5332900128797157,1,Ceiling Fan,prepaid_card,2,2025-11
KO2605374,0,0.04221257778174423,0,Mixer Grinder,prepaid_upi,0,2025-11
KO2605375,1,0.31431088142491265,0,Robot Vacuum,cod,0,2025-11
KO2605376,0,0.07557855065170281,0,Ceiling Fan,cod,0,2025-11
KO2605377,0,0.10376937482454102,0,Water Purifier,prepaid_upi,1,2025-11
KO2605378,0,0.052474939855132206,1,Induction Cooktop,prepaid_upi,0,2025-11
KO2605379,0,0.0385460679964302,0,Room Heater,prepaid_upi,0,2025-11
KO2605380,1,0.25993531167061323,0,Robot Vacuum,cod,0,2025-11
KO2605381,0,0.11968018992604612,0,Room Heater,cod,0,2025-11
KO2605382,0,0.02694629872992799,0,Room Heater,prepaid_upi,0,2025-11
KO2605383,1,0.18363433352003988,0,Robot Vacuum,cod,0,2025-11
KO2605384,0,0.05154821811854087,0,Induction Cooktop,cod,0,2025-11
KO2605385,0,0.16026174460851417,0,Air Fryer,prepaid_upi,1,2025-11
KO2605386,1,0.11457403644515383,1,Room Heater,prepaid_upi,0,2025-11
KO2605387,0,0.09437485623928761,0,Water Purifier,emi,0,2025-11
KO2605388,0,0.061587273601115086,0,Air Fryer,cod,0,2025-11
KO2605389,0,0.09530743178972544,0,Water Purifier,prepaid_card,0,2025-11
KO2605372,0,0.08674650590246719,0,Robot Vacuum,emi,0,2025-11
KO2605390,0,0.07721221708977168,0,Water Purifier,prepaid_card,0,2025-11
KO2605371,1,0.12422671527087024,0,Mixer Grinder,prepaid_card,1,2025-11
KO2605369,0,0.21412986783452387,0,Room Heater,prepaid_card,2,2025-11
KO2605352,0,0.01954856981516837,0,Mixer Grinder,prepaid_card,0,2025-11
KO2605353,0,0.07897356082645231,0,Water Purifier,prepaid_upi,0,2025-11
KO2605354,1,0.03394571262361795,0,Mixer Grinder,prepaid_upi,0,2025-11
KO2605355,0,0.06824022415110341,0,Robot Vacuum,prepaid_upi,0,2025-11
KO2605356,0,0.06447671874872689,0,Induction Cooktop,prepaid_card,0,2025-11
KO2605357,0,0.25176337116648695,0,Air Fryer,prepaid_upi,1,2025-11
KO2605358,0,0.01107910876152905,0,Mixer Grinder,emi,0,2025-11
KO2605359,0,0.20500202497692666,0,Ceiling Fan,prepaid_upi,2,2025-11
KO2605360,0,0.039376011781638694,0,Induction Cooktop,emi,0,2025-11
KO2605361,0,0.0767773555322453,0,Water Purifier,prepaid_upi,0,2025-11
KO2605362,0,0.0596438282036267,0,Water Purifier,prepaid_upi,0,2025-11
KO2605363,0,0.29217159285606625,1,Induction Cooktop,cod,0,2025-11
KO2605364,0,0.04925744581053891,0,Water Purifier,prepaid_upi,0,2025-11
KO2605365,1,0.1274501809644177,0,Air Fryer,prepaid_upi,0,2025-11
KO2605366,0,0.023185866254295674,0,Water Purifier,prepaid_card,0,2025-11
KO2605367,0,0.11939908710301537,1,Induction Cooktop,cod,0,2025-11
KO2605368,0,0.0886762363083706,0,Room Heater,cod,0,2025-11
KO2605370,1,0.4757551495388948,1,Water Purifier,cod,1,2025-11
KO2605351,0,0.20336261345922782,0,Water Purifier,prepaid_upi,0,2025-11
KO2605391,0,0.18582530890661372,0,Induction Cooktop,prepaid_card,2,2025-11
KO2605393,0,0.05040025468558524,0,Room Heater,prepaid_upi,0,2025-11
KO2605415,0,0.061171395661553774,1,Room Heater,prepaid_upi,0,2025-11
KO2605416,0,0.04644882775336068,0,Ceiling Fan,cod,0,2025-11
KO2605417,0,0.022272764851181733,0,Ceiling Fan,prepaid_upi,0,2025-11
KO2605418,0,0.044289891363794846,1,Ceiling Fan,prepaid_upi,0,2025-11
KO2605419,0,0.06206558526045008,1,Mixer Grinder,prepaid_card,0,2025-11
KO2605420,0,0.028307967636713165,0,Room Heater,prepaid_card,0,2025-11
KO2605421,0,0.01918588599336402,0,Water Purifier,prepaid_card,0,2025-11
KO2605422,0,0.020479424570416776,0,Mixer Grinder,prepaid_card,0,2025-11
KO2605423,0,0.4323018686718093,0,Robot Vacuum,cod,1,2025-11
KO2605424,0,0.020984664189764957,1,Mixer Grinder,prepaid_upi,0,2025-11
KO2605425,0,0.0389518820707768,0,Robot Vacuum,prepaid_upi,0,2025-11
KO2605426,0,0.05641990981476108,1,Ceiling Fan,prepaid_upi,0,2025-11
KO2605427,0,0.04336475502426743,0,Robot Vacuum,emi,0,2025-11
KO2605428,0,0.020702042278471305,0,Mixer Grinder,prepaid_upi,0,2025-11
KO2605429,0,0.01653426908496582,0,Ceiling Fan,prepaid_upi,0,2025-11
KO2605430,1,0.0900134927676829,0,Robot Vacuum,emi,0,2025-11
KO2605431,0,0.04485617300492412,0,Air Fryer,emi,0,2025-11
KO2605414,0,0.030420923280105042,0,Room Heater,prepaid_upi,0,2025-11
KO2605392,0,0.21860785233829882,0,Ceiling Fan,prepaid_card,2,2025-11
KO2605413,0,0.027528874799299264,0,Ceiling Fan,prepaid_upi,0,2025-11
KO2605411,0,0.10695094603243144,0,Mixer Grinder,cod,0,2025-11
KO2605394,0,0.019709889777063293,0,Ceiling Fan,prepaid_upi,0,2025-11
KO2605395,0,0.020436898283559452,0,Room Heater,prepaid_upi,0,2025-11
KO2605396,0,0.1815483948069717,1,Robot Vacuum,prepaid_upi,0,2025-11
KO2605397,1,0.2813039279782749,0,Mixer Grinder,cod,1,2025-11
KO2605398,0,0.07097485491051087,1,Induction Cooktop,prepaid_card,0,2025-11
KO2605399,0,0.012766171406579372,0,Ceiling Fan,prepaid_card,0,2025-11
KO2605400,1,0.3175464552846271,1,Water Purifier,prepaid_card,0,2025-11
KO2605401,0,0.1457019129465617,1,Robot Vacuum,emi,0,2025-11
KO2605402,0,0.07460931259141165,0,Ceiling Fan,emi,0,2025-11
KO2605403,0,0.017298341935543197,0,Ceiling Fan,emi,0,2025-11
KO2605404,0,0.10316986324130052,1,Induction Cooktop,emi,0,2025-11
KO2605405,0,0.05137859670311084,0,Room Heater,prepaid_card,0,2025-11
KO2605406,0,0.0941314962470507,1,Ceiling Fan,prepaid_upi,0,2025-11
KO2605407,0,0.05222748413213698,0,Induction Cooktop,prepaid_upi,0,2025-11
KO2605408,0,0.01064571071274949,0,Induction Cooktop,prepaid_upi,0,2025-11
KO2605409,0,0.21628292099908317,0,Ceiling Fan,cod,1,2025-11
KO2605410,0,0.16993851904591756,0,Water Purifier,cod,0,2025-11
KO2605412,0,0.09542503940358525,0,Air Fryer,cod,0,2025-11
KO2605350,0,0.0925183695349254,1,Air Fryer,prepaid_card,0,2025-11
KO2605349,0,0.12799998645536495,0,Robot Vacuum,cod,0,2025-11
KO2605348,0,0.04497999272701777,0,Induction Cooktop,cod,0,2025-11
KO2605288,0,0.038157127944378526,1,Induction Cooktop,prepaid_upi,0,2025-11
KO2605289,0,0.02730337079294988,0,Ceiling Fan,emi,0,2025-11
KO2605290,0,0.053026219662856,1,Ceiling Fan,emi,0,2025-11
KO2605291,0,0.05820631263149528,1,Induction Cooktop,cod,0,2025-11
KO2605292,0,0.027508389578950444,0,Ceiling Fan,prepaid_card,0,2025-11
KO2605293,0,0.016912594124221077,0,Induction Cooktop,prepaid_upi,0,2025-11
KO2605294,0,0.2140517763540545,0,Robot Vacuum,cod,0,2025-11
KO2605295,0,0.07843795310623074,0,Room Heater,emi,0,2025-11
KO2605296,0,0.061865754418062135,0,Water Purifier,prepaid_upi,0,2025-11
KO2605297,0,0.170072706323359,1,Robot Vacuum,prepaid_card,0,2025-11
KO2605298,0,0.051836589817608004,0,Air Fryer,emi,0,2025-11
KO2605299,0,0.22554230088528332,0,Water Purifier,cod,1,2025-11
KO2605300,0,0.08169772574288779,0,Induction Cooktop,cod,0,2025-11
KO2605301,0,0.11552806174701978,0,Robot Vacuum,prepaid_upi,0,2025-11
KO2605302,0,0.23650188115794124,0,Water Purifier,cod,0,2025-11
KO2605303,1,0.6395507488625587,0,Robot Vacuum,cod,2,2025-11
KO2605304,0,0.09076749927692872,0,Room Heater,cod,0,2025-11
KO2605287,0,0.33392334123246914,0,Robot Vacuum,prepaid_card,1,2025-11
KO2605305,0,0.046795417799087274,0,Air Fryer,prepaid_card,0,2025-11
KO2605286,0,0.05812473235340221,1,Air Fryer,prepaid_upi,0,2025-11
KO2605284,0,0.018789096985379086,0,Induction Cooktop,prepaid_card,0,2025-11
KO2605267,0,0.07335251272917905,0,Ceiling Fan,cod,0,2025-11
KO2605268,0,0.1509055410331842,0,Robot Vacuum,cod,0,2025-11
KO2605269,0,0.15401662332994637,1,Room Heater,cod,0,2025-11
KO2605270,0,0.017824756799787237,0,Ceiling Fan,prepaid_card,0,2025-11
KO2605271,0,0.4229458599557443,1,Robot Vacuum,cod,0,2025-11
KO2605272,0,0.10281108503894369,0,Water Purifier,prepaid_upi,0,2025-11
KO2605273,0,0.04617199579163592,0,Water Purifier,prepaid_card,0,2025-11
KO2605274,0,0.043738469579081715,0,Water Purifier,emi,0,2025-11
KO2605275,0,0.05344775271755412,1,Room Heater,prepaid_card,0,2025-11
KO2605276,1,0.21331065087721446,1,Water Purifier,emi,0,2025-11
KO2605277,1,0.2581216657874826,0,Induction Cooktop,emi,3,2025-11
KO2605278,0,0.1665994586312223,0,Robot Vacuum,cod,0,2025-11
KO2605279,0,0.1450556028496524,0,Air Fryer,cod,0,2025-11
KO2605280,0,0.20816839953461144,0,Room Heater,cod,0,2025-11
KO2605281,0,0.01592867102984873,0,Ceiling Fan,prepaid_upi,0,2025-11
KO2605282,0,0.20846881797489653,0,Robot Vacuum,cod,0,2025-11
KO2605283,0,0.022618135559739214,0,Induction Cooktop,prepaid_upi,0,2025-11
KO2605285,0,0.06259613792157527,1,Room Heater,prepaid_card,0,2025-11
KO2605306,0,0.07866550804750592,0,Room Heater,prepaid_upi,0,2025-11
KO2605307,0,0.08122899001299519,1,Induction Cooktop,prepaid_card,0,2025-11
KO2605308,0,0.10499521120117805,0,Ceiling Fan,cod,0,2025-11
KO2605331,0,0.09200158044322239,0,Water Purifier,prepaid_card,0,2025-11
KO2605332,1,0.2599235304099446,1,Water Purifier,cod,0,2025-11
KO2605333,0,0.039995893748652124,0,Ceiling Fan,cod,0,2025-11
KO2605334,0,0.013388579604085645,0,Ceiling Fan,prepaid_upi,0,2025-11
KO2605335,0,0.07716829294913012,0,Induction Cooktop,cod,0,2025-11
KO2605336,0,0.01596228229381906,0,Mixer Grinder,prepaid_upi,0,2025-11
KO2605337,0,0.01247974688294191,0,Ceiling Fan,prepaid_upi,0,2025-11
KO2605338,0,0.03584447036296323,0,Induction Cooktop,prepaid_upi,0,2025-11
KO2605339,0,0.05519250569133903,0,Air Fryer,prepaid_upi,0,2025-11
KO2605340,0,0.05872990487335179,0,Mixer Grinder,prepaid_upi,1,2025-11
KO2605341,0,0.026693452174126303,0,Ceiling Fan,cod,0,2025-11
KO2605342,0,0.2228320016586331,0,Robot Vacuum,cod,0,2025-11
KO2605343,1,0.04268556625386696,1,Mixer Grinder,prepaid_upi,0,2025-11
KO2605344,0,0.08032072171764117,0,Ceiling Fan,prepaid_upi,0,2025-11
KO2605345,0,0.045531786878595694,0,Robot Vacuum,prepaid_upi,0,2025-11
KO2605346,0,0.052137453942905726,0,Room Heater,prepaid_upi,0,2025-11
KO2605347,1,0.14421859304625478,0,Water Purifier,cod,0,2025-11
KO2605330,0,0.1240995966756546,0,Water Purifier,prepaid_upi,0,2025-11
KO2605329,0,0.041312183807994014,0,Induction Cooktop,cod,0,2025-11
KO2605328,0,0.15801754848219485,0,Robot Vacuum,prepaid_upi,0,2025-11
KO2605327,0,0.014439829938212469,0,Induction Cooktop,prepaid_upi,0,2025-11
KO2605309,0,0.03134414599023825,0,Mixer Grinder,prepaid_upi,0,2025-11
KO2605310,0,0.09495414579125848,0,Room Heater,emi,0,2025-11
KO2605311,0,0.12290559826246407,1,Robot Vacuum,prepaid_upi,0,2025-11
KO2605312,0,0.02718560822926399,0,Induction Cooktop,prepaid_upi,0,2025-11
KO2605313,0,0.10221413863706247,0,Room Heater,prepaid_upi,1,2025-11
KO2605314,1,0.028375571743261278,0,Water Purifier,prepaid_upi,0,2025-11
KO2605315,0,0.13176590120396964,1,Room Heater,prepaid_upi,0,2025-11
KO2605316,0,0.017874040402137175,0,Induction Cooktop,prepaid_upi,0,2025-11
KO2605265,0,0.21447978946692442,0,Room Heater,cod,0,2025-11
KO2605317,0,0.01575455858729225,0,Mixer Grinder,prepaid_card,0,2025-11
KO2605319,0,0.08801333974514473,0,Robot Vacuum,prepaid_upi,0,2025-11
KO2605320,0,0.058168505703340014,1,Room Heater,prepaid_card,0,2025-11
KO2605321,0,0.053010837338070764,0,Induction Cooktop,prepaid_card,0,2025-11
KO2605322,0,0.07524941662961653,0,Air Fryer,prepaid_upi,0,2025-11
KO2605323,0,0.2485282586972014,1,Room Heater,cod,0,2025-11
KO2605324,0,0.07429197448952686,0,Ceiling Fan,cod,0,2025-11
KO2605325,0,0.019404853198547553,0,Induction Cooktop,prepaid_card,0,2025-11
KO2605326,0,0.07504251186767018,0,Air Fryer,prepaid_card,0,2025-11
KO2605318,0,0.045816809693899244,0,Water Purifier,prepaid_upi,0,2025-11
KO2605771,0,0.015930108488250157,0,Air Fryer,prepaid_upi,0,2025-11
KO2605773,0,0.11901059870196334,0,Air Fryer,cod,0,2025-11
KO2606218,0,0.07635432998424467,0,Water Purifier,prepaid_card,0,2025-11
KO2606219,1,0.32186613095844996,0,Room Heater,cod,1,2025-11
KO2606220,0,0.04751973305166237,0,Air Fryer,prepaid_card,0,2025-11
KO2606221,1,0.28111069167816355,0,Robot Vacuum,cod,0,2025-11
KO2606222,1,0.15750065058083482,1,Ceiling Fan,cod,0,2025-11
KO2606223,0,0.21320244270547759,0,Robot Vacuum,cod,0,2025-11
KO2606224,0,0.026931583680451825,0,Water Purifier,emi,0,2025-11
KO2606225,0,0.021188917722752953,0,Induction Cooktop,prepaid_card,0,2025-11
KO2606226,0,0.02948941236294261,0,Room Heater,emi,0,2025-11
KO2606227,0,0.026967410810664866,0,Ceiling Fan,prepaid_upi,0,2025-11
KO2606228,0,0.009649520941264842,0,Induction Cooktop,prepaid_upi,0,2025-11
KO2606229,0,0.08374243434410289,0,Room Heater,prepaid_card,1,2025-11
KO2606230,0,0.025027989229367234,0,Ceiling Fan,prepaid_card,0,2025-11
KO2606231,0,0.3976284962499565,1,Water Purifier,cod,0,2025-11
KO2606232,0,0.2946708081196688,0,Room Heater,cod,1,2025-11
KO2606233,0,0.07282654057109267,1,Robot Vacuum,prepaid_upi,0,2025-11
KO2606234,0,0.02828954752776232,0,Ceiling Fan,prepaid_upi,0,2025-11
KO2606217,0,0.2635883278891624,1,Robot Vacuum,cod,0,2025-11
KO2606235,0,0.030619587273704202,0,Robot Vacuum,prepaid_upi,0,2025-11
KO2606216,0,0.07236099362333051,1,Air Fryer,prepaid_upi,0,2025-11
KO2606214,1,0.9175079178694205,1,Robot Vacuum,prepaid_upi,3,2025-11
KO2606197,0,0.04448680101690046,0,Air Fryer,prepaid_upi,0,2025-11
KO2606198,0,0.017700535234273385,0,Mixer Grinder,prepaid_upi,0,2025-11
KO2606199,1,0.35524417437492234,0,Robot Vacuum,cod,0,2025-11
KO2606200,0,0.05469514044529806,0,Ceiling Fan,cod,0,2025-11
KO2606201,0,0.04817091358617739,0,Robot Vacuum,prepaid_upi,0,2025-11
KO2606202,0,0.5388004526205763,0,Robot Vacuum,cod,1,2025-11
KO2606203,0,0.16228785662988474,0,Water Purifier,cod,1,2025-11
KO2606204,0,0.06471336872594391,0,Robot Vacuum,prepaid_card,0,2025-11
KO2606205,0,0.014844773166027931,0,Ceiling Fan,prepaid_upi,0,2025-11
KO2606206,0,0.050868880938875656,1,Mixer Grinder,prepaid_upi,0,2025-11
KO2606207,0,0.060190295086942555,0,Air Fryer,prepaid_upi,0,2025-11
KO2606208,0,0.048929442023073776,0,Water Purifier,emi,0,2025-11
KO2606209,0,0.030901415976543778,0,Ceiling Fan,prepaid_card,0,2025-11
KO2606210,1,0.6363521036385511,0,Air Fryer,prepaid_upi,4,2025-11
KO2606211,0,0.028611097253796368,0,Induction Cooktop,cod,0,2025-11
KO2606212,0,0.04187039769055458,0,Water Purifier,prepaid_upi,0,2025-11
KO2606213,0,0.04155665683735219,1,Mixer Grinder,prepaid_card,0,2025-11
KO2606215,1,0.161343153893963,1,Induction Cooktop,prepaid_card,1,2025-11
KO2606196,0,0.09255687132447049,0,Robot Vacuum,emi,0,2025-11
KO2606236,0,0.0781635333018418,1,Mixer Grinder,prepaid_card,0,2025-11
KO2606238,0,0.02450684034488935,0,Room Heater,prepaid_card,0,2025-11
KO2606237,0,0.48031077175281445,0,Room Heater,emi,3,2025-11
KO2606239,0,0.03366933453605315,0,Ceiling Fan,cod,0,2025-11
KO2606240,0,0.06664807764288819,0,Induction Cooktop,cod,0,2025-11
KO2606241,0,0.031918921531157315,0,Ceiling Fan,prepaid_card,0,2025-11
KO2606242,0,0.08891526622389992,0,Air Fryer,prepaid_upi,0,2025-11
KO2606243,0,0.06966473713960646,0,Mixer Grinder,cod,0,2025-11
KO2606244,0,0.0356559376393261,0,Induction Cooktop,prepaid_card,0,2025-11
KO2606245,0,0.026605799105970003,0,Water Purifier,prepaid_upi,0,2025-11
KO2606246,0,0.11725438039442522,0,Water Purifier,prepaid_card,0,2025-11
KO2606247,0,0.5013701997260414,0,Robot Vacuum,cod,0,2025-11
KO2606248,0,0.09153254647123928,0,Air Fryer,prepaid_card,0,2025-11
KO2606249,0,0.04949206291528657,0,Ceiling Fan,prepaid_card,0,2025-11
KO2606250,0,0.024904914350216398,0,Ceiling Fan,prepaid_card,0,2025-11
KO2606251,0,0.03537334104442172,0,Induction Cooktop,prepaid_upi,0,2025-11
KO2606195,0,0.10747418512940855,0,Robot Vacuum,prepaid_upi,0,2025-11
KO2606194,0,0.09410184504433657,0,Induction Cooktop,cod,0,2025-11
KO2606193,0,0.01466322936120897,0,Induction Cooktop,prepaid_upi,0,2025-11
KO2606133,1,0.05354316675172003,0,Mixer Grinder,cod,0,2025-11
KO2606134,0,0.06730287799542799,0,Water Purifier,prepaid_card,0,2025-11
KO2606135,1,0.06282446808087756,0,Water Purifier,prepaid_card,0,2025-11
KO2606136,0,0.029663388496473216,0,Induction Cooktop,prepaid_upi,0,2025-11
KO2606137,0,0.04460500932818983,0,Induction Cooktop,prepaid_upi,0,2025-11
KO2606138,0,0.010455273756368498,0,Mixer Grinder,prepaid_upi,0,2025-11
KO2606139,0,0.05523376949786352,0,Mixer Grinder,cod,0,2025-11
KO2606140,1,0.04425489830817499,0,Air Fryer,prepaid_card,0,2025-11
KO2606141,1,0.02708615003821157,0,Mixer Grinder,prepaid_upi,0,2025-11
KO2606142,0,0.05189108235951005,0,Room Heater,prepaid_upi,0,2025-11
KO2606143,0,0.0694715851495016,0,Water Purifier,emi,0,2025-11
KO2606144,0,0.0486236242150504,0,Induction Cooktop,cod,0,2025-11
KO2606145,0,0.07306361661878594,0,Air Fryer,emi,0,2025-11
KO2606146,0,0.3665667193484296,0,Air Fryer,cod,1,2025-11
KO2606148,0,0.2517518708629882,0,Robot Vacuum,cod,0,2025-11
KO2606147,0,0.09739387615295202,0,Mixer Grinder,cod,0,2025-11
KO2606149,0,0.028589007129623083,1,Induction Cooktop,prepaid_upi,0,2025-11
KO2606132,0,0.019818947200817175,0,Ceiling Fan,prepaid_upi,0,2025-11
KO2606150,0,0.025522005811897848,0,Ceiling Fan,cod,0,2025-11
KO2606131,0,0.09672370969286254,0,Air Fryer,prepaid_upi,0,2025-11
KO2606129,0,0.03777400057887458,0,Induction Cooktop,prepaid_card,0,2025-11
KO2606112,0,0.04315690860363534,0,Ceiling Fan,prepaid_card,0,2025-11
KO2606113,0,0.08252294009346216,0,Room Heater,cod,0,2025-11
KO2606114,0,0.28508135764070425,0,Water Purifier,cod,0,2025-11
KO2606115,0,0.02004913325443462,0,Air Fryer,prepaid_upi,0,2025-11
KO2606116,0,0.034208037500280584,0,Ceiling Fan,prepaid_upi,0,2025-11
KO2606117,0,0.04497233126773102,0,Room Heater,prepaid_upi,1,2025-11
KO2606118,0,0.5354353195152026,1,Robot Vacuum,cod,0,2025-11
KO2606119,0,0.09393976102203463,1,Water Purifier,prepaid_upi,0,2025-11
KO2606120,0,0.121521235456079,1,Induction Cooktop,emi,0,2025-11
KO2606121,0,0.04559362332122299,0,Ceiling Fan,prepaid_card,0,2025-11
KO2606122,0,0.0670876991861463,1,Induction Cooktop,prepaid_upi,0,2025-11
KO2606123,0,0.037093996760413785,0,Air Fryer,prepaid_card,0,2025-11
KO2606124,0,0.11719750708537868,1,Room Heater,prepaid_upi,0,2025-11
KO2606125,0,0.12955151271226953,0,Robot Vacuum,emi,1,2025-11
KO2606126,0,0.1517408691863001,0,Induction Cooktop,cod,1,2025-11
KO2606127,0,0.09489570661553168,1,Ceiling Fan,emi,0,2025-11
KO2606128,0,0.23800145429268976,1,Induction Cooktop,cod,0,2025-11
KO2606130,0,0.031099913771172206,0,Induction Cooktop,prepaid_upi,0,2025-11
KO2606151,0,0.03669093142896695,0,Mixer Grinder,cod,0,2025-11
KO2606152,0,0.07944872452555463,1,Robot Vacuum,prepaid_upi,0,2025-11
KO2606153,0,0.061833895827856776,0,Robot Vacuum,prepaid_card,0,2025-11
KO2606176,0,0.09169592577657344,0,Robot Vacuum,prepaid_upi,0,2025-11
KO2606177,1,0.2570277100892558,1,Robot Vacuum,prepaid_card,0,2025-11
KO2606178,0,0.2474772606654739,0,Robot Vacuum,cod,0,2025-11
KO2606179,0,0.04115841936763852,1,Induction Cooktop,prepaid_upi,0,2025-11
KO2606180,0,0.12965989518896312,1,Mixer Grinder,prepaid_upi,1,2025-11
KO2606181,0,0.08300814278142318,0,Mixer Grinder,prepaid_card,0,2025-11
KO2606182,0,0.04061020282623792,0,Mixer Grinder,prepaid_upi,0,2025-11
KO2606183,0,0.048788882176272044,0,Air Fryer,prepaid_upi,0,2025-11
KO2606184,0,0.049108042725156224,0,Air Fryer,prepaid_upi,0,2025-11
KO2606185,0,0.034388847407727165,0,Ceiling Fan,emi,0,2025-11
KO2606186,0,0.029989718126991742,0,Induction Cooktop,prepaid_card,0,2025-11
KO2606187,0,0.09347254613782456,0,Induction Cooktop,cod,0,2025-11
KO2606188,0,0.02483345565816121,0,Mixer Grinder,prepaid_upi,0,2025-11
KO2606189,0,0.07131750462210497,0,Water Purifier,prepaid_upi,0,2025-11
KO2606190,1,0.26348915405896195,0,Air Fryer,cod,0,2025-11
KO2606191,0,0.033992472615200615,0,Water Purifier,prepaid_upi,0,2025-11
KO2606192,0,0.05752026452110006,0,Mixer Grinder,cod,0,2025-11
KO2606175,0,0.11633887381584998,1,Ceiling Fan,prepaid_card,0,2025-11
KO2606174,0,0.13287438101037438,1,Air Fryer,prepaid_upi,0,2025-11
KO2606173,0,0.05092905088034829,0,Room Heater,prepaid_upi,0,2025-11
KO2606172,0,0.020674736322972554,0,Induction Cooktop,prepaid_upi,0,2025-11
KO2606154,0,0.12422004337450572,1,Mixer Grinder,cod,0,2025-11
KO2606155,0,0.05196629215266409,0,Air Fryer,prepaid_card,0,2025-11
KO2606156,1,0.4664130152102888,1,Water Purifier,cod,0,2025-11
KO2606157,0,0.03706776869912085,0,Mixer Grinder,prepaid_card,0,2025-11
KO2606158,0,0.02483345565816121,0,Mixer Grinder,prepaid_upi,0,2025-11
KO2606159,0,0.09556452298166469,0,Room Heater,emi,1,2025-11
KO2606160,0,0.06470817728338833,0,Room Heater,emi,0,2025-11
KO2606161,0,0.040530715050261075,0,Mixer Grinder,prepaid_upi,0,2025-11
KO2606162,0,0.016748262661405656,0,Mixer Grinder,prepaid_upi,0,2025-11
KO2606164,0,0.24275066986501442,0,Ceiling Fan,prepaid_card,1,2025-11
KO2606165,1,0.0939203652682072,0,Robot Vacuum,emi,0,2025-11
KO2606166,0,0.02946313465523294,0,Room Heater,prepaid_card,0,2025-11
KO2606167,0,0.05550180191228252,1,Ceiling Fan,prepaid_upi,0,2025-11
KO2606168,1,0.27213313568987546,1,Room Heater,cod,0,2025-11
KO2606169,0,0.0624183105764891,0,Mixer Grinder,cod,0,2025-11
KO2606170,0,0.08020882388289921,0,Induction Cooktop,prepaid_upi,1,2025-11
KO2606171,0,0.060670273742090115,0,Room Heater,prepaid_card,0,2025-11
KO2606163,0,0.04998787838666376,1,Mixer Grinder,prepaid_upi,0,2025-11
KO2606111,1,0.19664995645217767,1,Water Purifier,prepaid_upi,0,2025-11
KO2605772,0,0.07524753544509677,0,Induction Cooktop,prepaid_card,1,2025-11
KO2606110,0,0.21222017722928851,0,Robot Vacuum,prepaid_upi,2,2025-11
KO2606108,0,0.14618106829028674,0,Robot Vacuum,cod,0,2025-11
KO2605880,1,0.2090475098890955,1,Air Fryer,prepaid_card,0,2025-11
KO2605881,0,0.16792482159623037,0,Ceiling Fan,prepaid_upi,1,2025-11
KO2605882,0,0.042369920381950685,0,Water Purifier,prepaid_card,0,2025-11
KO2605883,0,0.08574344160977199,1,Water Purifier,prepaid_upi,0,2025-11
KO2605884,0,0.023365041761755738,0,Ceiling Fan,prepaid_upi,0,2025-11
KO2605885,0,0.07363679077392937,1,Water Purifier,emi,0,2025-11
KO2605886,0,0.07290998230515415,0,Robot Vacuum,prepaid_upi,0,2025-11
KO2605887,1,0.13415149567104007,1,Ceiling Fan,prepaid_upi,0,2025-11
KO2605888,0,0.06484426931201426,0,Water Purifier,prepaid_upi,0,2025-11
KO2605889,0,0.014693999179213242,0,Ceiling Fan,prepaid_upi,0,2025-11
KO2605890,0,0.022374665219777476,0,Induction Cooktop,prepaid_upi,0,2025-11
KO2605891,0,0.06966473713960646,0,Mixer Grinder,cod,0,2025-11
KO2605892,0,0.07932998276490413,0,Room Heater,prepaid_card,0,2025-11
KO2605893,1,0.16365775202805946,0,Water Purifier,cod,0,2025-11
KO2605894,0,0.03985465610283745,0,Air Fryer,emi,0,2025-11
KO2605895,0,0.02045043520246514,0,Mixer Grinder,prepaid_upi,0,2025-11
KO2605896,0,0.09309460731404799,0,Room Heater,cod,0,2025-11
KO2605879,0,0.028486443291048717,0,Mixer Grinder,prepaid_upi,0,2025-11
KO2605897,1,0.8414413626563667,1,Ceiling Fan,cod,3,2025-11
KO2605878,0,0.015531315434795339,0,Ceiling Fan,prepaid_upi,0,2025-11
KO2605876,0,0.022312394598299524,0,Room Heater,prepaid_upi,0,2025-11
KO2605859,0,0.021802729065790817,0,Ceiling Fan,prepaid_upi,0,2025-11
KO2605860,0,0.09056387218876732,0,Water Purifier,emi,0,2025-11
KO2605861,0,0.038937969422662526,0,Room Heater,prepaid_upi,0,2025-11
KO2605862,0,0.07794395584513131,1,Ceiling Fan,cod,0,2025-11
KO2605863,0,0.3201328454228048,0,Robot Vacuum,prepaid_upi,2,2025-11
KO2605864,0,0.08493929366400134,0,Robot Vacuum,prepaid_card,0,2025-11
KO2605865,0,0.17630120240956912,0,Induction Cooktop,cod,0,2025-11
KO2605866,0,0.10723834825686485,0,Air Fryer,cod,0,2025-11
KO2605867,0,0.06652843129421435,1,Room Heater,prepaid_card,0,2025-11
KO2605868,0,0.024460334474343905,0,Mixer Grinder,prepaid_card,0,2025-11
KO2605869,0,0.14697358759036494,1,Robot Vacuum,prepaid_upi,0,2025-11
KO2605870,0,0.08591236211878137,0,Ceiling Fan,cod,0,2025-11
KO2605871,0,0.05371513868270189,0,Room Heater,emi,0,2025-11
KO2605872,0,0.21708296354455983,1,Water Purifier,cod,0,2025-11
KO2605873,0,0.04434853587139517,0,Air Fryer,prepaid_card,0,2025-11
KO2605874,0,0.3622025536985927,1,Water Purifier,cod,0,2025-11
KO2605875,0,0.11757295781277093,1,Mixer Grinder,prepaid_upi,1,2025-11
KO2605877,1,0.2237276800377577,1,Room Heater,cod,0,2025-11
KO2605857,0,0.23164525594330257,0,Robot Vacuum,cod,0,2025-11
KO2605898,0,0.09166440784163477,1,Mixer Grinder,prepaid_card,0,2025-11
KO2605900,0,0.016334345017854576,0,Air Fryer,prepaid_upi,0,2025-11
KO2605922,0,0.02010763827309886,0,Induction Cooktop,prepaid_upi,0,2025-11
KO2605923,0,0.056042855062832346,0,Ceiling Fan,cod,0,2025-11
KO2605924,0,0.18273011889455645,1,Robot Vacuum,prepaid_card,0,2025-11
KO2605925,0,0.031821337386563474,0,Robot Vacuum,prepaid_upi,0,2025-11
KO2605926,0,0.030420923280105042,0,Room Heater,prepaid_upi,0,2025-11
KO2605927,0,0.05287527417825713,1,Induction Cooktop,emi,0,2025-11
KO2605928,1,0.5251767942705766,1,Water Purifier,cod,0,2025-11
KO2605929,0,0.017880404517378976,0,Mixer Grinder,emi,0,2025-11
KO2605930,0,0.04713251889916188,0,Induction Cooktop,cod,0,2025-11
KO2605931,0,0.12336008847487914,0,Ceiling Fan,cod,0,2025-11
KO2605932,1,0.07308691638438004,0,Robot Vacuum,emi,0,2025-11
KO2605933,0,0.23396445321828682,0,Air Fryer,cod,0,2025-11
KO2605934,1,0.3036264398549744,1,Air Fryer,cod,0,2025-11
KO2605935,1,0.029627879187444403,0,Induction Cooktop,cod,0,2025-11
KO2605936,0,0.021771343753776852,0,Mixer Grinder,emi,0,2025-11
KO2605937,0,0.022175707907885353,0,Induction Cooktop,emi,0,2025-11
KO2605938,0,0.1412923299249201,1,Robot Vacuum,emi,0,2025-11
KO2605921,0,0.03656546083900511,0,Air Fryer,emi,0,2025-11
KO2605899,1,0.371378734335632,1,Air Fryer,cod,0,2025-11
KO2605920,0,0.02982867889517082,1,Ceiling Fan,prepaid_upi,0,2025-11
KO2605918,0,0.4752362404724156,1,Ceiling Fan,cod,1,2025-11
KO2605901,0,0.17566389603737462,1,Mixer Grinder,cod,0,2025-11
KO2605902,0,0.029193681827829516,0,Air Fryer,prepaid_card,0,2025-11
KO2605903,0,0.0321356427704,0,Induction Cooktop,cod,0,2025-11
KO2605904,0,0.10066279013212436,1,Water Purifier,prepaid_upi,0,2025-11
KO2605905,0,0.1005353729690306,0,Room Heater,cod,0,2025-11
KO2605906,1,0.685065643723638,1,Robot Vacuum,cod,2,2025-11
KO2605907,0,0.1326408124601329,0,Room Heater,cod,0,2025-11
KO2605908,0,0.21176847198997226,1,Induction Cooktop,cod,0,2025-11
KO2605909,0,0.09283783768211026,0,Ceiling Fan,cod,0,2025-11
KO2605910,0,0.10404226717210335,0,Air Fryer,prepaid_upi,0,2025-11
KO2605911,0,0.2618766089467203,0,Room Heater,cod,0,2025-11
KO2605912,0,0.31118097388896515,0,Induction Cooktop,cod,2,2025-11
KO2605913,0,0.048899145848920966,0,Air Fryer,prepaid_upi,0,2025-11
KO2605914,0,0.04684953568933656,0,Room Heater,prepaid_card,0,2025-11
KO2605915,0,0.04301911294005339,0,Ceiling Fan,cod,0,2025-11
KO2605916,0,0.20842755612210298,1,Air Fryer,cod,0,2025-11
KO2605917,0,0.031971597211643735,0,Room Heater,emi,0,2025-11
KO2605919,0,0.042146368305508636,0,Air Fryer,prepaid_upi,0,2025-11
KO2605858,0,0.07558110304281798,1,Room Heater,prepaid_card,0,2025-11
KO2605856,1,0.13583442190489423,0,Air Fryer,cod,0,2025-11
KO2605855,0,0.06482301161142176,0,Air Fryer,prepaid_upi,0,2025-11
KO2605795,0,0.01610672769383902,0,Room Heater,prepaid_upi,0,2025-11
KO2605796,0,0.08334318861993152,0,Robot Vacuum,prepaid_card,0,2025-11
KO2605797,0,0.020943819511597333,0,Induction Cooktop,prepaid_upi,0,2025-11
KO2605798,0,0.010669961629042797,0,Ceiling Fan,prepaid_upi,0,2025-11
KO2605799,0,0.012317742965641016,0,Mixer Grinder,emi,0,2025-11
KO2605800,0,0.06113223677910776,0,Robot Vacuum,prepaid_upi,0,2025-11
KO2605801,1,0.2629266588777608,1,Robot Vacuum,prepaid_card,0,2025-11
KO2605802,0,0.03245684564271374,0,Ceiling Fan,cod,0,2025-11
KO2605803,0,0.06243148338010598,0,Water Purifier,prepaid_card,0,2025-11
KO2605804,0,0.0425573157072501,0,Mixer Grinder,emi,0,2025-11
KO2605805,0,0.07241358152689718,1,Ceiling Fan,prepaid_upi,0,2025-11
KO2605806,1,0.04894527792783096,0,Room Heater,prepaid_upi,0,2025-11
KO2605807,0,0.04821301783609291,0,Induction Cooktop,prepaid_card,1,2025-11
KO2605808,0,0.03686995305716057,0,Robot Vacuum,prepaid_card,0,2025-11
KO2605809,0,0.27821940041061965,1,Mixer Grinder,cod,0,2025-11
KO2605810,0,0.03148812879893668,0,Water Purifier,prepaid_card,0,2025-11
KO2605811,0,0.012964355444959498,0,Induction Cooktop,prepaid_upi,0,2025-11
KO2605794,1,0.4210887621464117,1,Robot Vacuum,prepaid_card,0,2025-11
KO2605812,0,0.11328206066180373,0,Robot Vacuum,emi,0,2025-11
KO2605793,0,0.06217878913425735,0,Air Fryer,cod,0,2025-11
KO2605791,0,0.1279437920536885,1,Ceiling Fan,cod,0,2025-11
KO2605774,0,0.34552175997496515,0,Room Heater,prepaid_upi,2,2025-11
KO2605775,0,0.03539771781271082,0,Mixer Grinder,emi,0,2025-11
KO2605776,1,0.24880294030019964,0,Robot Vacuum,cod,0,2025-11
KO2605777,0,0.0401720702060341,0,Water Purifier,prepaid_card,0,2025-11
KO2605778,0,0.12509102924148074,0,Mixer Grinder,emi,0,2025-11
KO2605779,0,0.10163404454549861,0,Air Fryer,prepaid_upi,1,2025-11
KO2605780,0,0.02255110793244912,0,Induction Cooktop,prepaid_card,0,2025-11
KO2605781,0,0.03212704124241204,0,Room Heater,prepaid_upi,0,2025-11
KO2605782,0,0.07671841710865007,1,Air Fryer,prepaid_card,0,2025-11
KO2605783,0,0.04722272800935428,0,Air Fryer,prepaid_card,0,2025-11
KO2605784,0,0.17811061887046034,1,Water Purifier,emi,0,2025-11
KO2605785,0,0.05272354333093949,1,Mixer Grinder,prepaid_card,0,2025-11
KO2605786,0,0.17122010429459147,0,Mixer Grinder,prepaid_upi,2,2025-11
KO2605787,0,0.021103645657907375,0,Mixer Grinder,prepaid_card,0,2025-11
KO2605788,0,0.05012342925593996,0,Water Purifier,prepaid_upi,0,2025-11
KO2605789,0,0.0258087583052625,0,Mixer Grinder,prepaid_upi,0,2025-11
KO2605790,0,0.04948403224903008,0,Air Fryer,emi,0,2025-11
KO2605792,0,0.22572209837284563,0,Air Fryer,prepaid_card,0,2025-11
KO2605813,0,0.03813522609028372,0,Induction Cooktop,emi,1,2025-11
KO2605814,0,0.07461201015157318,0,Ceiling Fan,cod,0,2025-11
KO2605815,0,0.03348898211989842,0,Room Heater,prepaid_upi,0,2025-11
KO2605838,0,0.05029355988617039,0,Ceiling Fan,prepaid_card,0,2025-11
KO2605839,0,0.061788644149926804,1,Induction Cooktop,cod,0,2025-11
KO2605840,0,0.06064272381056281,0,Induction Cooktop,prepaid_upi,0,2025-11
KO2605841,0,0.11295668221283535,0,Robot Vacuum,prepaid_card,0,2025-11
KO2605842,0,0.07978926162024977,0,Air Fryer,prepaid_card,1,2025-11
KO2605843,0,0.23083463707161078,1,Water Purifier,prepaid_card,0,2025-11
KO2605844,0,0.050832322775481414,0,Air Fryer,prepaid_card,0,2025-11
KO2605845,0,0.06887827458872514,0,Induction Cooktop,cod,0,2025-11
KO2605846,0,0.04502641651278298,0,Robot Vacuum,prepaid_upi,0,2025-11
KO2605847,0,0.2792781914399108,0,Mixer Grinder,cod,2,2025-11
KO2605848,0,0.07370299595239757,0,Induction Cooktop,prepaid_upi,1,2025-11
KO2605849,0,0.2937817309368884,1,Water Purifier,cod,0,2025-11
KO2605850,0,0.030639401918726498,1,Induction Cooktop,prepaid_upi,0,2025-11
KO2605851,0,0.038585310193715014,0,Air Fryer,prepaid_upi,0,2025-11
KO2605852,0,0.06975765136175507,1,Mixer Grinder,emi,0,2025-11
KO2605853,0,0.03793634928765564,0,Induction Cooktop,prepaid_upi,0,2025-11
KO2605854,0,0.09281090715505133,0,Air Fryer,cod,0,2025-11
KO2605837,0,0.027613596498574762,0,Induction Cooktop,prepaid_upi,0,2025-11
KO2605836,0,0.02649356291341588,0,Mixer Grinder,prepaid_card,0,2025-11
KO2605835,0,0.18827099803960373,0,Induction Cooktop,cod,1,2025-11
KO2605834,1,0.19569964552638744,1,Induction Cooktop,cod,0,2025-11
KO2605816,0,0.11549861001698766,0,Room Heater,cod,0,2025-11
KO2605817,0,0.04652144514186694,0,Ceiling Fan,cod,0,2025-11
KO2605818,0,0.05568513173658527,0,Ceiling Fan,emi,0,2025-11
KO2605819,0,0.038211965933628925,0,Mixer Grinder,prepaid_upi,0,2025-11
KO2605820,0,0.12753107764875696,0,Air Fryer,cod,0,2025-11
KO2605821,0,0.14288467667267368,0,Air Fryer,emi,1,2025-11
KO2605822,0,0.08069052532235937,1,Ceiling Fan,prepaid_upi,0,2025-11
KO2605823,0,0.20512938722471052,0,Water Purifier,prepaid_upi,1,2025-11
KO2605939,0,0.02656881848683975,0,Ceiling Fan,prepaid_card,0,2025-11
KO2605824,0,0.20280006814059667,0,Induction Cooktop,cod,1,2025-11
KO2605826,0,0.057205202041364825,0,Air Fryer,emi,0,2025-11
KO2605827,0,0.027160820757097144,0,Room Heater,prepaid_upi,0,2025-11
KO2605828,0,0.023527821940369197,0,Induction Cooktop,prepaid_upi,0,2025-11
KO2605829,0,0.09016950605549212,0,Room Heater,cod,0,2025-11
KO2605830,0,0.021784821027641278,0,Mixer Grinder,emi,0,2025-11
KO2605831,0,0.055441868666716625,0,Induction Cooktop,prepaid_card,0,2025-11
KO2605832,0,0.09865031899879483,0,Room Heater,cod,0,2025-11
KO2605833,0,0.2716745650906615,0,Water Purifier,cod,1,2025-11
KO2605825,0,0.10561973749812281,0,Water Purifier,prepaid_card,0,2025-11
KO2606109,0,0.09877821305779463,0,Ceiling Fan,cod,0,2025-11
KO2605940,0,0.05300404442816607,0,Room Heater,emi,0,2025-11
KO2605942,0,0.03273760547811634,1,Ceiling Fan,prepaid_card,0,2025-11
KO2606049,1,0.2311105322507815,1,Robot Vacuum,prepaid_upi,0,2025-11
KO2606050,0,0.16820726449707854,0,Water Purifier,cod,0,2025-11
KO2606051,0,0.03525890502304101,0,Water Purifier,emi,0,2025-11
KO2606052,0,0.07115900627852215,0,Room Heater,prepaid_card,0,2025-11
KO2606053,0,0.2592407027996093,0,Room Heater,cod,0,2025-11
KO2606054,1,0.5346192700935696,0,Robot Vacuum,cod,1,2025-11
KO2606055,0,0.2973199510563043,0,Room Heater,cod,1,2025-11
KO2606056,0,0.04868352644301102,0,Water Purifier,prepaid_upi,0,2025-11
KO2606057,0,0.6055468442524179,1,Water Purifier,cod,1,2025-11
KO2606058,0,0.05392748027546172,0,Ceiling Fan,cod,0,2025-11
KO2606059,0,0.16406870393399897,0,Robot Vacuum,cod,0,2025-11
KO2606060,0,0.22026357221304904,0,Air Fryer,cod,0,2025-11
KO2606061,0,0.011255201883337385,0,Ceiling Fan,emi,0,2025-11
KO2606062,0,0.03627409495120608,0,Mixer Grinder,prepaid_upi,0,2025-11
KO2606063,0,0.05835476006589714,1,Mixer Grinder,emi,0,2025-11
KO2606064,0,0.1678487772734162,0,Robot Vacuum,prepaid_card,0,2025-11
KO2606065,0,0.028436610402997615,0,Water Purifier,prepaid_upi,0,2025-11
KO2606048,1,0.855470211538202,0,Water Purifier,prepaid_card,4,2025-11
KO2606066,0,0.09891004822113349,0,Robot Vacuum,cod,0,2025-11
KO2606047,0,0.04897893784579786,0,Ceiling Fan,cod,0,2025-11
KO2606045,0,0.0674709253685511,0,Water Purifier,cod,0,2025-11
KO2606028,0,0.10716804318134542,0,Mixer Grinder,cod,0,2025-11
KO2606029,0,0.06744886868597597,0,Air Fryer,cod,0,2025-11
KO2606030,0,0.058638877933860786,0,Room Heater,cod,0,2025-11
KO2606031,0,0.023650202380878307,0,Air Fryer,prepaid_upi,0,2025-11
KO2606032,0,0.07006820821784512,0,Room Heater,prepaid_upi,0,2025-11
KO2606033,0,0.23880310197906907,0,Robot Vacuum,prepaid_card,0,2025-11
KO2606034,0,0.17182039293396809,1,Water Purifier,prepaid_upi,0,2025-11
KO2606035,0,0.11097751849731796,0,Induction Cooktop,cod,0,2025-11
KO2606036,0,0.05112767347430617,0,Ceiling Fan,cod,0,2025-11
KO2606037,0,0.08157383422428625,0,Water Purifier,prepaid_upi,0,2025-11
KO2606038,0,0.2212937166518073,0,Room Heater,cod,0,2025-11
KO2606039,0,0.03710387217442819,0,Air Fryer,prepaid_upi,0,2025-11
KO2606040,0,0.020513979370020922,0,Air Fryer,prepaid_upi,0,2025-11
KO2606041,0,0.09161461886799187,0,Air Fryer,prepaid_upi,0,2025-11
KO2606042,0,0.3280802499974096,0,Robot Vacuum,cod,1,2025-11
KO2606043,0,0.07769709406477283,0,Room Heater,prepaid_upi,0,2025-11
KO2606044,0,0.05092425976006566,0,Robot Vacuum,prepaid_upi,0,2025-11
KO2606046,0,0.23726733289108226,0,Air Fryer,cod,0,2025-11
KO2606027,0,0.20615203207024066,0,Air Fryer,cod,0,2025-11
KO2606067,0,0.04751120289853401,0,Water Purifier,prepaid_upi,0,2025-11
KO2606069,0,0.1571447390717869,0,Air Fryer,cod,0,2025-11
KO2606091,0,0.02982584392953525,0,Room Heater,emi,0,2025-11
KO2606092,0,0.14379012762484095,0,Robot Vacuum,prepaid_upi,0,2025-11
KO2606093,0,0.03523198695328901,0,Induction Cooktop,prepaid_card,0,2025-11
KO2606094,0,0.030092141656992876,0,Air Fryer,prepaid_upi,0,2025-11
KO2606095,0,0.01842434011950848,0,Induction Cooktop,prepaid_upi,0,2025-11
KO2606096,1,0.17488830775104475,1,Ceiling Fan,cod,0,2025-11
KO2606097,0,0.07839263628793654,1,Ceiling Fan,prepaid_upi,1,2025-11
KO2606098,0,0.04183886204341376,0,Induction Cooktop,prepaid_card,1,2025-11
KO2606099,0,0.022700222083003842,0,Room Heater,prepaid_upi,0,2025-11
KO2606100,0,0.04140770642129831,0,Robot Vacuum,prepaid_upi,0,2025-11
KO2606101,0,0.028283358648180955,0,Induction Cooktop,prepaid_upi,0,2025-11
KO2606102,1,0.28914973145805184,0,Room Heater,cod,0,2025-11
KO2606103,0,0.03445738547911404,0,Air Fryer,prepaid_upi,0,2025-11
KO2606104,0,0.24048261511871621,0,Room Heater,cod,0,2025-11
KO2606105,0,0.022779352641741985,0,Induction Cooktop,prepaid_upi,0,2025-11
KO2606106,0,0.05936420733857803,0,Water Purifier,prepaid_upi,0,2025-11
KO2606107,0,0.09141259239730894,0,Room Heater,prepaid_upi,0,2025-11
KO2606090,0,0.10230770034560757,0,Water Purifier,prepaid_card,0,2025-11
KO2606068,0,0.013775135509276107,0,Ceiling Fan,prepaid_upi,0,2025-11
KO2606089,0,0.06482574539795063,0,Air Fryer,emi,0,2025-11
KO2606087,0,0.07395114942205126,0,Robot Vacuum,prepaid_card,0,2025-11
KO2606070,0,0.12927612160411325,0,Robot Vacuum,prepaid_upi,1,2025-11
KO2606071,0,0.042222172267708004,0,Ceiling Fan,cod,0,2025-11
KO2606072,0,0.012898747012123768,0,Ceiling Fan,prepaid_upi,0,2025-11
KO2606073,1,0.09925811842536539,0,Induction Cooktop,cod,0,2025-11
KO2606074,0,0.19664995645217767,1,Water Purifier,prepaid_upi,0,2025-11
KO2606075,1,0.09572289009099846,0,Robot Vacuum,prepaid_upi,0,2025-11
KO2606076,0,0.22338352902718925,1,Robot Vacuum,prepaid_upi,0,2025-11
KO2606077,0,0.06424081821615878,0,Water Purifier,prepaid_card,0,2025-11
KO2606078,0,0.18432268143327582,0,Robot Vacuum,cod,0,2025-11
KO2606079,0,0.08929221991074118,0,Air Fryer,prepaid_upi,0,2025-11
KO2606080,0,0.18684558486341296,1,Robot Vacuum,cod,0,2025-11
KO2606081,0,0.06474502393985601,0,Room Heater,prepaid_upi,0,2025-11
KO2606082,0,0.04302341134923193,0,Room Heater,prepaid_card,0,2025-11
KO2606083,0,0.024639849314087938,0,Water Purifier,prepaid_upi,0,2025-11
KO2606084,0,0.033744769233094996,0,Room Heater,prepaid_card,0,2025-11
KO2606085,0,0.06678578533484346,0,Induction Cooktop,cod,0,2025-11
KO2606086,0,0.07573963223621964,0,Air Fryer,cod,0,2025-11
KO2606088,0,0.07828752616963242,1,Water Purifier,prepaid_upi,0,2025-11
KO2606026,0,0.06283758009772782,0,Air Fryer,prepaid_card,0,2025-11
KO2606025,0,0.035072221338631575,0,Induction Cooktop,emi,0,2025-11
KO2606024,0,0.07015407139021526,0,Room Heater,prepaid_card,0,2025-11
KO2605964,0,0.03933375587944564,0,Induction Cooktop,cod,0,2025-11
KO2605965,0,0.12028856638947387,0,Robot Vacuum,cod,0,2025-11
KO2605966,1,0.09372041659348371,0,Induction Cooktop,cod,0,2025-11
KO2605967,0,0.19695010485351755,0,Water Purifier,cod,0,2025-11
KO2605968,1,0.19094611081068522,1,Air Fryer,cod,0,2025-11
KO2605969,0,0.12155235532494678,0,Air Fryer,prepaid_upi,0,2025-11
KO2605970,0,0.13473729536102702,0,Air Fryer,prepaid_upi,2,2025-11
KO2605971,0,0.09537087523703448,0,Room Heater,prepaid_card,0,2025-11
KO2605972,0,0.04638259071152967,0,Mixer Grinder,prepaid_upi,0,2025-11
KO2605973,0,0.14729695681615132,0,Water Purifier,cod,0,2025-11
KO2605974,0,0.013253497220808895,0,Induction Cooktop,prepaid_upi,0,2025-11
KO2605975,0,0.03612021649778087,0,Mixer Grinder,emi,0,2025-11
KO2605976,0,0.0881296603532965,0,Room Heater,emi,0,2025-11
KO2605977,1,0.094855674847428,0,Water Purifier,prepaid_upi,0,2025-11
KO2605978,0,0.0820611232235686,1,Induction Cooktop,prepaid_upi,0,2025-11
KO2605979,0,0.19338688063735918,0,Water Purifier,cod,0,2025-11
KO2605980,0,0.10310566322782627,0,Air Fryer,emi,0,2025-11
KO2605963,0,0.15260233289712682,0,Water Purifier,prepaid_upi,0,2025-11
KO2605981,0,0.09870101437961136,0,Water Purifier,prepaid_card,0,2025-11
KO2605962,0,0.022440955852037224,0,Induction Cooktop,emi,0,2025-11
KO2605960,0,0.0464931133852076,0,Water Purifier,prepaid_card,0,2025-11
KO2605943,0,0.030835254570841717,0,Ceiling Fan,prepaid_card,0,2025-11
KO2605944,0,0.047058428280391223,0,Air Fryer,prepaid_upi,0,2025-11
KO2605945,0,0.08058363440980366,0,Robot Vacuum,emi,0,2025-11
KO2605946,0,0.08942539059967758,0,Air Fryer,prepaid_card,0,2025-11
KO2605947,0,0.2663801194404922,1,Robot Vacuum,emi,0,2025-11
KO2605948,0,0.11671005437116681,1,Induction Cooktop,cod,0,2025-11
KO2605950,1,0.24788900781312245,1,Water Purifier,cod,0,2025-11
KO2605949,0,0.024883144298309668,0,Mixer Grinder,prepaid_upi,0,2025-11
KO2605951,0,0.22154083177706888,0,Induction Cooktop,cod,0,2025-11
KO2605952,0,0.054812312461645786,1,Mixer Grinder,emi,0,2025-11
KO2605953,0,0.03322084686642591,0,Air Fryer,emi,0,2025-11
KO2605954,0,0.021360784539846828,0,Induction Cooktop,prepaid_upi,0,2025-11
KO2605955,0,0.014256833278014826,0,Induction Cooktop,emi,0,2025-11
KO2605956,0,0.048246391451592756,0,Water Purifier,prepaid_upi,0,2025-11
KO2605957,0,0.01587660275752646,0,Mixer Grinder,prepaid_card,0,2025-11
KO2605958,0,0.02375969775038125,0,Mixer Grinder,prepaid_card,0,2025-11
KO2605959,0,0.17263062089541975,0,Air Fryer,cod,0,2025-11
KO2605961,0,0.06009471174645545,0,Room Heater,prepaid_upi,0,2025-11
KO2605982,0,0.30896058179486013,0,Robot Vacuum,prepaid_card,2,2025-11
KO2605983,0,0.0929755660771403,0,Induction Cooktop,cod,0,2025-11
KO2605984,1,0.2143506990106483,0,Ceiling Fan,cod,0,2025-11
KO2606007,1,0.18886440519314263,1,Robot Vacuum,prepaid_card,0,2025-11
KO2606008,0,0.03130070025187288,0,Ceiling Fan,prepaid_upi,0,2025-11
KO2606009,0,0.06011912736481354,0,Mixer Grinder,cod,0,2025-11
KO2606010,0,0.2228320016586331,0,Robot Vacuum,cod,0,2025-11
KO2606011,0,0.020447979009152798,0,Ceiling Fan,prepaid_card,0,2025-11
KO2606012,0,0.07904282881333036,0,Air Fryer,prepaid_card,0,2025-11
KO2606013,0,0.09259026466906606,0,Robot Vacuum,cod,0,2025-11
KO2606014,0,0.016948965752879155,0,Ceiling Fan,prepaid_card,0,2025-11
KO2606015,0,0.1288776949467393,0,Robot Vacuum,cod,0,2025-11
KO2606016,0,0.019852582805245208,0,Air Fryer,prepaid_upi,0,2025-11
KO2606017,0,0.030938719788789655,0,Room Heater,prepaid_card,0,2025-11
KO2606018,0,0.012226676136238014,0,Induction Cooktop,prepaid_card,0,2025-11
KO2606019,0,0.04180612783386774,0,Induction Cooktop,cod,0,2025-11
KO2606020,0,0.08301138831749283,0,Ceiling Fan,cod,0,2025-11
KO2606021,0,0.11768716193903964,0,Water Purifier,emi,0,2025-11
KO2606022,1,0.9264852516499251,0,Robot Vacuum,prepaid_card,4,2025-11
KO2606023,0,0.2506929293283088,1,Air Fryer,prepaid_upi,0,2025-11
KO2606006,0,0.0964913821489204,0,Robot Vacuum,prepaid_upi,0,2025-11
KO2606005,0,0.056246539517794236,0,Water Purifier,prepaid_card,0,2025-11
KO2606004,0,0.0381399534563378,0,Room Heater,prepaid_card,0,2025-11
KO2606003,0,0.07488914559069307,0,Air Fryer,prepaid_card,0,2025-11
KO2605985,1,0.0406858548525551,0,Robot Vacuum,prepaid_upi,0,2025-11
KO2605986,0,0.17062051692920657,1,Air Fryer,emi,0,2025-11
KO2605987,0,0.04703586751640135,0,Ceiling Fan,prepaid_upi,0,2025-11
KO2605988,0,0.07372195392012953,0,Water Purifier,prepaid_card,0,2025-11
KO2605989,0,0.13578574662019324,1,Robot Vacuum,prepaid_card,0,2025-11
KO2605990,0,0.020241833661291612,0,Mixer Grinder,prepaid_card,0,2025-11
KO2605991,0,0.0227864186152688,0,Mixer Grinder,prepaid_upi,0,2025-11
KO2605992,0,0.08642965782267134,0,Water Purifier,prepaid_card,0,2025-11
KO2605941,0,0.019010879175606735,0,Room Heater,prepaid_upi,0,2025-11
KO2605993,0,0.38503909775312817,0,Induction Cooktop,prepaid_upi,3,2025-11
KO2605995,0,0.3711832951170289,1,Room Heater,cod,0,2025-11
KO2605996,0,0.2730101557016182,1,Room Heater,cod,0,2025-11
KO2605997,0,0.0793596094605377,0,Room Heater,prepaid_upi,0,2025-11
KO2605998,0,0.08718590759675869,0,Air Fryer,prepaid_card,0,2025-11
KO2605999,0,0.03954880769343564,0,Mixer Grinder,prepaid_upi,0,2025-11
KO2606000,0,0.09911945860637898,0,Water Purifier,cod,0,2025-11
KO2606001,0,0.006564086584610221,0,Mixer Grinder,prepaid_upi,0,2025-11
KO2606002,1,0.05813833899467023,0,Air Fryer,prepaid_card,0,2025-11
KO2605994,0,0.10398924610713434,0,Water Purifier,prepaid_card,0,2025-11
KO2605097,1,0.03604284696853255,0,Air Fryer,prepaid_upi,0,2025-11
KO2605096,0,0.08478832973798708,0,Robot Vacuum,emi,0,2025-11
KO2605260,0,0.04162062222332233,0,Air Fryer,emi,0,2025-11
KO2605094,0,0.07074143438829811,0,Robot Vacuum,emi,0,2025-11
KO2605095,0,0.08043707833409991,1,Induction Cooktop,prepaid_upi,0,2025-11
KO2604870,0,0.012642446332665178,0,Induction Cooktop,prepaid_upi,0,2025-11
KO2604871,0,0.07588310008960306,0,Robot Vacuum,prepaid_card,0,2025-11
KO2604872,0,0.05422984473106574,0,Robot Vacuum,prepaid_upi,0,2025-11
KO2604873,0,0.038381214091678884,0,Room Heater,prepaid_card,0,2025-11
KO2604874,0,0.24370247203936574,0,Room Heater,cod,0,2025-11
KO2604875,0,0.025726157444772777,0,Ceiling Fan,prepaid_card,0,2025-11
KO2604876,0,0.056181657384721605,0,Mixer Grinder,prepaid_upi,0,2025-11
KO2604877,0,0.060026973912774284,0,Room Heater,prepaid_upi,0,2025-11
KO2604878,0,0.2514646700575824,0,Air Fryer,cod,0,2025-11
KO2604879,0,0.03678272600308725,0,Room Heater,emi,0,2025-11
KO2604880,0,0.09153027626332956,0,Robot Vacuum,prepaid_upi,0,2025-11
KO2604881,0,0.023842096801692532,0,Ceiling Fan,prepaid_card,0,2025-11
KO2604882,0,0.252446934392463,0,Robot Vacuum,prepaid_card,0,2025-11
KO2604883,0,0.11554862969716082,0,Water Purifier,prepaid_card,0,2025-11
KO2604884,0,0.08815790787070675,1,Air Fryer,prepaid_upi,0,2025-11
KO2604885,0,0.012071021362361904,0,Mixer Grinder,prepaid_upi,0,2025-11
KO2604887,1,0.28888445002942237,0,Room Heater,cod,1,2025-11
KO2604909,0,0.07659103263101918,0,Robot Vacuum,prepaid_card,0,2025-11
KO2604910,0,0.11646058955528651,0,Water Purifier,emi,0,2025-11
KO2604911,0,0.015027071722118524,0,Mixer Grinder,prepaid_upi,0,2025-11
KO2604912,1,0.11799648000309804,1,Mixer Grinder,cod,0,2025-11
KO2604913,0,0.033484543036239316,0,Water Purifier,prepaid_card,0,2025-11
KO2604914,0,0.10057790121044297,0,Robot Vacuum,emi,0,2025-11
KO2604915,0,0.201864905484781,0,Air Fryer,cod,0,2025-11
KO2604916,0,0.030451199967033844,0,Ceiling Fan,prepaid_upi,0,2025-11
KO2604917,0,0.14523191631028065,0,Air Fryer,cod,0,2025-11
KO2604918,0,0.08855746844839481,0,Water Purifier,prepaid_upi,0,2025-11
KO2604919,1,0.09312680381992135,0,Ceiling Fan,prepaid_upi,2,2025-11
KO2604920,0,0.06672862776506686,0,Water Purifier,prepaid_upi,0,2025-11
KO2604921,0,0.03199017089301944,0,Air Fryer,prepaid_card,0,2025-11
KO2604922,0,0.10118698997298199,0,Air Fryer,prepaid_card,0,2025-11
KO2604923,0,0.025483118297136786,0,Ceiling Fan,emi,0,2025-11
KO2604924,0,0.04136225402791138,0,Mixer Grinder,cod,0,2025-11
KO2604925,0,0.5567038762753596,0,Air Fryer,prepaid_card,3,2025-11
KO2604908,0,0.029266270493717553,0,Ceiling Fan,prepaid_upi,0,2025-11
KO2604886,0,0.10888772357630269,0,Room Heater,prepaid_card,1,2025-11
KO2604907,0,0.1363259467630855,0,Air Fryer,cod,0,2025-11
KO2604905,0,0.21896311842352387,0,Ceiling Fan,cod,0,2025-11
KO2604888,0,0.1767491432473714,0,Room Heater,cod,0,2025-11
KO2604889,0,0.10444128450338425,1,Induction Cooktop,cod,0,2025-11
KO2604890,0,0.036745587692920315,0,Induction Cooktop,prepaid_upi,1,2025-11
KO2604891,0,0.07270420746466967,0,Room Heater,cod,0,2025-11
KO2604892,0,0.3963872531741785,1,Water Purifier,cod,0,2025-11
KO2604893,0,0.08640197764854975,0,Air Fryer,prepaid_card,0,2025-11
KO2604894,0,0.16784079207232336,0,Air Fryer,cod,0,2025-11
KO2604895,0,0.15893265193213635,0,Robot Vacuum,cod,0,2025-11
KO2604896,0,0.02289202632611135,0,Room Heater,prepaid_upi,0,2025-11
KO2604897,0,0.05445108009719945,0,Room Heater,prepaid_card,0,2025-11
KO2604898,0,0.05272873724743138,1,Mixer Grinder,prepaid_upi,0,2025-11
KO2604899,1,0.08239118940547718,0,Robot Vacuum,emi,0,2025-11
KO2604900,0,0.13113520860322264,0,Ceiling Fan,emi,0,2025-11
KO2604901,0,0.119479821849936,0,Robot Vacuum,emi,0,2025-11
KO2604902,0,0.13679730040979407,0,Room Heater,cod,0,2025-11
KO2604903,0,0.04868209988791682,0,Ceiling Fan,prepaid_upi,0,2025-11
KO2604904,0,0.23164525594330257,0,Robot Vacuum,cod,0,2025-11
KO2604906,0,0.019005724268335904,0,Room Heater,prepaid_card,0,2025-11
KO2604926,0,0.041895546689850106,0,Air Fryer,prepaid_upi,0,2025-11
KO2604927,0,0.04535867286301053,1,Mixer Grinder,prepaid_upi,0,2025-11
KO2604929,0,0.06390209866115092,0,Ceiling Fan,prepaid_upi,1,2025-11
KO2605035,0,0.2510186044916664,1,Ceiling Fan,cod,0,2025-11
KO2605036,0,0.029670591506876693,0,Mixer Grinder,cod,0,2025-11
KO2605037,0,0.08285032855165775,1,Induction Cooktop,prepaid_upi,0,2025-11
KO2605038,0,0.015220198986259441,0,Ceiling Fan,prepaid_upi,0,2025-11
KO2605039,0,0.040298191812879566,0,Mixer Grinder,emi,0,2025-11
KO2605040,0,0.03188368727431287,0,Induction Cooktop,prepaid_upi,0,2025-11
KO2605041,0,0.014044873134726518,0,Mixer Grinder,prepaid_upi,0,2025-11
KO2605042,0,0.15111663540134043,0,Air Fryer,cod,0,2025-11
KO2605043,0,0.1936178970505929,1,Ceiling Fan,cod,0,2025-11
KO2605044,0,0.01798144275777568,0,Induction Cooktop,prepaid_upi,0,2025-11
KO2605045,0,0.06210205969726998,0,Water Purifier,emi,0,2025-11
KO2605046,0,0.16498691108832653,0,Induction Cooktop,cod,1,2025-11
KO2605047,0,0.05728125319743165,0,Water Purifier,prepaid_upi,0,2025-11
KO2605048,0,0.11269689512266351,0,Water Purifier,prepaid_card,0,2025-11
KO2605049,0,0.06024212506404594,0,Induction Cooktop,cod,0,2025-11
KO2605050,0,0.06865741457168807,1,Ceiling Fan,prepaid_upi,0,2025-11
KO2605051,0,0.04861556931868286,0,Room Heater,prepaid_upi,0,2025-11
KO2605034,0,0.04659142339929142,1,Ceiling Fan,prepaid_card,0,2025-11
KO2605052,0,0.08284553492708928,0,Water Purifier,cod,0,2025-11
KO2605033,0,0.046964478764311875,1,Mixer Grinder,emi,0,2025-11
KO2605031,0,0.0738113271591333,1,Room Heater,prepaid_card,0,2025-11
KO2605014,0,0.02323832348340528,0,Induction Cooktop,prepaid_card,0,2025-11
KO2605015,0,0.033616597006671425,0,Air Fryer,prepaid_card,0,2025-11
KO2605016,0,0.07002339717095674,0,Mixer Grinder,prepaid_upi,0,2025-11
KO2605017,0,0.1970686348875234,1,Mixer Grinder,cod,0,2025-11
KO2605018,0,0.09204794127163986,0,Room Heater,cod,0,2025-11
KO2605019,0,0.058395543819906436,0,Induction Cooktop,cod,0,2025-11
KO2605020,0,0.21782702446619978,0,Room Heater,cod,1,2025-11
KO2605021,0,0.06174307512457359,1,Mixer Grinder,cod,0,2025-11
KO2605022,0,0.0458345988094849,1,Ceiling Fan,emi,0,2025-11
KO2605023,1,0.27098635485084105,0,Robot Vacuum,cod,0,2025-11
KO2605024,0,0.01842326712277738,0,Induction Cooktop,prepaid_upi,0,2025-11
KO2605026,0,0.1341738603951381,1,Induction Cooktop,cod,0,2025-11
KO2605025,0,0.03201573837712934,0,Mixer Grinder,prepaid_upi,0,2025-11
KO2605027,0,0.038313236375346706,0,Ceiling Fan,prepaid_upi,0,2025-11
KO2605028,0,0.15818380410443816,0,Room Heater,cod,1,2025-11
KO2605029,0,0.14330686169451912,0,Room Heater,cod,0,2025-11
KO2605030,0,0.03713521070935063,0,Room Heater,prepaid_card,0,2025-11
KO2605032,0,0.16787167730725874,0,Air Fryer,cod,0,2025-11
KO2605013,0,0.04211258164700261,0,Room Heater,prepaid_upi,0,2025-11
KO2605053,0,0.17476522200730632,0,Room Heater,cod,0,2025-11
KO2605055,0,0.17999234186151725,0,Water Purifier,prepaid_card,0,2025-11
KO2605077,0,0.12681570333119044,0,Robot Vacuum,prepaid_upi,0,2025-11
KO2605078,0,0.062422014419960196,0,Water Purifier,prepaid_card,0,2025-11
KO2605079,0,0.016367321674892372,0,Mixer Grinder,prepaid_upi,0,2025-11
KO2605080,0,0.46491837943735115,0,Robot Vacuum,cod,1,2025-11
KO2605081,0,0.09107333309514426,0,Water Purifier,emi,0,2025-11
KO2605082,0,0.03029849796774624,0,Mixer Grinder,prepaid_upi,0,2025-11
KO2605083,0,0.2855031821983848,0,Robot Vacuum,prepaid_upi,1,2025-11
KO2605084,0,0.04047580827214572,0,Room Heater,prepaid_card,0,2025-11
KO2605085,1,0.019964943496162516,0,Induction Cooktop,prepaid_upi,0,2025-11
KO2605086,0,0.03014257451648345,0,Room Heater,prepaid_upi,0,2025-11
KO2605087,0,0.07277120519766052,0,Ceiling Fan,prepaid_card,0,2025-11
KO2605088,0,0.03328854087840283,0,Room Heater,emi,0,2025-11
KO2605089,0,0.02731963804451888,0,Induction Cooktop,prepaid_upi,0,2025-11
KO2605090,0,0.016869516416961893,0,Ceiling Fan,prepaid_upi,0,2025-11
KO2605091,0,0.14749457643692557,1,Mixer Grinder,cod,0,2025-11
KO2605092,0,0.2810114491474237,1,Room Heater,prepaid_card,0,2025-11
KO2605093,0,0.14450524241962842,0,Induction Cooktop,prepaid_card,2,2025-11
KO2605076,0,0.07314384842065058,1,Ceiling Fan,cod,0,2025-11
KO2605054,0,0.22836869346583807,0,Robot Vacuum,cod,0,2025-11
KO2605075,0,0.060936432123290314,0,Mixer Grinder,cod,0,2025-11
KO2605073,1,0.16359243178986368,1,Mixer Grinder,cod,0,2025-11
KO2605056,0,0.04246588276676584,0,Room Heater,prepaid_upi,0,2025-11
KO2605057,0,0.22120374359792375,0,Water Purifier,cod,0,2025-11
KO2605058,0,0.05721712846666176,0,Air Fryer,emi,0,2025-11
KO2605059,0,0.08122395631349554,0,Room Heater,emi,0,2025-11
KO2605060,0,0.04787549841810295,1,Induction Cooktop,prepaid_card,0,2025-11
KO2605061,0,0.016451131489914957,0,Mixer Grinder,prepaid_upi,0,2025-11
KO2605062,0,0.33867060067617705,1,Robot Vacuum,prepaid_card,1,2025-11
KO2605063,1,0.6623121371292037,0,Room Heater,prepaid_upi,3,2025-11
KO2605064,0,0.12581418075301035,0,Robot Vacuum,cod,0,2025-11
KO2605065,1,0.1871950329494944,1,Air Fryer,prepaid_card,0,2025-11
KO2605066,0,0.04549194005143459,0,Air Fryer,prepaid_upi,0,2025-11
KO2605067,0,0.02903458070632559,0,Mixer Grinder,prepaid_card,0,2025-11
KO2605068,0,0.19151338033228973,0,Air Fryer,cod,0,2025-11
KO2605069,0,0.03553999208517382,0,Room Heater,emi,0,2025-11
KO2605070,0,0.05811188124660275,0,Room Heater,prepaid_upi,0,2025-11
KO2605071,0,0.17115737437296075,1,Room Heater,prepaid_card,0,2025-11
KO2605072,1,0.7792311558076486,0,Air Fryer,prepaid_upi,4,2025-11
KO2605074,0,0.052751475246029605,0,Room Heater,prepaid_card,0,2025-11
KO2604928,0,0.060754094726374726,0,Air Fryer,prepaid_card,0,2025-11
KO2605012,1,0.03514222648307477,0,Mixer Grinder,prepaid_upi,0,2025-11
KO2605010,0,0.03335879081419283,0,Ceiling Fan,prepaid_upi,0,2025-11
KO2604951,0,0.0277288974658786,0,Induction Cooktop,emi,0,2025-11
KO2604952,0,0.031541123945059736,0,Induction Cooktop,prepaid_upi,0,2025-11
KO2604953,0,0.109141745761684,0,Water Purifier,prepaid_card,1,2025-11
KO2604954,0,0.023475705075594183,0,Induction Cooktop,prepaid_upi,0,2025-11
KO2604955,0,0.1158981185549691,1,Ceiling Fan,cod,0,2025-11
KO2604956,0,0.12009196544558091,0,Air Fryer,cod,0,2025-11
KO2604957,0,0.038319197679478424,0,Ceiling Fan,prepaid_upi,0,2025-11
KO2604959,1,0.14960544797379255,0,Water Purifier,cod,0,2025-11
KO2604958,0,0.048064597655872725,0,Water Purifier,prepaid_upi,0,2025-11
KO2604960,0,0.05181948553170163,1,Room Heater,prepaid_upi,0,2025-11
KO2604961,0,0.20787417917745232,0,Air Fryer,cod,0,2025-11
KO2604962,0,0.6844798541186893,0,Robot Vacuum,cod,2,2025-11
KO2604963,0,0.04394578165191444,0,Induction Cooktop,prepaid_upi,0,2025-11
KO2604964,0,0.21839122652446205,0,Robot Vacuum,cod,0,2025-11
KO2604965,0,0.045643243734637705,1,Induction Cooktop,prepaid_upi,0,2025-11
KO2604966,0,0.4346988321083978,0,Air Fryer,cod,0,2025-11
KO2604967,0,0.03901292084928485,0,Ceiling Fan,prepaid_card,0,2025-11
KO2604950,0,0.05886885485211741,0,Water Purifier,prepaid_upi,0,2025-11
KO2604968,1,0.3268769538791488,0,Room Heater,cod,0,2025-11
KO2604949,0,0.08186380152406994,0,Induction Cooktop,cod,0,2025-11
KO2604947,0,0.0814251669134637,0,Ceiling Fan,cod,0,2025-11
KO2604930,1,0.11871276560022777,0,Mixer Grinder,cod,0,2025-11
KO2604931,0,0.03312110937531041,0,Mixer Grinder,prepaid_upi,0,2025-11
KO2604932,0,0.01384431582623411,0,Induction Cooktop,emi,0,2025-11
KO2604933,0,0.022536307295352227,0,Mixer Grinder,prepaid_upi,0,2025-11
KO2604934,1,0.15457528003341905,1,Room Heater,emi,1,2025-11
KO2604935,0,0.13756059101862475,1,Room Heater,prepaid_upi,1,2025-11
KO2604936,0,0.09696314823088784,0,Robot Vacuum,emi,0,2025-11
KO2604937,0,0.25509560019237293,0,Robot Vacuum,cod,1,2025-11
KO2604938,0,0.11877313862188489,1,Room Heater,prepaid_card,0,2025-11
KO2604939,0,0.04895812111139237,1,Induction Cooktop,prepaid_upi,0,2025-11
KO2604940,0,0.2024812033068104,0,Robot Vacuum,cod,0,2025-11
KO2604941,0,0.17548992235309144,0,Induction Cooktop,cod,0,2025-11
KO2604942,0,0.04239585128317325,0,Ceiling Fan,cod,0,2025-11
KO2604943,0,0.13571737711107815,0,Room Heater,prepaid_upi,0,2025-11
KO2604944,0,0.11806797012789542,0,Mixer Grinder,cod,0,2025-11
KO2604945,0,0.10631012605309738,0,Ceiling Fan,cod,0,2025-11
KO2604946,0,0.016932867107525857,0,Room Heater,prepaid_card,0,2025-11
KO2604948,0,0.032353792105573334,0,Room Heater,prepaid_upi,0,2025-11
KO2605011,0,0.029024182936416374,0,Induction Cooktop,prepaid_upi,0,2025-11
KO2604969,0,0.021393051359882117,0,Mixer Grinder,prepaid_card,0,2025-11
KO2604971,0,0.015837480870533948,0,Ceiling Fan,emi,0,2025-11
KO2604993,1,0.35630789753220365,0,Ceiling Fan,emi,2,2025-11
KO2604994,0,0.06682300467120951,0,Mixer Grinder,prepaid_upi,1,2025-11
KO2604995,0,0.10850487111535444,0,Room Heater,prepaid_upi,0,2025-11
KO2604996,0,0.4342164733555392,0,Water Purifier,cod,1,2025-11
KO2604998,0,0.20688658384939332,0,Air Fryer,cod,0,2025-11
KO2604997,0,0.08776171768904628,0,Robot Vacuum,prepaid_card,0,2025-11
KO2604999,0,0.014258186155808516,0,Mixer Grinder,emi,0,2025-11
KO2605000,0,0.09778657025579693,0,Mixer Grinder,cod,1,2025-11
KO2605001,0,0.06477563593824286,0,Induction Cooktop,cod,0,2025-11
KO2605002,0,0.02166007154886255,0,Mixer Grinder,prepaid_upi,0,2025-11
KO2605003,0,0.03329981105994603,0,Induction Cooktop,prepaid_card,0,2025-11
KO2605004,0,0.11185833754662296,1,Room Heater,prepaid_card,0,2025-11
KO2605005,0,0.06952153547554744,0,Mixer Grinder,cod,0,2025-11
KO2605006,0,0.023340840075267533,0,Mixer Grinder,emi,0,2025-11
KO2605007,0,0.07692725989502042,1,Ceiling Fan,prepaid_upi,0,2025-11
KO2605008,0,0.03952011184963793,0,Mixer Grinder,prepaid_upi,0,2025-11
KO2605009,0,0.05915074145717389,0,Air Fryer,prepaid_card,0,2025-11
KO2604992,0,0.21215576354621882,0,Room Heater,cod,0,2025-11
KO2604970,0,0.08696738421649992,0,Robot Vacuum,emi,0,2025-11
KO2604991,0,0.043190814173122885,0,Induction Cooktop,prepaid_upi,0,2025-11
KO2604989,0,0.07916099315865424,0,Ceiling Fan,cod,0,2025-11
KO2604972,0,0.09327347230964698,0,Air Fryer,emi,0,2025-11
KO2604973,0,0.10971466264328954,0,Air Fryer,cod,0,2025-11
KO2604974,0,0.10106693052014876,0,Room Heater,emi,0,2025-11
KO2604975,0,0.20738470558723732,0,Water Purifier,cod,0,2025-11
KO2604976,0,0.4426385683631511,1,Robot Vacuum,prepaid_card,1,2025-11
KO2604977,0,0.03689798162414846,0,Induction Cooktop,cod,0,2025-11
KO2604978,0,0.17256356936142797,0,Air Fryer,prepaid_card,1,2025-11
KO2604979,0,0.023696220181714293,0,Mixer Grinder,prepaid_upi,0,2025-11
KO2604980,0,0.11598196440269007,1,Mixer Grinder,prepaid_upi,1,2025-11
KO2604981,1,0.28514152927957154,0,Robot Vacuum,prepaid_upi,1,2025-11
KO2604982,0,0.030858866554258502,1,Mixer Grinder,prepaid_upi,0,2025-11
KO2604983,0,0.030778441272434773,0,Air Fryer,prepaid_upi,0,2025-11
KO2604984,0,0.09339654259023047,0,Water Purifier,emi,0,2025-11
KO2604985,0,0.04440089641521279,0,Water Purifier,prepaid_upi,0,2025-11
KO2604986,0,0.11428515032359894,0,Robot Vacuum,prepaid_card,1,2025-11
KO2604987,0,0.05896323008300812,0,Ceiling Fan,cod,0,2025-11
KO2604988,0,0.03679405808563994,0,Ceiling Fan,cod,0,2025-11
KO2604990,0,0.09779741425684745,1,Air Fryer,prepaid_card,0,2025-11
KO2606894,0,0.042854090713665555,0,Induction Cooktop,prepaid_card,0,2026-01
KO2606895,0,0.05863099415609455,0,Air Fryer,emi,0,2026-01
KO2606896,0,0.018486768023611818,0,Room Heater,prepaid_upi,0,2026-01
KO2606897,0,0.10779362271603521,1,Air Fryer,emi,0,2026-01
KO2606898,0,0.17287406703188352,0,Water Purifier,cod,0,2026-01
KO2606899,1,0.11581377241252915,0,Robot Vacuum,cod,0,2026-01
KO2606900,0,0.17304615874278928,1,Induction Cooktop,cod,0,2026-01
KO2606901,0,0.08478101309487975,0,Ceiling Fan,cod,0,2026-01
KO2606902,0,0.2754821787780962,1,Air Fryer,prepaid_upi,1,2026-01
KO2606903,0,0.0372073357445029,1,Ceiling Fan,prepaid_upi,0,2026-01
KO2606904,0,0.25961683286886517,0,Water Purifier,cod,1,2026-01
KO2606905,0,0.025336180592017164,0,Mixer Grinder,prepaid_upi,0,2026-01
KO2606906,1,0.06119676131285571,1,Mixer Grinder,prepaid_card,0,2026-01
KO2606907,0,0.07821461937487167,0,Ceiling Fan,cod,1,2026-01
KO2606908,0,0.029483044482528385,0,Air Fryer,prepaid_card,0,2026-01
KO2606909,0,0.044173544273970876,0,Air Fryer,prepaid_upi,0,2026-01
KO2606910,0,0.12587668886917103,0,Room Heater,prepaid_card,0,2026-01
KO2606893,0,0.05569186787734295,0,Mixer Grinder,prepaid_upi,0,2026-01
KO2606911,0,0.08841435707542532,0,Water Purifier,prepaid_card,0,2026-01
KO2606892,0,0.014846448063611408,0,Induction Cooktop,prepaid_upi,0,2026-01
KO2606890,0,0.03862871298063382,0,Induction Cooktop,prepaid_upi,0,2026-01
KO2606873,0,0.14519902163336798,1,Room Heater,emi,0,2026-01
KO2606874,0,0.030872160889841353,0,Air Fryer,prepaid_upi,0,2026-01
KO2606875,0,0.0325063554043257,0,Ceiling Fan,emi,0,2026-01
KO2606876,0,0.07103004112941085,0,Water Purifier,prepaid_upi,0,2026-01
KO2606877,0,0.10426191114646588,0,Robot Vacuum,prepaid_card,0,2026-01
KO2606878,0,0.1095993209607067,1,Mixer Grinder,prepaid_card,0,2026-01
KO2606879,0,0.06936654488227992,0,Ceiling Fan,cod,0,2026-01
KO2606880,0,0.026165048590280966,0,Ceiling Fan,prepaid_upi,0,2026-01
KO2606881,0,0.11626078741981209,0,Robot Vacuum,prepaid_upi,0,2026-01
KO2606882,1,0.33156053861680385,1,Water Purifier,prepaid_upi,1,2026-01
KO2606883,0,0.06806764265438102,0,Mixer Grinder,cod,0,2026-01
KO2606884,0,0.014199141650868474,0,Ceiling Fan,prepaid_card,0,2026-01
KO2606885,1,0.33535160552736926,1,Mixer Grinder,cod,0,2026-01
KO2606886,1,0.10931987263370686,0,Air Fryer,cod,0,2026-01
KO2606887,0,0.04881701454305056,0,Room Heater,emi,0,2026-01
KO2606888,0,0.17741910739503217,0,Room Heater,cod,0,2026-01
KO2606889,0,0.2443246670199507,0,Room Heater,cod,1,2026-01
KO2606891,0,0.020188034160567157,0,Induction Cooktop,prepaid_card,0,2026-01
KO2606872,0,0.02518594195007899,0,Mixer Grinder,prepaid_upi,0,2026-01
KO2606912,0,0.07890261734950198,0,Room Heater,prepaid_card,1,2026-01
KO2606914,0,0.056928300487993896,0,Water Purifier,emi,0,2026-01
KO2606936,0,0.02046144185063999,0,Induction Cooktop,prepaid_upi,0,2026-01
KO2606937,0,0.18037502795133012,0,Robot Vacuum,cod,0,2026-01
KO2606938,1,0.10678279864108835,0,Air Fryer,prepaid_upi,0,2026-01
KO2606939,0,0.09745896431162447,0,Induction Cooktop,cod,0,2026-01
KO2606940,1,0.07360449980175607,0,Room Heater,prepaid_upi,0,2026-01
KO2606941,0,0.1051312620227046,1,Air Fryer,prepaid_card,0,2026-01
KO2606942,0,0.10326852547511742,0,Air Fryer,prepaid_card,0,2026-01
KO2606943,0,0.16431004899828003,0,Water Purifier,cod,0,2026-01
KO2606944,0,0.044499065470544344,0,Water Purifier,prepaid_upi,0,2026-01
KO2606945,0,0.049516463310170636,0,Water Purifier,prepaid_upi,0,2026-01
KO2606946,0,0.10582821112689791,1,Air Fryer,prepaid_upi,0,2026-01
KO2606947,0,0.27933287063845785,1,Room Heater,emi,0,2026-01
KO2606948,0,0.10256390996674246,0,Water Purifier,prepaid_upi,0,2026-01
KO2606949,0,0.07003327685115714,0,Water Purifier,cod,0,2026-01
KO2606950,0,0.025591361150787084,1,Mixer Grinder,prepaid_upi,0,2026-01
KO2606951,0,0.0456158271359795,0,Air Fryer,prepaid_card,0,2026-01
KO2606952,0,0.04842637750269386,0,Mixer Grinder,prepaid_upi,0,2026-01
KO2606935,0,0.5421797448275418,0,Robot Vacuum,prepaid_upi,3,2026-01
KO2606913,1,0.330978666929674,1,Ceiling Fan,prepaid_upi,2,2026-01
KO2606934,0,0.15358055422076075,1,Ceiling Fan,cod,0,2026-01
KO2606932,0,0.10662346960811313,1,Ceiling Fan,prepaid_card,0,2026-01
KO2606915,0,0.013361119283829595,0,Room Heater,prepaid_upi,0,2026-01
KO2606916,0,0.20008688423347426,0,Robot Vacuum,cod,0,2026-01
KO2606917,0,0.13222406550991941,0,Water Purifier,prepaid_card,0,2026-01
KO2606918,0,0.06007233472581375,1,Room Heater,prepaid_upi,0,2026-01
KO2606919,0,0.06754899963880222,0,Water Purifier,emi,0,2026-01
KO2606920,0,0.12527031462909052,0,Robot Vacuum,cod,0,2026-01
KO2606921,0,0.07699459027294032,1,Air Fryer,emi,0,2026-01
KO2606922,0,0.05103025146556415,0,Ceiling Fan,cod,0,2026-01
KO2606923,0,0.026964508347949504,0,Mixer Grinder,prepaid_upi,0,2026-01
KO2606924,0,0.08387676374794484,0,Mixer Grinder,emi,1,2026-01
KO2606925,0,0.11425095190632656,0,Robot Vacuum,prepaid_card,0,2026-01
KO2606926,0,0.06173168005800751,0,Ceiling Fan,prepaid_upi,0,2026-01
KO2606927,0,0.02769175903481151,0,Ceiling Fan,prepaid_upi,0,2026-01
KO2606928,0,0.01772173291342669,0,Ceiling Fan,prepaid_upi,0,2026-01
KO2606929,0,0.02063089213329384,0,Ceiling Fan,prepaid_upi,0,2026-01
KO2606930,0,0.08878789239297806,1,Mixer Grinder,prepaid_card,0,2026-01
KO2606931,0,0.022696237806764444,0,Air Fryer,prepaid_card,0,2026-01
KO2606933,0,0.12652048106104208,0,Mixer Grinder,cod,0,2026-01
KO2606871,0,0.05050856385263801,0,Robot Vacuum,prepaid_upi,0,2026-01
KO2606870,0,0.016720749532799443,0,Induction Cooktop,prepaid_upi,0,2026-01
KO2606869,0,0.2769086015700082,0,Induction Cooktop,emi,3,2026-01
KO2606809,0,0.04623505494046663,0,Robot Vacuum,prepaid_upi,0,2026-01
KO2606810,0,0.03775584951703621,0,Air Fryer,prepaid_upi,0,2026-01
KO2606811,0,0.12508252482368182,0,Water Purifier,cod,0,2026-01
KO2606812,0,0.13210236413464999,0,Robot Vacuum,emi,0,2026-01
KO2606813,0,0.19489825576256262,1,Water Purifier,prepaid_upi,0,2026-01
KO2606814,0,0.1769933340808209,1,Robot Vacuum,prepaid_upi,0,2026-01
KO2606815,0,0.09682204625889755,0,Water Purifier,cod,0,2026-01
KO2606816,0,0.018612850565968245,0,Room Heater,emi,0,2026-01
KO2606817,0,0.03242899828390821,0,Induction Cooktop,prepaid_card,0,2026-01
KO2606818,0,0.25976676834528584,1,Robot Vacuum,emi,0,2026-01
KO2606819,0,0.04276985875992074,0,Ceiling Fan,cod,0,2026-01
KO2606820,0,0.05348647201474729,1,Air Fryer,prepaid_card,0,2026-01
KO2606821,0,0.1993294571426216,0,Mixer Grinder,cod,1,2026-01
KO2606822,0,0.20683559482564917,1,Room Heater,prepaid_upi,1,2026-01
KO2606823,0,0.05193082285596747,0,Room Heater,prepaid_card,0,2026-01
KO2606824,0,0.027218356178937447,0,Mixer Grinder,prepaid_upi,0,2026-01
KO2606825,0,0.07282869073981803,0,Induction Cooktop,cod,0,2026-01
KO2606808,0,0.04944961196440733,0,Water Purifier,prepaid_upi,0,2026-01
KO2606826,0,0.13941371328754623,1,Induction Cooktop,cod,0,2026-01
KO2606807,1,0.5615733378586854,0,Robot Vacuum,cod,0,2026-01
KO2606805,0,0.11958024467061218,0,Room Heater,prepaid_card,1,2026-01
KO2606788,0,0.06477388081432334,0,Ceiling Fan,prepaid_upi,0,2026-01
KO2606789,0,0.021279044893633945,0,Ceiling Fan,emi,0,2026-01
KO2606790,0,0.33887398212037295,1,Air Fryer,prepaid_upi,1,2026-01
KO2606791,0,0.03772031229277703,1,Induction Cooktop,emi,0,2026-01
KO2606792,0,0.02395114498387697,0,Ceiling Fan,cod,0,2026-01
KO2606793,0,0.05098111948692486,0,Robot Vacuum,prepaid_upi,0,2026-01
KO2606794,0,0.1565989122856931,0,Robot Vacuum,cod,0,2026-01
KO2606795,0,0.09015746933445684,1,Water Purifier,prepaid_upi,0,2026-01
KO2606796,0,0.03244173677782205,0,Induction Cooktop,prepaid_upi,0,2026-01
KO2606797,0,0.2741064395923417,0,Water Purifier,cod,1,2026-01
KO2606798,1,0.1799522889880646,0,Water Purifier,cod,0,2026-01
KO2606799,0,0.0907511073397691,0,Room Heater,cod,0,2026-01
KO2606800,0,0.1518383289536452,0,Ceiling Fan,cod,0,2026-01
KO2606801,1,0.04003207591927725,0,Water Purifier,emi,0,2026-01
KO2606802,0,0.06240103369897434,0,Water Purifier,prepaid_upi,0,2026-01
KO2606803,0,0.0419243811459884,0,Room Heater,cod,0,2026-01
KO2606804,0,0.03033218148186407,0,Mixer Grinder,prepaid_upi,0,2026-01
KO2606806,0,0.045189328565454205,0,Induction Cooktop,prepaid_card,0,2026-01
KO2606827,1,0.11752739901195154,0,Robot Vacuum,prepaid_card,0,2026-01
KO2606828,0,0.05748087342397113,0,Air Fryer,prepaid_upi,0,2026-01
KO2606829,0,0.1754875895731573,1,Air Fryer,cod,0,2026-01
KO2606852,0,0.011181557377852548,0,Ceiling Fan,prepaid_upi,0,2026-01
KO2606853,0,0.0766248387885212,0,Robot Vacuum,prepaid_card,0,2026-01
KO2606854,0,0.11439482633191987,0,Ceiling Fan,cod,0,2026-01
KO2606855,0,0.14803664995381355,0,Air Fryer,cod,1,2026-01
KO2606856,0,0.0401769847018695,0,Ceiling Fan,cod,0,2026-01
KO2606857,0,0.053541702257515,0,Room Heater,prepaid_upi,0,2026-01
KO2606858,0,0.04652665986253468,0,Air Fryer,prepaid_card,0,2026-01
KO2606859,0,0.05254463617916104,0,Air Fryer,emi,1,2026-01
KO2606860,1,0.10612357858773558,0,Robot Vacuum,prepaid_upi,0,2026-01
KO2606861,0,0.18162928182558447,0,Water Purifier,cod,0,2026-01
KO2606862,0,0.05708460694618265,0,Robot Vacuum,prepaid_upi,0,2026-01
KO2606863,0,0.08923750986552244,0,Robot Vacuum,prepaid_upi,0,2026-01
KO2606864,0,0.038825920283387216,0,Air Fryer,prepaid_upi,0,2026-01
KO2606865,0,0.12571461203536302,0,Air Fryer,prepaid_card,0,2026-01
KO2606866,0,0.11827321850688159,0,Robot Vacuum,prepaid_upi,0,2026-01
KO2606867,0,0.0744009762026571,0,Ceiling Fan,cod,0,2026-01
KO2606868,0,0.14255580280381944,0,Air Fryer,cod,0,2026-01
KO2606851,0,0.14928914292644802,1,Water Purifier,prepaid_card,0,2026-01
KO2606850,0,0.060485220922269635,1,Ceiling Fan,cod,0,2026-01
KO2606849,0,0.16193322775774768,0,Room Heater,prepaid_card,0,2026-01
KO2606848,0,0.0766248387885212,0,Robot Vacuum,prepaid_card,0,2026-01
KO2606830,0,0.10711587063095433,0,Robot Vacuum,prepaid_upi,0,2026-01
KO2606831,0,0.07922066191838625,0,Mixer Grinder,prepaid_upi,0,2026-01
KO2606832,0,0.22783276072772624,1,Air Fryer,cod,0,2026-01
KO2606833,0,0.11403216472598914,0,Air Fryer,cod,0,2026-01
KO2606834,0,0.02525941269535344,0,Mixer Grinder,prepaid_upi,0,2026-01
KO2606835,0,0.07294503195613303,1,Mixer Grinder,prepaid_upi,0,2026-01
KO2606836,0,0.22670586045702598,1,Mixer Grinder,prepaid_upi,1,2026-01
KO2606837,0,0.1244945376714295,0,Water Purifier,prepaid_upi,0,2026-01
KO2606953,0,0.19527245034786098,0,Robot Vacuum,cod,0,2026-01
KO2606838,0,0.18095078571487003,0,Robot Vacuum,prepaid_card,0,2026-01
KO2606840,0,0.29540032758982265,0,Air Fryer,prepaid_upi,1,2026-01
KO2606841,0,0.29773085495067425,1,Robot Vacuum,cod,0,2026-01
KO2606842,0,0.07019825653136379,0,Ceiling Fan,cod,0,2026-01
KO2606843,0,0.10444105444248704,1,Water Purifier,prepaid_upi,0,2026-01
KO2606844,0,0.10542871255902776,0,Robot Vacuum,cod,0,2026-01
KO2606845,0,0.049583304098653455,0,Ceiling Fan,cod,0,2026-01
KO2606846,0,0.04466032952508777,0,Air Fryer,prepaid_card,0,2026-01
KO2606847,0,0.11464325642644325,1,Induction Cooktop,cod,0,2026-01
KO2606839,0,0.021678656980268024,0,Room Heater,prepaid_upi,0,2026-01
KO2606787,0,0.03318761528207175,0,Water Purifier,prepaid_upi,0,2026-01
KO2606954,0,0.22682784948730164,1,Air Fryer,prepaid_card,0,2026-01
KO2606956,0,0.08091792275107176,0,Air Fryer,prepaid_card,0,2026-01
KO2607063,0,0.02991106086022843,0,Water Purifier,prepaid_upi,0,2026-01
KO2607064,0,0.06961325814611273,0,Air Fryer,cod,0,2026-01
KO2607065,0,0.05566447086179332,0,Ceiling Fan,prepaid_upi,1,2026-01
KO2607066,0,0.20929702713343076,0,Room Heater,cod,1,2026-01
KO2607067,0,0.2349814428275352,1,Room Heater,prepaid_card,1,2026-01
KO2607068,0,0.04709479449078301,0,Mixer Grinder,cod,0,2026-01
KO2607069,0,0.1523090641983484,0,Robot Vacuum,cod,0,2026-01
KO2607070,0,0.2350759789292642,1,Water Purifier,prepaid_card,0,2026-01
KO2607071,0,0.03244831457488822,0,Air Fryer,prepaid_upi,0,2026-01
KO2607072,0,0.019300838958557498,0,Mixer Grinder,prepaid_upi,0,2026-01
KO2607073,0,0.2141737299613853,0,Water Purifier,prepaid_upi,2,2026-01
KO2607074,0,0.011832738830291914,0,Ceiling Fan,prepaid_upi,0,2026-01
KO2607075,0,0.09954137101498504,0,Robot Vacuum,prepaid_upi,1,2026-01
KO2607076,0,0.07288539367091515,0,Robot Vacuum,prepaid_upi,0,2026-01
KO2607077,0,0.022450272753068528,0,Induction Cooktop,prepaid_upi,0,2026-01
KO2607078,0,0.04531498241345157,0,Robot Vacuum,prepaid_upi,0,2026-01
KO2607079,0,0.1080382138864477,1,Robot Vacuum,prepaid_upi,0,2026-01
KO2607062,0,0.13174816971587253,0,Air Fryer,prepaid_upi,0,2026-01
KO2607080,0,0.06963351466446224,0,Air Fryer,prepaid_upi,0,2026-01
KO2607061,0,0.013263921316030226,0,Mixer Grinder,emi,0,2026-01
KO2607059,0,0.02620457015633199,0,Induction Cooktop,emi,0,2026-01
KO2607042,0,0.08250592052061766,0,Mixer Grinder,prepaid_upi,0,2026-01
KO2607043,0,0.19799107232927216,1,Mixer Grinder,cod,0,2026-01
KO2607044,0,0.018357908005173736,0,Room Heater,prepaid_upi,0,2026-01
KO2607045,0,0.07636674730454061,0,Water Purifier,prepaid_card,0,2026-01
KO2607046,0,0.1362202663205382,1,Water Purifier,prepaid_upi,0,2026-01
KO2607047,0,0.18889729717575712,1,Room Heater,prepaid_upi,1,2026-01
KO2607048,0,0.032652995885976976,0,Mixer Grinder,cod,0,2026-01
KO2607049,0,0.12834133507602666,0,Mixer Grinder,prepaid_upi,1,2026-01
KO2607050,0,0.08194323908916841,1,Ceiling Fan,prepaid_upi,0,2026-01
KO2607051,1,0.4839334397753755,1,Robot Vacuum,emi,1,2026-01
KO2607052,0,0.0425654219164985,0,Ceiling Fan,cod,0,2026-01
KO2607054,0,0.030439073814933222,0,Water Purifier,prepaid_card,0,2026-01
KO2607053,1,0.30842783082769565,1,Room Heater,prepaid_card,1,2026-01
KO2607055,0,0.031883399638776816,0,Room Heater,emi,0,2026-01
KO2607056,0,0.23697456490942503,0,Room Heater,cod,0,2026-01
KO2607057,0,0.06054153671485581,0,Air Fryer,prepaid_upi,0,2026-01
KO2607058,0,0.04578903837938092,0,Mixer Grinder,cod,0,2026-01
KO2607060,0,0.1810473558132202,0,Air Fryer,cod,0,2026-01
KO2607041,0,0.009612639071286207,0,Ceiling Fan,prepaid_card,0,2026-01
KO2607081,0,0.02057394356292271,0,Mixer Grinder,prepaid_upi,0,2026-01
KO2607083,0,0.4045077648967088,1,Robot Vacuum,prepaid_upi,0,2026-01
KO2607105,0,0.08637303924611457,1,Mixer Grinder,prepaid_upi,0,2026-01
KO2607106,0,0.13832323842936417,0,Air Fryer,emi,0,2026-01
KO2607107,0,0.09612710529627137,1,Ceiling Fan,prepaid_card,0,2026-01
KO2607108,0,0.07169074695420669,0,Water Purifier,emi,0,2026-01
KO2607109,0,0.14004108707316038,1,Mixer Grinder,prepaid_upi,0,2026-01
KO2607110,0,0.011419003333803872,0,Induction Cooktop,prepaid_upi,0,2026-01
KO2607111,0,0.20163137506726703,0,Room Heater,prepaid_upi,1,2026-01
KO2607112,0,0.14166487048416967,0,Robot Vacuum,prepaid_card,1,2026-01
KO2607113,0,0.14400569706284802,1,Air Fryer,emi,0,2026-01
KO2607114,0,0.03929884201409258,0,Ceiling Fan,prepaid_upi,1,2026-01
KO2607115,0,0.10014778357059854,0,Water Purifier,cod,0,2026-01
KO2607116,0,0.019832871445277598,0,Induction Cooktop,prepaid_upi,0,2026-01
KO2607117,0,0.1017631619674338,0,Robot Vacuum,prepaid_card,0,2026-01
KO2607118,0,0.14855330405974063,0,Room Heater,prepaid_upi,0,2026-01
KO2607119,1,0.9824360885299598,1,Water Purifier,cod,4,2026-01
KO2607120,0,0.029638316871980586,0,Air Fryer,prepaid_card,0,2026-01
KO2607121,0,0.041399921118978056,0,Induction Cooktop,emi,0,2026-01
KO2607104,1,0.0877874333725943,0,Air Fryer,cod,0,2026-01
KO2607082,0,0.03629208013301967,0,Room Heater,prepaid_upi,0,2026-01
KO2607103,1,0.081241523865661,1,Water Purifier,emi,0,2026-01
KO2607101,0,0.09305572578060047,1,Water Purifier,prepaid_upi,0,2026-01
KO2607084,0,0.05755137983834467,1,Water Purifier,prepaid_card,0,2026-01
KO2607085,0,0.19251140339814102,0,Room Heater,cod,0,2026-01
KO2607086,0,0.06184683533588055,0,Air Fryer,prepaid_upi,0,2026-01
KO2607087,0,0.06446875957169487,0,Air Fryer,prepaid_card,0,2026-01
KO2607088,0,0.08169042664970216,0,Robot Vacuum,emi,0,2026-01
KO2607089,0,0.19905148471446482,0,Robot Vacuum,cod,0,2026-01
KO2607090,0,0.016700440726294626,0,Mixer Grinder,prepaid_upi,0,2026-01
KO2607091,0,0.04654963419329504,0,Induction Cooktop,prepaid_upi,1,2026-01
KO2607092,0,0.013430210313665319,0,Induction Cooktop,emi,0,2026-01
KO2607093,0,0.01937611867776367,0,Ceiling Fan,prepaid_upi,0,2026-01
KO2607094,0,0.07892230677088569,0,Ceiling Fan,cod,0,2026-01
KO2607095,0,0.13971729139187863,1,Robot Vacuum,prepaid_upi,1,2026-01
KO2607096,0,0.040150734536191085,0,Induction Cooktop,cod,0,2026-01
KO2607097,0,0.17006766166808573,0,Room Heater,cod,0,2026-01
KO2607098,0,0.019300838958557498,0,Mixer Grinder,prepaid_upi,0,2026-01
KO2607099,0,0.33861425920614097,1,Room Heater,cod,0,2026-01
KO2607100,0,0.03926684753281395,1,Induction Cooktop,prepaid_upi,0,2026-01
KO2607102,0,0.0473636227725299,0,Room Heater,prepaid_card,0,2026-01
KO2607040,0,0.20190731754119218,0,Room Heater,prepaid_card,1,2026-01
KO2607039,0,0.1819837259896018,1,Robot Vacuum,prepaid_upi,0,2026-01
KO2607038,0,0.03190680855584626,0,Ceiling Fan,emi,0,2026-01
KO2606978,0,0.07467201127089464,1,Room Heater,prepaid_card,0,2026-01
KO2606979,0,0.04122217496966066,0,Water Purifier,prepaid_upi,0,2026-01
KO2606980,0,0.06122047010427779,0,Air Fryer,prepaid_upi,0,2026-01
KO2606981,0,0.050113153480302236,0,Induction Cooktop,prepaid_upi,0,2026-01
KO2606982,0,0.024698358031446543,0,Room Heater,emi,0,2026-01
KO2606983,0,0.09325073054839622,0,Induction Cooktop,cod,0,2026-01
KO2606984,0,0.11434707909435615,0,Air Fryer,cod,0,2026-01
KO2606985,0,0.125829774823362,1,Room Heater,prepaid_card,0,2026-01
KO2606986,1,0.2553969711472986,0,Robot Vacuum,cod,0,2026-01
KO2606987,1,0.6001018489381114,1,Robot Vacuum,cod,1,2026-01
KO2606988,0,0.013259813137992457,0,Ceiling Fan,prepaid_upi,0,2026-01
KO2606989,0,0.14375251463897373,1,Water Purifier,cod,0,2026-01
KO2606990,0,0.0849876656276123,0,Robot Vacuum,prepaid_card,0,2026-01
KO2606991,0,0.013938478220693636,0,Induction Cooktop,prepaid_upi,0,2026-01
KO2606992,0,0.040397704416791594,0,Water Purifier,prepaid_card,0,2026-01
KO2606993,0,0.03406186320392181,1,Mixer Grinder,prepaid_upi,0,2026-01
KO2606994,0,0.16529646435636935,1,Ceiling Fan,prepaid_upi,1,2026-01
KO2606977,0,0.15809193330402802,1,Room Heater,prepaid_upi,0,2026-01
KO2606995,0,0.06219602206504737,0,Room Heater,cod,0,2026-01
KO2606976,0,0.035775845937491946,1,Ceiling Fan,emi,0,2026-01
KO2606974,1,0.2535488094193293,0,Robot Vacuum,cod,0,2026-01
KO2606957,0,0.30921936221639157,1,Robot Vacuum,cod,0,2026-01
KO2606958,1,0.2528202545851522,1,Robot Vacuum,prepaid_card,0,2026-01
KO2606959,0,0.16754698880560867,0,Ceiling Fan,cod,0,2026-01
KO2606960,0,0.023602724247188445,0,Induction Cooktop,prepaid_card,0,2026-01
KO2606961,0,0.4485094068487751,1,Air Fryer,cod,0,2026-01
KO2606962,0,0.03279783387725862,0,Air Fryer,emi,0,2026-01
KO2606963,0,0.023490602295186735,0,Room Heater,prepaid_card,0,2026-01
KO2606964,1,0.08904656827957971,0,Room Heater,emi,1,2026-01
KO2606965,1,0.5298663562219255,1,Mixer Grinder,prepaid_upi,2,2026-01
KO2606966,0,0.04918003386732275,0,Water Purifier,prepaid_card,0,2026-01
KO2606967,0,0.03218597062455714,0,Air Fryer,prepaid_upi,0,2026-01
KO2606968,0,0.07241550564387195,1,Room Heater,emi,0,2026-01
KO2606969,0,0.08224556295867723,0,Water Purifier,prepaid_upi,0,2026-01
KO2606970,0,0.03736681289566232,1,Mixer Grinder,prepaid_card,0,2026-01
KO2606971,0,0.18358762986803603,1,Induction Cooktop,prepaid_upi,1,2026-01
KO2606972,0,0.039733770806793856,0,Room Heater,prepaid_upi,0,2026-01
KO2606973,0,0.05518813628855001,0,Induction Cooktop,cod,0,2026-01
KO2606975,0,0.29634654244024144,0,Robot Vacuum,prepaid_upi,2,2026-01
KO2606996,0,0.01506714909482697,0,Ceiling Fan,prepaid_upi,0,2026-01
KO2606997,1,0.20566144566633537,0,Robot Vacuum,cod,0,2026-01
KO2606998,0,0.12907066494398145,0,Robot Vacuum,prepaid_card,0,2026-01
KO2607021,0,0.030207279605828002,0,Mixer Grinder,prepaid_card,1,2026-01
KO2607022,0,0.02164268003733589,0,Induction Cooktop,prepaid_upi,0,2026-01
KO2607023,0,0.034247620009668946,0,Ceiling Fan,emi,0,2026-01
KO2607024,0,0.026411574478162766,0,Ceiling Fan,prepaid_upi,0,2026-01
KO2607025,0,0.027649810721426263,0,Ceiling Fan,prepaid_card,0,2026-01
KO2607026,0,0.021350482903439664,0,Induction Cooktop,prepaid_upi,0,2026-01
KO2607027,0,0.16544826643159544,1,Room Heater,cod,0,2026-01
KO2607028,0,0.017348760986955637,0,Mixer Grinder,prepaid_upi,0,2026-01
KO2607029,0,0.02415933421417505,1,Ceiling Fan,prepaid_upi,0,2026-01
KO2607031,1,0.22310434165417237,0,Room Heater,cod,0,2026-01
KO2607030,0,0.11287017788961856,0,Water Purifier,cod,0,2026-01
KO2607032,0,0.06857047592050668,0,Robot Vacuum,prepaid_card,1,2026-01
KO2607033,0,0.05163040129773984,0,Robot Vacuum,prepaid_upi,0,2026-01
KO2607034,0,0.2643953680510754,0,Ceiling Fan,cod,2,2026-01
KO2607035,0,0.14533148706125887,1,Robot Vacuum,prepaid_upi,0,2026-01
KO2607036,1,0.6279437774817774,1,Robot Vacuum,cod,0,2026-01
KO2607037,0,0.05496839163514132,0,Room Heater,emi,0,2026-01
KO2607020,0,0.032259437579211514,0,Air Fryer,prepaid_upi,0,2026-01
KO2607019,0,0.07918155643627298,1,Induction Cooktop,prepaid_upi,0,2026-01
KO2607018,0,0.021101287524779768,0,Ceiling Fan,prepaid_upi,0,2026-01
KO2607017,0,0.1296210125395014,0,Water Purifier,prepaid_card,0,2026-01
KO2606999,0,0.21642608914434028,0,Water Purifier,cod,0,2026-01
KO2607000,0,0.18293439423347863,0,Air Fryer,cod,0,2026-01
KO2607001,0,0.054864622650841584,0,Ceiling Fan,cod,0,2026-01
KO2607002,0,0.19429368575083047,1,Air Fryer,cod,0,2026-01
KO2607003,0,0.04677935316298682,0,Air Fryer,prepaid_upi,0,2026-01
KO2607004,0,0.07614194167457737,0,Water Purifier,prepaid_card,0,2026-01
KO2607005,0,0.04006299596688593,0,Room Heater,prepaid_upi,0,2026-01
KO2607006,0,0.09246114132320757,0,Water Purifier,prepaid_upi,0,2026-01
KO2606955,0,0.07502736463847152,0,Induction Cooktop,cod,0,2026-01
KO2607007,0,0.0780106892513295,0,Ceiling Fan,cod,0,2026-01
KO2607009,0,0.09134083538996275,0,Room Heater,cod,0,2026-01
KO2607010,0,0.08165603727508641,0,Room Heater,emi,0,2026-01
KO2607011,0,0.16094325817508112,0,Robot Vacuum,emi,0,2026-01
KO2607012,0,0.023479345269046208,0,Induction Cooktop,prepaid_upi,0,2026-01
KO2607013,0,0.020735251893298192,0,Room Heater,prepaid_upi,0,2026-01
KO2607014,0,0.2041771505300708,0,Robot Vacuum,prepaid_upi,1,2026-01
KO2607015,0,0.10209563290321896,1,Water Purifier,prepaid_card,0,2026-01
KO2607016,0,0.025066435887543214,0,Air Fryer,prepaid_upi,0,2026-01
KO2607008,0,0.08061432840397759,0,Air Fryer,cod,0,2026-01
KO2607122,0,0.2630522213050696,0,Ceiling Fan,cod,0,2026-01
KO2606786,0,0.11942763747179545,0,Water Purifier,cod,0,2026-01
KO2606784,0,0.151768530148488,1,Ceiling Fan,emi,1,2026-01
KO2606556,0,0.028429181034700244,0,Air Fryer,prepaid_upi,0,2026-01
KO2606557,1,0.4013412746054395,0,Robot Vacuum,cod,1,2026-01
KO2606558,0,0.06205881198162219,0,Robot Vacuum,prepaid_card,0,2026-01
KO2606559,0,0.05381561862956014,0,Induction Cooktop,cod,0,2026-01
KO2606560,0,0.48411530477852727,0,Water Purifier,emi,3,2026-01
KO2606561,0,0.049514414068180544,0,Induction Cooktop,cod,1,2026-01
KO2606562,0,0.18307495687606284,0,Robot Vacuum,cod,0,2026-01
KO2606563,0,0.053993822155153456,0,Room Heater,prepaid_upi,0,2026-01
KO2606564,0,0.044489042498551415,0,Induction Cooktop,prepaid_upi,0,2026-01
KO2606565,0,0.11461585743969913,0,Water Purifier,prepaid_upi,0,2026-01
KO2606566,0,0.1620104393042865,0,Ceiling Fan,cod,0,2026-01
KO2606567,0,0.022599743537693992,0,Induction Cooktop,prepaid_card,0,2026-01
KO2606568,1,0.0896465179060057,0,Ceiling Fan,prepaid_upi,0,2026-01
KO2606569,1,0.05850329272302666,1,Room Heater,prepaid_upi,0,2026-01
KO2606570,1,0.15336767558285863,0,Ceiling Fan,cod,1,2026-01
KO2606571,0,0.08428588445529979,0,Air Fryer,prepaid_card,0,2026-01
KO2606572,0,0.04486913165458525,0,Ceiling Fan,emi,0,2026-01
KO2606555,0,0.07037683440784814,1,Mixer Grinder,prepaid_upi,0,2026-01
KO2606573,0,0.11779176840566777,0,Air Fryer,prepaid_upi,0,2026-01
KO2606554,0,0.12587727527853576,1,Ceiling Fan,cod,0,2026-01
KO2606552,0,0.05531908585400831,0,Water Purifier,prepaid_upi,0,2026-01
KO2606535,0,0.07061456955520748,1,Water Purifier,prepaid_card,0,2026-01
KO2606536,0,0.17858464270331442,0,Robot Vacuum,prepaid_upi,0,2026-01
KO2606537,0,0.0462871176326143,0,Air Fryer,emi,0,2026-01
KO2606538,0,0.049611550633840734,0,Water Purifier,prepaid_card,0,2026-01
KO2606539,0,0.029427729306321385,0,Induction Cooktop,prepaid_card,0,2026-01
KO2606540,0,0.05409143944045966,0,Air Fryer,prepaid_card,0,2026-01
KO2606541,0,0.12402157951789072,1,Air Fryer,prepaid_upi,0,2026-01
KO2606542,0,0.15027564117110476,0,Room Heater,cod,0,2026-01
KO2606543,0,0.05696209549365149,1,Water Purifier,prepaid_upi,0,2026-01
KO2606544,0,0.18313294338425404,1,Water Purifier,prepaid_upi,0,2026-01
KO2606545,0,0.019847891759055058,0,Ceiling Fan,emi,0,2026-01
KO2606546,0,0.014939750950036416,0,Induction Cooktop,prepaid_card,0,2026-01
KO2606547,0,0.07315483469743173,0,Induction Cooktop,prepaid_card,1,2026-01
KO2606548,1,0.021216635031389052,1,Mixer Grinder,prepaid_upi,0,2026-01
KO2606549,0,0.19022591656017698,0,Air Fryer,prepaid_card,1,2026-01
KO2606550,0,0.13200639348167922,1,Robot Vacuum,prepaid_card,0,2026-01
KO2606551,0,0.0635355454019922,0,Water Purifier,prepaid_upi,1,2026-01
KO2606553,0,0.016770429353655247,0,Ceiling Fan,prepaid_upi,0,2026-01
KO2606534,0,0.03585772306751407,0,Ceiling Fan,prepaid_upi,1,2026-01
KO2606574,0,0.0420785224210148,0,Air Fryer,emi,0,2026-01
KO2606576,0,0.27631625171499613,1,Mixer Grinder,prepaid_card,0,2026-01
KO2606598,0,0.016631991148235374,0,Induction Cooktop,prepaid_upi,0,2026-01
KO2606599,0,0.1745322559185983,0,Air Fryer,cod,0,2026-01
KO2606600,0,0.029958868354276746,0,Robot Vacuum,prepaid_upi,0,2026-01
KO2606601,0,0.0575417373418782,0,Water Purifier,prepaid_upi,0,2026-01
KO2606602,0,0.025333869838520224,0,Induction Cooktop,prepaid_card,0,2026-01
KO2606603,0,0.02788053190224409,0,Ceiling Fan,emi,0,2026-01
KO2606604,0,0.03992735207803285,0,Water Purifier,prepaid_upi,0,2026-01
KO2606605,0,0.696197458018117,0,Robot Vacuum,prepaid_upi,3,2026-01
KO2606606,0,0.11057595543014351,1,Mixer Grinder,prepaid_card,0,2026-01
KO2606607,0,0.05236669172159432,0,Room Heater,prepaid_card,0,2026-01
KO2606608,0,0.06173918296210123,0,Robot Vacuum,prepaid_upi,0,2026-01
KO2606609,0,0.06929147578838592,0,Room Heater,prepaid_upi,0,2026-01
KO2606610,0,0.07445025951865177,0,Room Heater,prepaid_card,0,2026-01
KO2606611,0,0.03238736290442055,0,Mixer Grinder,prepaid_upi,0,2026-01
KO2606612,0,0.04281408054771465,0,Induction Cooktop,cod,0,2026-01
KO2606613,0,0.13036136434777953,0,Ceiling Fan,cod,0,2026-01
KO2606614,1,0.28367864709364937,0,Robot Vacuum,cod,0,2026-01
KO2606597,0,0.03884847919396123,0,Room Heater,prepaid_upi,0,2026-01
KO2606575,0,0.02113532877683598,0,Ceiling Fan,prepaid_card,0,2026-01
KO2606596,0,0.10650320524446417,1,Ceiling Fan,emi,0,2026-01
KO2606594,0,0.042925479146012864,1,Ceiling Fan,prepaid_upi,0,2026-01
KO2606577,0,0.06772387536512575,0,Induction Cooktop,prepaid_upi,0,2026-01
KO2606578,0,0.025635812337266056,0,Mixer Grinder,prepaid_card,0,2026-01
KO2606579,1,0.11114135595669358,0,Air Fryer,cod,0,2026-01
KO2606580,0,0.041975601864714836,0,Water Purifier,prepaid_card,0,2026-01
KO2606581,0,0.4305916799690689,1,Water Purifier,cod,0,2026-01
KO2606582,0,0.10919568533377287,0,Robot Vacuum,prepaid_upi,0,2026-01
KO2606583,0,0.057347597762983704,0,Ceiling Fan,prepaid_upi,0,2026-01
KO2606584,0,0.06365512727130775,0,Room Heater,emi,0,2026-01
KO2606585,0,0.13181995655824416,0,Robot Vacuum,cod,0,2026-01
KO2606586,0,0.16057705477464543,0,Robot Vacuum,prepaid_upi,1,2026-01
KO2606587,1,0.4945157972861531,1,Robot Vacuum,cod,0,2026-01
KO2606588,0,0.17795508242499677,0,Air Fryer,cod,0,2026-01
KO2606589,0,0.10340508648796301,0,Room Heater,prepaid_card,0,2026-01
KO2606590,0,0.023787546742968995,0,Ceiling Fan,prepaid_upi,0,2026-01
KO2606591,0,0.03803603211558593,0,Mixer Grinder,prepaid_card,0,2026-01
KO2606592,0,0.037930572882506626,1,Mixer Grinder,prepaid_upi,0,2026-01
KO2606593,0,0.08450857884941484,0,Air Fryer,cod,0,2026-01
KO2606595,0,0.14315580822286142,0,Water Purifier,cod,0,2026-01
KO2606533,0,0.01919518130569846,0,Water Purifier,prepaid_upi,0,2026-01
KO2606532,0,0.08056896789892551,0,Robot Vacuum,prepaid_upi,0,2026-01
KO2606531,0,0.1034619805079578,0,Robot Vacuum,prepaid_card,0,2026-01
KO2606471,0,0.13963371410693576,0,Mixer Grinder,cod,0,2026-01
KO2606472,0,0.16382635866372636,0,Mixer Grinder,cod,0,2026-01
KO2606473,0,0.050815194203346827,0,Room Heater,prepaid_upi,0,2026-01
KO2606474,0,0.03187684664555507,0,Room Heater,prepaid_card,0,2026-01
KO2606475,0,0.024153685056535753,0,Water Purifier,prepaid_card,0,2026-01
KO2606476,0,0.2378954443834628,0,Air Fryer,cod,0,2026-01
KO2606477,1,0.03424609875572202,0,Room Heater,prepaid_card,0,2026-01
KO2606478,0,0.018331367418603025,0,Air Fryer,prepaid_upi,0,2026-01
KO2606479,0,0.05318635621862212,0,Room Heater,prepaid_card,0,2026-01
KO2606480,0,0.030095277009452366,0,Room Heater,prepaid_upi,0,2026-01
KO2606481,0,0.03908183965364338,0,Robot Vacuum,prepaid_upi,0,2026-01
KO2606482,0,0.05612634161454144,0,Air Fryer,prepaid_upi,0,2026-01
KO2606483,0,0.11524745214111014,0,Ceiling Fan,cod,0,2026-01
KO2606484,0,0.04365750224877308,0,Ceiling Fan,prepaid_card,0,2026-01
KO2606485,0,0.11912811799945719,0,Water Purifier,cod,0,2026-01
KO2606486,0,0.10242685998815908,0,Water Purifier,emi,0,2026-01
KO2606487,0,0.013929246944506686,0,Ceiling Fan,prepaid_upi,0,2026-01
KO2606470,0,0.03428556030170498,0,Room Heater,prepaid_upi,0,2026-01
KO2606488,0,0.28199992360124454,0,Room Heater,cod,0,2026-01
KO2606469,0,0.11934710898529233,0,Mixer Grinder,prepaid_upi,1,2026-01
KO2606467,0,0.06665641571076339,0,Mixer Grinder,prepaid_card,0,2026-01
KO2606450,0,0.2629618104282072,1,Water Purifier,cod,0,2026-01
KO2606451,0,0.146797226238555,1,Room Heater,prepaid_card,1,2026-01
KO2606452,0,0.335811853840438,1,Room Heater,cod,0,2026-01
KO2606453,1,0.3338489518940293,0,Air Fryer,cod,0,2026-01
KO2606454,0,0.05345982467530319,0,Mixer Grinder,cod,0,2026-01
KO2606455,0,0.18757244434258563,0,Air Fryer,prepaid_card,1,2026-01
KO2606456,0,0.13245376100281644,0,Water Purifier,cod,0,2026-01
KO2606457,0,0.0773079738344426,0,Air Fryer,prepaid_upi,1,2026-01
KO2606458,0,0.01504104478333904,0,Ceiling Fan,prepaid_upi,0,2026-01
KO2606459,0,0.2007590645289848,0,Induction Cooktop,cod,0,2026-01
KO2606460,0,0.04957164718480533,0,Robot Vacuum,prepaid_card,0,2026-01
KO2606461,0,0.09279153809864764,0,Robot Vacuum,prepaid_upi,0,2026-01
KO2606462,0,0.12596854876862223,1,Room Heater,prepaid_upi,0,2026-01
KO2606463,0,0.0525589961015742,0,Air Fryer,prepaid_upi,0,2026-01
KO2606464,1,0.1137074464891825,1,Room Heater,cod,0,2026-01
KO2606465,0,0.056157590284707355,0,Room Heater,cod,0,2026-01
KO2606466,0,0.04721873815366387,1,Ceiling Fan,prepaid_card,0,2026-01
KO2606468,0,0.20515723010926373,1,Air Fryer,prepaid_card,0,2026-01
KO2606489,0,0.06110224151583976,0,Water Purifier,prepaid_upi,0,2026-01
KO2606490,1,0.07712490570037302,0,Water Purifier,prepaid_card,0,2026-01
KO2606491,0,0.0919039087259493,0,Room Heater,cod,0,2026-01
KO2606514,0,0.03374953999695293,0,Ceiling Fan,prepaid_card,0,2026-01
KO2606515,0,0.03790336652165742,0,Induction Cooktop,prepaid_card,0,2026-01
KO2606516,0,0.03580425557434703,0,Ceiling Fan,prepaid_upi,0,2026-01
KO2606517,0,0.19925877416216983,1,Ceiling Fan,cod,0,2026-01
KO2606518,0,0.22324999539511697,0,Water Purifier,prepaid_card,0,2026-01
KO2606519,0,0.19272718222244217,1,Robot Vacuum,prepaid_upi,0,2026-01
KO2606520,0,0.11108766097301227,0,Robot Vacuum,prepaid_upi,0,2026-01
KO2606521,0,0.04497644205399754,0,Room Heater,prepaid_card,0,2026-01
KO2606522,0,0.03453506834584733,0,Water Purifier,prepaid_card,0,2026-01
KO2606523,0,0.03339657570998777,0,Ceiling Fan,cod,0,2026-01
KO2606524,0,0.02432875145814799,0,Air Fryer,prepaid_upi,0,2026-01
KO2606525,0,0.03836245230483335,0,Water Purifier,prepaid_upi,0,2026-01
KO2606526,1,0.4355626935739463,0,Mixer Grinder,cod,1,2026-01
KO2606527,0,0.019355479030464813,0,Induction Cooktop,prepaid_card,0,2026-01
KO2606528,0,0.020493159868407405,0,Induction Cooktop,emi,0,2026-01
KO2606529,0,0.047969646545667884,0,Induction Cooktop,cod,0,2026-01
KO2606530,0,0.040184077633441305,0,Induction Cooktop,prepaid_upi,1,2026-01
KO2606513,0,0.02746275215425108,0,Room Heater,prepaid_upi,0,2026-01
KO2606512,0,0.41436769874181484,1,Air Fryer,cod,0,2026-01
KO2606511,0,0.036068960590700756,0,Water Purifier,prepaid_upi,0,2026-01
KO2606510,0,0.16324847073285062,0,Air Fryer,cod,0,2026-01
KO2606492,0,0.11705961341127796,1,Induction Cooktop,cod,0,2026-01
KO2606493,0,0.044377895013381984,0,Mixer Grinder,cod,0,2026-01
KO2606494,0,0.11061852724670761,0,Water Purifier,prepaid_upi,0,2026-01
KO2606495,0,0.718406348190885,0,Room Heater,emi,4,2026-01
KO2606496,1,0.059668687943517575,1,Room Heater,prepaid_card,0,2026-01
KO2606497,0,0.009653669943645539,0,Induction Cooktop,prepaid_upi,0,2026-01
KO2606498,0,0.03013946588991241,0,Room Heater,emi,0,2026-01
KO2606499,0,0.2175564542490491,0,Water Purifier,emi,1,2026-01
KO2606615,0,0.04621973703758733,0,Induction Cooktop,emi,1,2026-01
KO2606500,0,0.2835885017648689,0,Water Purifier,cod,0,2026-01
KO2606502,0,0.020068029595706305,0,Ceiling Fan,prepaid_card,0,2026-01
KO2606503,0,0.22176560308411455,0,Robot Vacuum,cod,0,2026-01
KO2606504,0,0.046383884817646104,0,Mixer Grinder,cod,0,2026-01
KO2606505,0,0.0788401793492358,0,Mixer Grinder,cod,0,2026-01
KO2606506,0,0.09317723727090664,0,Induction Cooktop,cod,0,2026-01
KO2606507,1,0.09739735912529648,1,Induction Cooktop,cod,0,2026-01
KO2606508,1,0.06309900189724554,1,Air Fryer,prepaid_card,0,2026-01
KO2606509,1,0.26998186219873893,0,Robot Vacuum,prepaid_card,1,2026-01
KO2606501,0,0.06345854847741753,0,Air Fryer,emi,0,2026-01
KO2606785,0,0.12954223502056542,1,Room Heater,prepaid_card,0,2026-01
KO2606616,0,0.034962752422278795,0,Water Purifier,emi,0,2026-01
KO2606618,0,0.07242057698897406,0,Water Purifier,emi,0,2026-01
KO2606725,1,0.2524857173035691,0,Induction Cooktop,emi,2,2026-01
KO2606726,0,0.12870925861669208,1,Air Fryer,prepaid_upi,0,2026-01
KO2606727,1,0.07206101787289276,1,Ceiling Fan,emi,0,2026-01
KO2606728,0,0.29687550567861115,0,Room Heater,cod,1,2026-01
KO2606729,0,0.07373708305429774,0,Air Fryer,prepaid_upi,0,2026-01
KO2606730,0,0.07886550667598292,0,Air Fryer,prepaid_upi,0,2026-01
KO2606731,1,0.3131631925403169,0,Room Heater,cod,0,2026-01
KO2606732,0,0.11427547875460926,0,Induction Cooktop,cod,0,2026-01
KO2606733,0,0.10199116568699375,0,Room Heater,cod,0,2026-01
KO2606734,0,0.23316927321534178,0,Water Purifier,cod,1,2026-01
KO2606735,0,0.022787786382926008,0,Induction Cooktop,emi,0,2026-01
KO2606736,0,0.16267859977788976,0,Ceiling Fan,prepaid_card,2,2026-01
KO2606737,1,0.07288384914153553,0,Water Purifier,prepaid_upi,0,2026-01
KO2606738,1,0.04806200168033153,0,Air Fryer,prepaid_upi,0,2026-01
KO2606739,0,0.14057670529289865,0,Ceiling Fan,cod,0,2026-01
KO2606740,0,0.027508060659131934,0,Air Fryer,emi,0,2026-01
KO2606741,0,0.04104402224298697,0,Room Heater,prepaid_upi,0,2026-01
KO2606724,0,0.13837043058548829,1,Robot Vacuum,prepaid_upi,0,2026-01
KO2606742,0,0.1095977998464336,0,Air Fryer,cod,0,2026-01
KO2606723,0,0.16799068414234528,0,Water Purifier,cod,0,2026-01
KO2606721,0,0.09040472181136752,1,Induction Cooktop,prepaid_card,0,2026-01
KO2606704,1,0.6488300259148472,1,Robot Vacuum,cod,1,2026-01
KO2606705,0,0.1057474373990285,1,Induction Cooktop,prepaid_upi,0,2026-01
KO2606706,0,0.07133845262934324,0,Induction Cooktop,cod,0,2026-01
KO2606707,1,0.07790197360975587,1,Induction Cooktop,prepaid_upi,0,2026-01
KO2606708,0,0.09186843518931236,0,Induction Cooktop,prepaid_upi,1,2026-01
KO2606709,1,0.20147692336029085,1,Robot Vacuum,prepaid_upi,0,2026-01
KO2606710,0,0.09683626184477356,0,Robot Vacuum,prepaid_upi,0,2026-01
KO2606711,0,0.0562829687685177,1,Ceiling Fan,prepaid_upi,0,2026-01
KO2606712,0,0.03065547631543908,0,Induction Cooktop,prepaid_upi,0,2026-01
KO2606713,0,0.02937731028405449,0,Ceiling Fan,prepaid_upi,0,2026-01
KO2606714,0,0.010613580691301002,0,Ceiling Fan,prepaid_upi,0,2026-01
KO2606715,0,0.07112010072430365,0,Mixer Grinder,cod,0,2026-01
KO2606716,1,0.2411984174138234,1,Water Purifier,emi,0,2026-01
KO2606717,0,0.03233347666100069,0,Ceiling Fan,prepaid_upi,0,2026-01
KO2606718,0,0.42739043707425345,0,Mixer Grinder,emi,3,2026-01
KO2606719,1,0.38986481796674516,1,Robot Vacuum,emi,0,2026-01
KO2606720,0,0.11339486498168047,1,Room Heater,prepaid_card,0,2026-01
KO2606722,0,0.02125041272739582,0,Ceiling Fan,prepaid_upi,0,2026-01
KO2606703,0,0.03952257252530509,0,Induction Cooktop,prepaid_upi,0,2026-01
KO2606743,1,0.33130640095244845,0,Water Purifier,prepaid_card,2,2026-01
KO2606745,0,0.04363381783471301,0,Room Heater,prepaid_upi,0,2026-01
KO2606767,0,0.10181490018356018,0,Robot Vacuum,emi,0,2026-01
KO2606768,0,0.26214353330697604,0,Water Purifier,cod,0,2026-01
KO2606769,0,0.02214846480492936,0,Mixer Grinder,prepaid_upi,0,2026-01
KO2606770,0,0.05591647931378102,0,Air Fryer,emi,0,2026-01
KO2606771,0,0.027049588809888774,0,Room Heater,prepaid_upi,0,2026-01
KO2606772,0,0.11085141254996457,1,Air Fryer,prepaid_upi,0,2026-01
KO2606773,0,0.05028600457155648,0,Room Heater,emi,0,2026-01
KO2606774,0,0.1152089743171296,0,Ceiling Fan,prepaid_card,1,2026-01
KO2606775,0,0.02011275995952697,0,Induction Cooktop,prepaid_upi,0,2026-01
KO2606776,0,0.06949496268265888,0,Robot Vacuum,prepaid_upi,0,2026-01
KO2606777,0,0.183161952905086,1,Air Fryer,cod,0,2026-01
KO2606778,0,0.012887953416738335,0,Mixer Grinder,prepaid_card,0,2026-01
KO2606779,0,0.027225614681955914,0,Air Fryer,emi,0,2026-01
KO2606780,0,0.4126371013949854,1,Robot Vacuum,cod,0,2026-01
KO2606781,0,0.079072094657568,0,Induction Cooktop,emi,1,2026-01
KO2606782,0,0.02463436450197279,0,Room Heater,prepaid_upi,0,2026-01
KO2606783,0,0.14856239097094948,0,Mixer Grinder,prepaid_card,0,2026-01
KO2606766,1,0.35412760355241363,0,Air Fryer,cod,0,2026-01
KO2606744,0,0.06082424382053082,0,Room Heater,prepaid_upi,0,2026-01
KO2606765,0,0.07480936448252548,0,Air Fryer,prepaid_upi,0,2026-01
KO2606763,0,0.10897182054084557,0,Robot Vacuum,prepaid_card,0,2026-01
KO2606746,0,0.07748598744540217,0,Air Fryer,prepaid_upi,1,2026-01
KO2606747,0,0.17145218656514624,0,Room Heater,cod,0,2026-01
KO2606748,0,0.1381053420656307,0,Robot Vacuum,cod,0,2026-01
KO2606749,0,0.05640613685234816,0,Robot Vacuum,prepaid_upi,0,2026-01
KO2606750,0,0.051365483926753615,0,Water Purifier,prepaid_upi,0,2026-01
KO2606751,0,0.27006950954560943,1,Robot Vacuum,prepaid_upi,0,2026-01
KO2606752,0,0.06997565250497699,0,Robot Vacuum,prepaid_upi,0,2026-01
KO2606753,0,0.015239448731460752,0,Mixer Grinder,prepaid_upi,0,2026-01
KO2606754,0,0.3088939639631192,1,Induction Cooktop,cod,1,2026-01
KO2606755,0,0.02432604292266331,0,Mixer Grinder,prepaid_upi,0,2026-01
KO2606756,0,0.09340866323488058,0,Air Fryer,cod,0,2026-01
KO2606757,0,0.08608494373205043,0,Robot Vacuum,emi,0,2026-01
KO2606758,1,0.06573250090079617,0,Water Purifier,prepaid_upi,0,2026-01
KO2606759,1,0.0206865433794845,0,Mixer Grinder,prepaid_card,0,2026-01
KO2606760,0,0.029355370488633677,0,Mixer Grinder,prepaid_upi,0,2026-01
KO2606761,0,0.0488178309195526,1,Induction Cooktop,prepaid_upi,0,2026-01
KO2606762,0,0.057357945983954974,0,Water Purifier,prepaid_card,0,2026-01
KO2606764,0,0.037252768099296014,0,Air Fryer,prepaid_card,0,2026-01
KO2606702,0,0.20460520498167625,0,Air Fryer,cod,0,2026-01
KO2606701,0,0.01204765529178311,0,Induction Cooktop,prepaid_card,0,2026-01
KO2606700,1,0.08271721181181886,0,Room Heater,cod,0,2026-01
KO2606640,0,0.3796578205268839,1,Water Purifier,prepaid_upi,0,2026-01
KO2606641,0,0.12872391441197698,1,Water Purifier,prepaid_upi,0,2026-01
KO2606643,0,0.1973989065098921,0,Robot Vacuum,cod,0,2026-01
KO2606642,0,0.21288073666596907,1,Robot Vacuum,prepaid_upi,0,2026-01
KO2606644,0,0.12451567435243881,0,Air Fryer,cod,0,2026-01
KO2606645,1,0.1553225578230685,0,Water Purifier,cod,0,2026-01
KO2606646,0,0.1254684506846265,1,Ceiling Fan,cod,0,2026-01
KO2606647,0,0.02832310443622725,0,Room Heater,emi,0,2026-01
KO2606648,0,0.11769719709758864,0,Ceiling Fan,cod,0,2026-01
KO2606649,1,0.5165887038784891,0,Robot Vacuum,cod,0,2026-01
KO2606650,0,0.04912222298084223,0,Mixer Grinder,prepaid_card,0,2026-01
KO2606651,0,0.04931616397620145,0,Robot Vacuum,prepaid_upi,0,2026-01
KO2606652,0,0.1811952203766541,0,Air Fryer,emi,0,2026-01
KO2606653,0,0.0248369622470569,1,Mixer Grinder,prepaid_upi,0,2026-01
KO2606654,0,0.08897226572466314,0,Water Purifier,prepaid_card,0,2026-01
KO2606655,0,0.27002326884315087,1,Robot Vacuum,cod,0,2026-01
KO2606656,0,0.08206327029357616,1,Ceiling Fan,cod,0,2026-01
KO2606639,0,0.11977719109965138,1,Ceiling Fan,cod,0,2026-01
KO2606657,0,0.01974898899303284,0,Ceiling Fan,prepaid_upi,0,2026-01
KO2606638,0,0.06037138258367252,0,Ceiling Fan,cod,0,2026-01
KO2606635,0,0.06306788462893033,0,Mixer Grinder,cod,0,2026-01
KO2606619,1,0.5515230761485298,1,Robot Vacuum,prepaid_card,2,2026-01
KO2606620,0,0.027736650674867153,0,Mixer Grinder,prepaid_card,0,2026-01
KO2606621,1,0.17618817532247913,0,Room Heater,cod,0,2026-01
KO2606622,0,0.19482309591448954,0,Water Purifier,cod,0,2026-01
KO2606623,0,0.20211233948760263,0,Robot Vacuum,cod,0,2026-01
KO2606624,0,0.15002691506864305,1,Mixer Grinder,emi,0,2026-01
KO2606625,0,0.040826960445502096,0,Water Purifier,prepaid_upi,0,2026-01
KO2606626,0,0.3054916496243566,1,Induction Cooktop,cod,1,2026-01
KO2606627,0,0.10023046514238235,0,Room Heater,cod,0,2026-01
KO2606628,0,0.09992108324334659,0,Water Purifier,emi,0,2026-01
KO2606629,0,0.10494766363827085,0,Water Purifier,prepaid_upi,0,2026-01
KO2606630,0,0.12187775933415516,0,Ceiling Fan,prepaid_card,0,2026-01
KO2606631,0,0.21352493989761775,0,Water Purifier,emi,0,2026-01
KO2606632,0,0.09349618490686094,0,Mixer Grinder,cod,0,2026-01
KO2606633,0,0.06792282635588429,0,Robot Vacuum,prepaid_upi,0,2026-01
KO2606634,0,0.11635807058868783,0,Ceiling Fan,cod,0,2026-01
KO2606636,0,0.24020083123820926,1,Robot Vacuum,emi,0,2026-01
KO2606637,0,0.1877828662996442,1,Mixer Grinder,cod,0,2026-01
KO2606658,0,0.06953480597941682,0,Induction Cooktop,emi,1,2026-01
KO2606659,0,0.08174121934016727,0,Robot Vacuum,prepaid_upi,0,2026-01
KO2606660,0,0.12149466449666081,0,Water Purifier,cod,0,2026-01
KO2606683,0,0.15849595677947706,1,Water Purifier,prepaid_card,0,2026-01
KO2606684,0,0.03354937093574515,0,Air Fryer,prepaid_card,0,2026-01
KO2606685,0,0.05876113877559164,0,Induction Cooktop,cod,0,2026-01
KO2606686,0,0.02784512487789063,0,Ceiling Fan,prepaid_upi,0,2026-01
KO2606687,0,0.1338877489966072,0,Air Fryer,cod,0,2026-01
KO2606688,0,0.04545929206541839,0,Room Heater,prepaid_upi,0,2026-01
KO2606689,0,0.01167397203184926,0,Mixer Grinder,prepaid_upi,0,2026-01
KO2606690,0,0.03889142383362094,1,Mixer Grinder,prepaid_upi,0,2026-01
KO2606691,0,0.07106268223888329,0,Mixer Grinder,cod,0,2026-01
KO2606692,0,0.016407087880881587,0,Mixer Grinder,prepaid_upi,0,2026-01
KO2606693,0,0.10210706446776256,1,Robot Vacuum,prepaid_upi,0,2026-01
KO2606694,0,0.0677644364499725,0,Mixer Grinder,cod,0,2026-01
KO2606695,0,0.0298886388172978,0,Room Heater,prepaid_card,0,2026-01
KO2606696,0,0.10082015110035608,0,Water Purifier,prepaid_upi,0,2026-01
KO2606697,1,0.05947161683026532,0,Room Heater,prepaid_card,0,2026-01
KO2606698,0,0.15994884479132934,0,Robot Vacuum,cod,0,2026-01
KO2606699,0,0.02885672801176472,0,Room Heater,prepaid_card,0,2026-01
KO2606682,0,0.038503344159074165,0,Water Purifier,prepaid_card,0,2026-01
KO2606681,0,0.17897643106541616,0,Room Heater,emi,2,2026-01
KO2606680,1,0.388158755598774,1,Water Purifier,cod,0,2026-01
KO2606679,0,0.042598388355457026,1,Air Fryer,prepaid_upi,0,2026-01
KO2606661,0,0.04902023822092185,0,Air Fryer,emi,0,2026-01
KO2606662,0,0.17474026728831332,0,Room Heater,prepaid_card,0,2026-01
KO2606663,0,0.0649230417415637,0,Ceiling Fan,prepaid_card,0,2026-01
KO2606664,0,0.10528009813298846,0,Water Purifier,prepaid_upi,1,2026-01
KO2606665,0,0.06944392600090024,1,Induction Cooktop,prepaid_upi,0,2026-01
KO2606666,0,0.16130959286414365,1,Ceiling Fan,emi,1,2026-01
KO2606667,0,0.02286642391506432,0,Ceiling Fan,prepaid_card,0,2026-01
KO2606668,1,0.14888773738742136,1,Room Heater,prepaid_card,0,2026-01
KO2606617,0,0.023464477975411048,0,Ceiling Fan,prepaid_card,0,2026-01
KO2606669,0,0.03090990161997762,1,Ceiling Fan,prepaid_upi,0,2026-01
KO2606671,0,0.07398381634958447,0,Room Heater,prepaid_upi,0,2026-01
KO2606672,0,0.3026383333764441,1,Ceiling Fan,prepaid_card,1,2026-01
KO2606673,0,0.12140354409942122,1,Robot Vacuum,prepaid_card,0,2026-01
KO2606674,1,0.04049110480059997,0,Room Heater,emi,0,2026-01
KO2606675,0,0.03424306378032253,0,Room Heater,prepaid_upi,0,2026-01
KO2606676,0,0.05247830321478695,0,Air Fryer,prepaid_card,0,2026-01
KO2606677,0,0.03695128684466919,1,Ceiling Fan,prepaid_card,0,2026-01
KO2606678,0,0.0959902064346463,0,Induction Cooktop,cod,0,2026-01
KO2606670,0,0.040284670901549316,0,Water Purifier,prepaid_card,0,2026-01
KO2606449,0,0.10174666778020429,1,Water Purifier,prepaid_upi,0,2026-01
KO2607123,0,0.04181110174243323,0,Ceiling Fan,emi,0,2026-01
KO2607125,0,0.07128338246807515,1,Induction Cooktop,prepaid_upi,0,2026-01
KO2607570,0,0.07721098550430051,1,Room Heater,prepaid_card,0,2026-01
KO2607571,0,0.022754123263400507,0,Induction Cooktop,prepaid_upi,0,2026-01
KO2607572,1,0.15164338328258362,0,Water Purifier,prepaid_upi,1,2026-01
KO2607573,0,0.0781140495989259,1,Room Heater,prepaid_card,0,2026-01
KO2607574,0,0.01694101909933392,0,Ceiling Fan,prepaid_card,0,2026-01
KO2607575,0,0.018253084031762713,0,Induction Cooktop,prepaid_upi,0,2026-01
KO2607576,0,0.26869914721061633,1,Induction Cooktop,cod,1,2026-01
KO2607577,0,0.044170888635660085,0,Water Purifier,emi,0,2026-01
KO2607578,0,0.05924198975767793,0,Air Fryer,prepaid_upi,0,2026-01
KO2607579,0,0.2923176073226382,1,Robot Vacuum,prepaid_upi,0,2026-01
KO2607580,0,0.06974406173941125,0,Robot Vacuum,prepaid_upi,0,2026-01
KO2607581,1,0.18815616748090577,1,Water Purifier,cod,0,2026-01
KO2607582,0,0.02510640158559106,0,Room Heater,prepaid_card,0,2026-01
KO2607583,1,0.08054905557954925,0,Robot Vacuum,prepaid_card,0,2026-01
KO2607584,0,0.011968500978806071,0,Mixer Grinder,prepaid_upi,0,2026-01
KO2607585,0,0.03663148327494973,0,Water Purifier,prepaid_card,0,2026-01
KO2607586,0,0.0356627941394032,0,Ceiling Fan,emi,0,2026-01
KO2607569,1,0.7226163117196445,0,Robot Vacuum,prepaid_upi,4,2026-01
KO2607587,0,0.024478140913857086,0,Induction Cooktop,emi,0,2026-01
KO2607568,0,0.016024939036058075,0,Induction Cooktop,emi,0,2026-01
KO2607566,0,0.11036996702832137,0,Water Purifier,cod,0,2026-01
KO2607549,1,0.5984752441936163,0,Induction Cooktop,cod,3,2026-01
KO2607550,0,0.08303816723478094,0,Air Fryer,cod,0,2026-01
KO2607551,0,0.24713265791011602,1,Water Purifier,cod,0,2026-01
KO2607552,0,0.051347598297163385,0,Room Heater,prepaid_upi,0,2026-01
KO2607553,1,0.09082240769141114,0,Induction Cooktop,cod,0,2026-01
KO2607554,0,0.03801309065447198,0,Air Fryer,prepaid_upi,0,2026-01
KO2607555,0,0.027325477944314815,0,Ceiling Fan,prepaid_upi,0,2026-01
KO2607556,0,0.03796933821313941,1,Ceiling Fan,prepaid_upi,0,2026-01
KO2607557,0,0.05649260751413609,0,Robot Vacuum,prepaid_upi,0,2026-01
KO2607558,0,0.06822866740626053,0,Induction Cooktop,prepaid_upi,1,2026-01
KO2607559,0,0.09458193860922423,0,Mixer Grinder,cod,0,2026-01
KO2607560,0,0.052757785970430696,0,Robot Vacuum,prepaid_upi,0,2026-01
KO2607561,0,0.07913393914575399,0,Ceiling Fan,cod,0,2026-01
KO2607562,0,0.08432777933448213,0,Ceiling Fan,cod,1,2026-01
KO2607563,0,0.1765437480704542,0,Air Fryer,prepaid_upi,1,2026-01
KO2607564,0,0.3706571090136292,0,Induction Cooktop,cod,2,2026-01
KO2607565,0,0.10098252357157904,1,Water Purifier,prepaid_upi,0,2026-01
KO2607567,0,0.041953580594328126,0,Induction Cooktop,cod,0,2026-01
KO2607548,0,0.08023311715459347,0,Room Heater,cod,0,2026-01
KO2607588,0,0.029616159935668417,0,Ceiling Fan,prepaid_card,0,2026-01
KO2607590,1,0.02656671185990882,0,Induction Cooktop,prepaid_upi,0,2026-01
KO2607612,0,0.05858789782473322,0,Air Fryer,prepaid_card,0,2026-01
KO2607613,1,0.0221140858341579,0,Ceiling Fan,prepaid_upi,0,2026-01
KO2607614,0,0.036890340847619565,0,Mixer Grinder,prepaid_card,0,2026-01
KO2607615,0,0.17695755479136668,0,Air Fryer,cod,0,2026-01
KO2607616,0,0.22936226360143805,0,Robot Vacuum,prepaid_card,0,2026-01
KO2607617,0,0.19785711337388975,0,Water Purifier,cod,1,2026-01
KO2607618,0,0.02558193382963965,0,Air Fryer,emi,0,2026-01
KO2607619,0,0.05331179824319338,0,Water Purifier,prepaid_card,0,2026-01
KO2607620,0,0.04280714593086038,0,Air Fryer,prepaid_upi,0,2026-01
KO2607621,0,0.020186678585523248,0,Induction Cooktop,prepaid_card,0,2026-01
KO2607622,0,0.02887880168940386,0,Water Purifier,prepaid_upi,0,2026-01
KO2607623,0,0.027075407993745308,0,Mixer Grinder,prepaid_upi,0,2026-01
KO2607624,0,0.2573367917685922,1,Robot Vacuum,emi,0,2026-01
KO2607625,1,0.5509606137097909,1,Robot Vacuum,cod,0,2026-01
KO2607626,0,0.017698199279550776,0,Ceiling Fan,prepaid_upi,0,2026-01
KO2607627,0,0.27571401439710935,1,Room Heater,cod,0,2026-01
KO2607628,0,0.08265643080856237,0,Mixer Grinder,cod,0,2026-01
KO2607611,0,0.027294938095576406,0,Room Heater,prepaid_card,0,2026-01
KO2607589,0,0.1321272458980332,0,Water Purifier,prepaid_upi,2,2026-01
KO2607610,0,0.04998681318726849,0,Mixer Grinder,emi,0,2026-01
KO2607608,0,0.05841441930275595,0,Water Purifier,prepaid_card,0,2026-01
KO2607591,0,0.03028172008208386,0,Induction Cooktop,prepaid_card,0,2026-01
KO2607592,0,0.08807187810399769,1,Air Fryer,emi,0,2026-01
KO2607593,0,0.01761012575637062,0,Induction Cooktop,emi,0,2026-01
KO2607594,1,0.4425505392184944,1,Mixer Grinder,prepaid_upi,2,2026-01
KO2607595,0,0.08741443629771917,0,Water Purifier,prepaid_card,0,2026-01
KO2607596,1,0.4270856459286459,1,Room Heater,cod,0,2026-01
KO2607597,0,0.026586100428458805,0,Ceiling Fan,prepaid_upi,0,2026-01
KO2607598,1,0.11535164163257526,1,Room Heater,prepaid_card,0,2026-01
KO2607599,0,0.03426264915097143,0,Ceiling Fan,cod,0,2026-01
KO2607600,0,0.08742506116113821,0,Ceiling Fan,cod,0,2026-01
KO2607601,0,0.11124555577581377,0,Water Purifier,cod,0,2026-01
KO2607602,0,0.12330161669017396,0,Robot Vacuum,cod,0,2026-01
KO2607603,0,0.06188375139830858,0,Robot Vacuum,prepaid_upi,0,2026-01
KO2607604,0,0.16488505419143493,0,Water Purifier,prepaid_card,0,2026-01
KO2607605,0,0.08534575963748077,0,Air Fryer,prepaid_card,1,2026-01
KO2607606,0,0.06394246736676366,0,Robot Vacuum,prepaid_card,0,2026-01
KO2607607,0,0.05354067233888351,0,Induction Cooktop,cod,0,2026-01
KO2607609,0,0.16977105719442442,0,Induction Cooktop,cod,0,2026-01
KO2607547,0,0.08104982310267925,1,Induction Cooktop,prepaid_upi,0,2026-01
KO2607545,0,0.045890894264028474,0,Room Heater,emi,0,2026-01
KO2607546,0,0.08008111317067508,0,Mixer Grinder,prepaid_upi,0,2026-01
KO2607485,0,0.09664786944201405,0,Room Heater,prepaid_card,1,2026-01
KO2607486,0,0.15103920605741386,0,Water Purifier,prepaid_upi,0,2026-01
KO2607487,0,0.39549789361880633,1,Water Purifier,prepaid_card,1,2026-01
KO2607488,0,0.05748631343205952,1,Air Fryer,emi,0,2026-01
KO2607489,0,0.28532082793427616,1,Robot Vacuum,prepaid_upi,1,2026-01
KO2607490,0,0.2089490109529042,0,Water Purifier,cod,0,2026-01
KO2607491,0,0.023293730463319572,0,Room Heater,prepaid_upi,0,2026-01
KO2607492,0,0.11482568319218488,0,Robot Vacuum,cod,0,2026-01
KO2607493,0,0.059029790423110115,1,Air Fryer,emi,0,2026-01
KO2607494,0,0.024289083581234563,0,Mixer Grinder,emi,0,2026-01
KO2607495,0,0.16420312165337902,0,Robot Vacuum,prepaid_upi,1,2026-01
KO2607496,0,0.027026072993145134,0,Water Purifier,prepaid_card,0,2026-01
KO2607497,1,0.08495962109334197,1,Induction Cooktop,emi,0,2026-01
KO2607498,1,0.05396102548367665,1,Ceiling Fan,prepaid_upi,0,2026-01
KO2607499,0,0.023003332620309097,0,Mixer Grinder,prepaid_upi,0,2026-01
KO2607500,0,0.053705216696174535,0,Ceiling Fan,cod,0,2026-01
KO2607501,0,0.062306116498292125,0,Water Purifier,prepaid_upi,0,2026-01
KO2607484,0,0.08681512589190545,0,Air Fryer,prepaid_card,0,2026-01
KO2607502,1,0.39148998225622095,0,Air Fryer,prepaid_upi,2,2026-01
KO2607483,1,0.17666702488062264,0,Water Purifier,prepaid_card,1,2026-01
KO2607481,0,0.014086345783163768,0,Induction Cooktop,emi,0,2026-01
KO2607464,0,0.0174937749307507,0,Ceiling Fan,prepaid_upi,0,2026-01
KO2607465,0,0.09536187288104356,0,Water Purifier,cod,0,2026-01
KO2607466,0,0.04803283562588863,0,Water Purifier,prepaid_upi,0,2026-01
KO2607467,0,0.016494666177375588,0,Mixer Grinder,prepaid_upi,0,2026-01
KO2607468,1,0.16621946127212323,0,Robot Vacuum,prepaid_upi,1,2026-01
KO2607469,0,0.05486817651432379,0,Ceiling Fan,cod,0,2026-01
KO2607470,0,0.030499211596678535,0,Air Fryer,prepaid_upi,0,2026-01
KO2607471,0,0.1780168683954332,1,Water Purifier,cod,0,2026-01
KO2607472,0,0.34639811270295884,0,Air Fryer,prepaid_upi,2,2026-01
KO2607473,0,0.03206633912038441,0,Room Heater,emi,0,2026-01
KO2607474,0,0.020297238835127955,0,Mixer Grinder,prepaid_upi,0,2026-01
KO2607475,0,0.1155507602807558,0,Induction Cooktop,cod,0,2026-01
KO2607476,0,0.03478515356284411,0,Induction Cooktop,emi,0,2026-01
KO2607477,0,0.0419495334927052,0,Air Fryer,prepaid_upi,0,2026-01
KO2607478,0,0.06724195242903497,0,Room Heater,cod,0,2026-01
KO2607479,0,0.1508418308987465,0,Mixer Grinder,cod,0,2026-01
KO2607480,1,0.21690706634023516,1,Water Purifier,emi,0,2026-01
KO2607482,0,0.03479136295719631,0,Room Heater,prepaid_upi,0,2026-01
KO2607503,0,0.10176862762539421,1,Room Heater,emi,0,2026-01
KO2607504,1,0.06381287564310525,0,Mixer Grinder,cod,0,2026-01
KO2607505,0,0.016316991628567885,0,Induction Cooktop,prepaid_upi,0,2026-01
KO2607528,1,0.30264507003870905,1,Ceiling Fan,cod,0,2026-01
KO2607529,0,0.025764592745481953,0,Ceiling Fan,prepaid_card,0,2026-01
KO2607530,0,0.07519192700069917,0,Water Purifier,cod,0,2026-01
KO2607531,0,0.043424700582925656,0,Robot Vacuum,prepaid_upi,0,2026-01
KO2607532,0,0.18709677907928515,1,Induction Cooktop,emi,1,2026-01
KO2607533,0,0.02257139289876065,0,Induction Cooktop,prepaid_card,0,2026-01
KO2607534,1,0.1934891245518099,0,Water Purifier,cod,0,2026-01
KO2607535,0,0.40373967975423813,1,Room Heater,cod,0,2026-01
KO2607536,0,0.12820294493980658,0,Robot Vacuum,cod,0,2026-01
KO2607537,1,0.7681436304405388,0,Robot Vacuum,prepaid_upi,4,2026-01
KO2607538,1,0.05116292828658581,0,Ceiling Fan,prepaid_card,0,2026-01
KO2607539,0,0.1459557729127476,0,Air Fryer,prepaid_card,0,2026-01
KO2607540,0,0.1348883143406395,1,Robot Vacuum,prepaid_card,0,2026-01
KO2607541,0,0.1087145212948311,1,Air Fryer,prepaid_upi,0,2026-01
KO2607542,0,0.09566077379209788,0,Room Heater,prepaid_card,0,2026-01
KO2607543,0,0.017436308476702717,0,Ceiling Fan,prepaid_upi,0,2026-01
KO2607544,0,0.08308764596758933,0,Air Fryer,prepaid_upi,1,2026-01
KO2607527,0,0.03199100454429999,0,Water Purifier,prepaid_upi,0,2026-01
KO2607526,0,0.03332588006405504,0,Ceiling Fan,prepaid_upi,0,2026-01
KO2607525,0,0.08353862405669296,0,Room Heater,prepaid_upi,0,2026-01
KO2607524,0,0.16552496676159487,1,Induction Cooktop,prepaid_card,0,2026-01
KO2607506,0,0.021875589450421718,0,Mixer Grinder,prepaid_upi,0,2026-01
KO2607507,0,0.08842911602328235,1,Ceiling Fan,prepaid_upi,0,2026-01
KO2607508,1,0.1453196845141031,1,Induction Cooktop,cod,0,2026-01
KO2607509,0,0.11983266672676612,0,Water Purifier,cod,0,2026-01
KO2607510,0,0.1161122184483965,0,Water Purifier,cod,0,2026-01
KO2607511,0,0.049607635271400254,1,Induction Cooktop,prepaid_upi,0,2026-01
KO2607512,0,0.09154601757341203,1,Water Purifier,prepaid_upi,0,2026-01
KO2607513,0,0.1660390289506444,0,Water Purifier,cod,0,2026-01
KO2607629,0,0.03803931766326578,0,Water Purifier,prepaid_card,0,2026-01
KO2607514,0,0.05331857250755004,0,Induction Cooktop,prepaid_upi,0,2026-01
KO2607516,0,0.046971714049553644,1,Ceiling Fan,prepaid_upi,0,2026-01
KO2607517,0,0.035780755885293315,0,Induction Cooktop,prepaid_upi,0,2026-01
KO2607518,0,0.10603265942700797,0,Room Heater,cod,0,2026-01
KO2607519,0,0.021787466887796546,0,Mixer Grinder,prepaid_card,0,2026-01
KO2607520,0,0.16276865407121288,0,Water Purifier,cod,1,2026-01
KO2607521,0,0.04810840359014791,0,Room Heater,prepaid_card,0,2026-01
KO2607522,0,0.025441298571605552,0,Induction Cooktop,prepaid_upi,0,2026-01
KO2607523,0,0.026096542639203094,0,Air Fryer,prepaid_card,0,2026-01
KO2607515,0,0.0533747245710998,0,Ceiling Fan,prepaid_card,0,2026-01
KO2607463,0,0.07018533870439678,1,Air Fryer,prepaid_upi,0,2026-01
KO2607630,0,0.1308381322771561,0,Water Purifier,prepaid_upi,0,2026-01
KO2607632,0,0.030057812634713372,0,Room Heater,prepaid_upi,0,2026-01
KO2607633,0,0.3254468490859503,1,Induction Cooktop,cod,0,2026-01
KO2607634,0,0.10723442100433493,0,Ceiling Fan,emi,1,2026-01
KO2607631,0,0.12973389019883744,0,Robot Vacuum,prepaid_upi,0,2026-01
KO2607124,0,0.05277389975398154,1,Ceiling Fan,prepaid_card,0,2026-01
KO2607462,0,0.09213902660273941,1,Mixer Grinder,emi,0,2026-01
KO2607460,1,0.09348047700999677,0,Induction Cooktop,cod,0,2026-01
KO2607232,0,0.11555086314202252,0,Water Purifier,cod,0,2026-01
KO2607233,0,0.07644165203429884,0,Water Purifier,emi,1,2026-01
KO2607234,1,0.15926529094667838,0,Air Fryer,prepaid_upi,0,2026-01
KO2607235,0,0.10645923474205798,1,Induction Cooktop,cod,0,2026-01
KO2607236,0,0.07063105914049492,0,Ceiling Fan,prepaid_card,0,2026-01
KO2607237,0,0.015508470710510702,0,Mixer Grinder,emi,0,2026-01
KO2607238,1,0.08866191405918608,0,Robot Vacuum,prepaid_card,0,2026-01
KO2607239,0,0.01943936818270743,0,Induction Cooktop,prepaid_upi,0,2026-01
KO2607240,0,0.008401704552172656,0,Induction Cooktop,prepaid_upi,0,2026-01
KO2607241,0,0.09623614545477487,0,Mixer Grinder,cod,0,2026-01
KO2607242,0,0.08221134139896856,0,Room Heater,prepaid_upi,1,2026-01
KO2607243,0,0.6177366547677049,0,Ceiling Fan,cod,2,2026-01
KO2607244,0,0.24713179413746902,1,Water Purifier,prepaid_upi,1,2026-01
KO2607245,0,0.0799475239275933,1,Room Heater,prepaid_upi,0,2026-01
KO2607247,0,0.05891853686356969,0,Air Fryer,prepaid_card,0,2026-01
KO2607246,1,0.08488296722100344,0,Ceiling Fan,prepaid_upi,0,2026-01
KO2607248,0,0.0958673318996959,0,Induction Cooktop,prepaid_upi,1,2026-01
KO2607231,1,0.13464500642941865,0,Room Heater,cod,0,2026-01
KO2607249,0,0.22599738909263284,0,Air Fryer,cod,0,2026-01
KO2607230,0,0.08130031368956409,0,Mixer Grinder,cod,0,2026-01
KO2607228,0,0.03679213174059969,0,Induction Cooktop,prepaid_upi,0,2026-01
KO2607211,0,0.08277512941496659,0,Air Fryer,prepaid_upi,0,2026-01
KO2607212,0,0.13516415752619634,0,Water Purifier,cod,0,2026-01
KO2607213,0,0.0415900745770982,1,Induction Cooktop,prepaid_card,0,2026-01
KO2607214,0,0.03218974059448455,0,Room Heater,prepaid_upi,0,2026-01
KO2607215,0,0.04704196686653451,1,Mixer Grinder,prepaid_upi,0,2026-01
KO2607216,0,0.3185060241123347,1,Mixer Grinder,cod,0,2026-01
KO2607217,0,0.0940754509357294,0,Water Purifier,prepaid_upi,0,2026-01
KO2607218,0,0.07223750067925919,0,Water Purifier,prepaid_upi,0,2026-01
KO2607219,0,0.36414993917527755,1,Air Fryer,cod,0,2026-01
KO2607220,0,0.04028521954523155,0,Ceiling Fan,prepaid_upi,0,2026-01
KO2607221,0,0.03973183858131671,0,Air Fryer,prepaid_card,0,2026-01
KO2607222,0,0.09500953927124013,0,Robot Vacuum,prepaid_upi,0,2026-01
KO2607223,0,0.04640142531609014,0,Water Purifier,prepaid_upi,0,2026-01
KO2607224,0,0.022976032322134816,0,Air Fryer,prepaid_card,0,2026-01
KO2607225,0,0.16656696638752402,0,Water Purifier,prepaid_card,1,2026-01
KO2607226,0,0.174120102553403,0,Robot Vacuum,cod,0,2026-01
KO2607227,0,0.02313756820712861,0,Air Fryer,prepaid_upi,0,2026-01
KO2607229,0,0.10421028595764062,0,Room Heater,cod,0,2026-01
KO2607210,0,0.03192207354966332,1,Ceiling Fan,prepaid_card,0,2026-01
KO2607250,0,0.030409993631016836,0,Air Fryer,prepaid_card,0,2026-01
KO2607252,0,0.02957528674837863,0,Ceiling Fan,prepaid_upi,0,2026-01
KO2607274,1,0.14392267780084966,1,Water Purifier,prepaid_upi,0,2026-01
KO2607275,0,0.4099037665985256,0,Room Heater,cod,1,2026-01
KO2607276,0,0.02168627082260931,0,Ceiling Fan,emi,0,2026-01
KO2607277,0,0.04336561072731363,0,Air Fryer,prepaid_upi,0,2026-01
KO2607278,1,0.12297598479146399,0,Robot Vacuum,emi,0,2026-01
KO2607279,0,0.009838955964891963,0,Ceiling Fan,prepaid_upi,0,2026-01
KO2607280,0,0.1725112234810865,0,Air Fryer,prepaid_upi,1,2026-01
KO2607281,0,0.04806262178507238,1,Induction Cooktop,prepaid_upi,0,2026-01
KO2607282,0,0.22993724525311277,1,Mixer Grinder,prepaid_card,0,2026-01
KO2607283,0,0.018898191475221947,0,Ceiling Fan,emi,0,2026-01
KO2607284,0,0.0972697767353628,0,Room Heater,prepaid_upi,1,2026-01
KO2607285,0,0.04950996537074615,0,Induction Cooktop,prepaid_upi,0,2026-01
KO2607286,0,0.012748940702225554,0,Mixer Grinder,prepaid_upi,0,2026-01
KO2607287,0,0.12659976016513524,1,Air Fryer,prepaid_upi,0,2026-01
KO2607288,0,0.09280388569200695,0,Robot Vacuum,prepaid_upi,0,2026-01
KO2607289,0,0.06495832845705564,0,Water Purifier,prepaid_upi,0,2026-01
KO2607290,0,0.0270633705623926,0,Ceiling Fan,cod,0,2026-01
KO2607273,0,0.05939589074627864,0,Room Heater,prepaid_upi,0,2026-01
KO2607251,1,0.329994504743484,1,Water Purifier,emi,0,2026-01
KO2607272,0,0.08701389436211558,1,Water Purifier,emi,0,2026-01
KO2607270,0,0.023213417162631138,0,Ceiling Fan,prepaid_upi,1,2026-01
KO2607253,0,0.022451776849809108,0,Induction Cooktop,prepaid_upi,0,2026-01
KO2607254,0,0.029320749814025927,0,Mixer Grinder,prepaid_upi,0,2026-01
KO2607255,0,0.13321341753761268,1,Ceiling Fan,prepaid_card,0,2026-01
KO2607256,0,0.03691881128712156,0,Room Heater,emi,0,2026-01
KO2607257,0,0.012484737800873493,0,Mixer Grinder,emi,0,2026-01
KO2607258,0,0.12871583625536315,1,Robot Vacuum,prepaid_upi,0,2026-01
KO2607259,0,0.09569931679303484,0,Room Heater,cod,0,2026-01
KO2607260,0,0.2237347930410776,0,Robot Vacuum,prepaid_card,0,2026-01
KO2607261,0,0.13226564835445215,0,Induction Cooktop,cod,1,2026-01
KO2607262,0,0.3121797567751294,1,Robot Vacuum,cod,0,2026-01
KO2607263,0,0.14294435557860483,1,Mixer Grinder,cod,0,2026-01
KO2607264,0,0.08860298759215396,0,Room Heater,emi,0,2026-01
KO2607265,1,0.05467423872884969,0,Induction Cooktop,cod,0,2026-01
KO2607266,0,0.03370717738218951,0,Room Heater,prepaid_upi,0,2026-01
KO2607267,1,0.2884183789713631,0,Air Fryer,cod,1,2026-01
KO2607268,0,0.02286060536267455,0,Room Heater,prepaid_card,0,2026-01
KO2607269,0,0.09941095060881083,0,Robot Vacuum,prepaid_card,0,2026-01
KO2607271,0,0.07421212504906673,0,Induction Cooktop,cod,0,2026-01
KO2607209,0,0.01556620580787344,0,Induction Cooktop,prepaid_upi,0,2026-01
KO2607208,0,0.07271977369110123,1,Ceiling Fan,emi,0,2026-01
KO2607207,0,0.11022216063203336,0,Robot Vacuum,prepaid_card,0,2026-01
KO2607147,0,0.02672535795495909,0,Ceiling Fan,prepaid_card,0,2026-01
KO2607148,1,0.14293004508253215,1,Induction Cooktop,cod,0,2026-01
KO2607149,1,0.8841729166607397,1,Air Fryer,prepaid_upi,3,2026-01
KO2607150,0,0.06581152691100126,0,Water Purifier,prepaid_card,0,2026-01
KO2607151,0,0.0586786694960871,0,Air Fryer,emi,0,2026-01
KO2607152,0,0.10896145043633891,1,Mixer Grinder,emi,0,2026-01
KO2607153,0,0.03803290700146933,0,Ceiling Fan,prepaid_card,0,2026-01
KO2607154,1,0.07368958576139455,1,Induction Cooktop,prepaid_card,0,2026-01
KO2607155,0,0.04696960806333623,0,Induction Cooktop,prepaid_card,0,2026-01
KO2607156,1,0.11770195580491083,0,Air Fryer,cod,0,2026-01
KO2607157,0,0.12971339888199315,1,Room Heater,cod,0,2026-01
KO2607158,0,0.017134374502007818,0,Mixer Grinder,prepaid_card,0,2026-01
KO2607159,0,0.042982484048576505,0,Room Heater,prepaid_upi,0,2026-01
KO2607160,0,0.032089709102600686,1,Ceiling Fan,prepaid_upi,0,2026-01
KO2607161,0,0.15522649071127084,0,Water Purifier,cod,0,2026-01
KO2607162,0,0.013950040651679476,0,Ceiling Fan,emi,0,2026-01
KO2607163,1,0.3594655706477301,1,Ceiling Fan,prepaid_upi,2,2026-01
KO2607146,0,0.017830763806638898,0,Induction Cooktop,emi,0,2026-01
KO2607164,0,0.04425017539556129,0,Mixer Grinder,emi,0,2026-01
KO2607145,0,0.030071194063511497,0,Water Purifier,prepaid_card,0,2026-01
KO2607143,0,0.045090525329299906,0,Air Fryer,prepaid_upi,0,2026-01
KO2607126,0,0.06581443344362596,0,Mixer Grinder,prepaid_card,0,2026-01
KO2607127,0,0.14497061149988458,1,Induction Cooktop,prepaid_card,0,2026-01
KO2607128,0,0.016022416487836866,0,Induction Cooktop,prepaid_upi,0,2026-01
KO2607129,1,0.16246999239474352,1,Robot Vacuum,prepaid_card,0,2026-01
KO2607130,1,0.1254119352814364,0,Ceiling Fan,cod,0,2026-01
KO2607131,0,0.03908790454217475,0,Mixer Grinder,prepaid_upi,0,2026-01
KO2607132,0,0.07113280522422977,0,Ceiling Fan,cod,0,2026-01
KO2607133,0,0.057693695306933336,0,Room Heater,prepaid_card,0,2026-01
KO2607134,0,0.040903671767056074,0,Air Fryer,prepaid_card,0,2026-01
KO2607135,0,0.08074900742795643,0,Water Purifier,emi,0,2026-01
KO2607136,0,0.018981175810550567,0,Ceiling Fan,prepaid_upi,0,2026-01
KO2607137,1,0.1161122184483965,0,Water Purifier,cod,0,2026-01
KO2607138,0,0.03634854534446531,0,Ceiling Fan,prepaid_upi,0,2026-01
KO2607139,0,0.01589707210509605,0,Induction Cooktop,prepaid_upi,0,2026-01
KO2607140,0,0.036615913861581174,1,Induction Cooktop,prepaid_upi,0,2026-01
KO2607141,1,0.08268531346062953,0,Induction Cooktop,cod,0,2026-01
KO2607142,0,0.2435007114020946,1,Robot Vacuum,prepaid_upi,0,2026-01
KO2607144,1,0.13923192613877114,0,Room Heater,cod,0,2026-01
KO2607165,1,0.19495829827421182,0,Robot Vacuum,prepaid_card,0,2026-01
KO2607166,0,0.23399954755921168,0,Room Heater,cod,1,2026-01
KO2607167,0,0.01477785279365335,0,Water Purifier,prepaid_upi,0,2026-01
KO2607190,0,0.1193312064032573,0,Air Fryer,cod,0,2026-01
KO2607191,0,0.04484290267585141,0,Room Heater,prepaid_card,0,2026-01
KO2607192,0,0.060084281059468544,0,Induction Cooktop,prepaid_upi,0,2026-01
KO2607193,0,0.02698111853629079,1,Room Heater,prepaid_card,0,2026-01
KO2607194,0,0.02471025031804605,0,Ceiling Fan,cod,0,2026-01
KO2607195,0,0.02095805340624633,0,Room Heater,prepaid_upi,0,2026-01
KO2607196,0,0.02725171692401737,0,Induction Cooktop,prepaid_card,0,2026-01
KO2607197,0,0.15505969539451794,0,Room Heater,cod,0,2026-01
KO2607198,1,0.0619297910412745,0,Induction Cooktop,prepaid_card,0,2026-01
KO2607199,0,0.4527226499758177,1,Room Heater,prepaid_card,1,2026-01
KO2607200,1,0.16957876468366775,0,Robot Vacuum,cod,0,2026-01
KO2607201,0,0.30426341531197076,0,Ceiling Fan,cod,2,2026-01
KO2607202,0,0.05450446104080429,0,Water Purifier,prepaid_card,0,2026-01
KO2607203,0,0.08500876939518988,0,Induction Cooktop,emi,0,2026-01
KO2607204,0,0.010546522933101472,0,Mixer Grinder,prepaid_upi,0,2026-01
KO2607205,0,0.030965087386294318,0,Ceiling Fan,prepaid_upi,0,2026-01
KO2607206,0,0.02848688427641144,0,Air Fryer,prepaid_card,0,2026-01
KO2607189,0,0.028475953128538057,0,Air Fryer,prepaid_upi,0,2026-01
KO2607188,0,0.011371389248713464,0,Mixer Grinder,prepaid_upi,0,2026-01
KO2607187,0,0.09141824476527317,0,Induction Cooktop,cod,0,2026-01
KO2607186,0,0.0864575639179482,0,Water Purifier,prepaid_upi,0,2026-01
KO2607168,0,0.027364878907129183,0,Induction Cooktop,emi,0,2026-01
KO2607169,0,0.031567175591723555,0,Ceiling Fan,emi,0,2026-01
KO2607170,0,0.022637148416112748,0,Induction Cooktop,prepaid_card,0,2026-01
KO2607171,0,0.16603355567734743,0,Water Purifier,emi,0,2026-01
KO2607172,1,0.5646069820430291,1,Robot Vacuum,cod,1,2026-01
KO2607173,0,0.20205750751313034,1,Room Heater,prepaid_upi,0,2026-01
KO2607174,1,0.23327910914543504,0,Robot Vacuum,prepaid_upi,1,2026-01
KO2607175,0,0.31446083539959135,0,Robot Vacuum,cod,0,2026-01
KO2607291,0,0.026750626789855,0,Air Fryer,emi,0,2026-01
KO2607176,0,0.21977522351882628,1,Air Fryer,prepaid_upi,0,2026-01
KO2607178,0,0.10017897194042968,1,Ceiling Fan,prepaid_upi,0,2026-01
KO2607179,0,0.010456430928466843,0,Mixer Grinder,emi,0,2026-01
KO2607180,0,0.021752893067802266,0,Mixer Grinder,prepaid_card,0,2026-01
KO2607181,0,0.008564648018042405,0,Induction Cooktop,prepaid_upi,0,2026-01
KO2607182,0,0.1645092909229239,0,Water Purifier,prepaid_upi,0,2026-01
KO2607183,0,0.023126865442526005,0,Ceiling Fan,emi,0,2026-01
KO2607184,0,0.04399373684803712,0,Water Purifier,emi,0,2026-01
KO2607185,0,0.04971543555441442,0,Room Heater,emi,0,2026-01
KO2607177,0,0.06528928102427016,0,Water Purifier,prepaid_card,0,2026-01
KO2607461,0,0.2719068665287014,0,Water Purifier,prepaid_card,1,2026-01
KO2607292,0,0.10399456040625264,0,Ceiling Fan,cod,0,2026-01
KO2607294,1,0.2654250142203886,1,Water Purifier,prepaid_upi,1,2026-01
KO2607401,1,0.02781454387518286,0,Mixer Grinder,prepaid_upi,0,2026-01
KO2607402,0,0.11981317611457373,1,Room Heater,prepaid_card,1,2026-01
KO2607403,0,0.0835272382731308,1,Room Heater,prepaid_upi,0,2026-01
KO2607404,0,0.07611138440435067,0,Robot Vacuum,prepaid_upi,0,2026-01
KO2607405,0,0.04102259689635611,0,Induction Cooktop,prepaid_upi,0,2026-01
KO2607406,0,0.012831556565045326,0,Ceiling Fan,prepaid_upi,0,2026-01
KO2607407,0,0.013364859456478804,0,Ceiling Fan,prepaid_card,0,2026-01
KO2607408,0,0.09621117543405686,0,Water Purifier,prepaid_card,0,2026-01
KO2607409,0,0.021377333566483588,0,Induction Cooktop,prepaid_upi,0,2026-01
KO2607410,0,0.11107161056718061,0,Water Purifier,cod,0,2026-01
KO2607411,0,0.04606290783646742,0,Induction Cooktop,prepaid_upi,0,2026-01
KO2607412,0,0.04682944872447321,0,Water Purifier,prepaid_upi,0,2026-01
KO2607413,0,0.03186006395230458,0,Ceiling Fan,prepaid_card,1,2026-01
KO2607414,0,0.16302318367986784,0,Water Purifier,cod,0,2026-01
KO2607415,0,0.04392029237891729,0,Ceiling Fan,prepaid_card,0,2026-01
KO2607416,0,0.04616351975837139,0,Water Purifier,emi,0,2026-01
KO2607417,0,0.14558596495979165,0,Robot Vacuum,cod,0,2026-01
KO2607399,1,0.17292685056214252,0,Robot Vacuum,cod,0,2026-01
KO2607418,0,0.13695486274567606,0,Air Fryer,emi,0,2026-01
KO2607400,0,0.1366881120912229,0,Robot Vacuum,prepaid_upi,0,2026-01
KO2607397,0,0.018972343453377876,0,Ceiling Fan,prepaid_card,0,2026-01
KO2607380,1,0.6173956419769853,1,Induction Cooktop,cod,2,2026-01
KO2607381,0,0.12872391441197698,1,Water Purifier,prepaid_upi,0,2026-01
KO2607382,0,0.016675992963111955,0,Mixer Grinder,emi,0,2026-01
KO2607383,0,0.1861046858129484,1,Air Fryer,prepaid_card,0,2026-01
KO2607384,0,0.03169663961039347,0,Water Purifier,prepaid_upi,0,2026-01
KO2607385,0,0.0633047090011062,0,Air Fryer,prepaid_upi,0,2026-01
KO2607386,0,0.05016564886636587,0,Air Fryer,prepaid_card,0,2026-01
KO2607387,0,0.0759090712667119,1,Mixer Grinder,prepaid_upi,0,2026-01
KO2607388,0,0.026253361498170532,0,Room Heater,prepaid_upi,0,2026-01
KO2607389,0,0.03434750671512846,0,Ceiling Fan,cod,0,2026-01
KO2607390,0,0.16218909697502248,0,Water Purifier,cod,0,2026-01
KO2607391,0,0.014926830018090732,0,Induction Cooktop,prepaid_upi,0,2026-01
KO2607392,0,0.06745521538887875,0,Robot Vacuum,prepaid_upi,0,2026-01
KO2607393,0,0.35147926163478527,0,Robot Vacuum,cod,0,2026-01
KO2607394,1,0.5843811490508606,0,Air Fryer,cod,1,2026-01
KO2607395,0,0.03332455913562626,0,Induction Cooktop,prepaid_upi,0,2026-01
KO2607396,1,0.7034916450003578,0,Water Purifier,cod,3,2026-01
KO2607398,1,0.14045565207269284,1,Air Fryer,prepaid_upi,1,2026-01
KO2607379,0,0.18821255531984643,1,Robot Vacuum,cod,0,2026-01
KO2607419,1,0.2948012381162329,0,Air Fryer,prepaid_upi,2,2026-01
KO2607421,0,0.012215775376215994,0,Induction Cooktop,emi,0,2026-01
KO2607443,1,0.35203906413523745,0,Robot Vacuum,prepaid_card,1,2026-01
KO2607444,0,0.06487443905499159,1,Ceiling Fan,prepaid_upi,0,2026-01
KO2607445,0,0.1787770011287268,0,Robot Vacuum,cod,0,2026-01
KO2607446,0,0.08288926662208823,1,Ceiling Fan,cod,0,2026-01
KO2607447,0,0.02149086253419433,0,Induction Cooktop,prepaid_upi,0,2026-01
KO2607448,0,0.25056787776691947,0,Water Purifier,cod,0,2026-01
KO2607449,1,0.3805533489696834,0,Air Fryer,cod,1,2026-01
KO2607450,0,0.040638175345326856,0,Air Fryer,prepaid_upi,0,2026-01
KO2607451,0,0.10583509109540519,0,Robot Vacuum,prepaid_upi,0,2026-01
KO2607452,0,0.04239883791083897,0,Air Fryer,prepaid_card,0,2026-01
KO2607453,0,0.10338536001617113,0,Air Fryer,prepaid_upi,0,2026-01
KO2607454,1,0.313752575991622,0,Room Heater,prepaid_card,1,2026-01
KO2607455,0,0.14802629274703027,0,Water Purifier,emi,0,2026-01
KO2607456,0,0.10944128486488289,1,Ceiling Fan,cod,0,2026-01
KO2607457,0,0.21418907482380375,0,Robot Vacuum,cod,0,2026-01
KO2607458,0,0.0746282933005326,0,Mixer Grinder,prepaid_upi,0,2026-01
KO2607459,1,0.43402332701975826,1,Robot Vacuum,cod,0,2026-01
KO2607442,0,0.02646034995106773,0,Room Heater,prepaid_card,0,2026-01
KO2607420,0,0.038022529484539234,0,Room Heater,prepaid_upi,0,2026-01
KO2607441,0,0.08386727778361375,0,Air Fryer,prepaid_upi,0,2026-01
KO2607439,0,0.132862951271766,1,Robot Vacuum,prepaid_upi,0,2026-01
KO2607422,0,0.028071498340723894,0,Induction Cooktop,emi,0,2026-01
KO2607423,0,0.1847317881559779,0,Induction Cooktop,emi,2,2026-01
KO2607424,0,0.08879088727394313,0,Induction Cooktop,cod,0,2026-01
KO2607425,0,0.07225750540405323,0,Air Fryer,prepaid_upi,0,2026-01
KO2607426,0,0.0543612254411658,1,Room Heater,emi,0,2026-01
KO2607427,0,0.10058582898763598,0,Air Fryer,prepaid_upi,1,2026-01
KO2607428,0,0.015405165896847635,0,Mixer Grinder,prepaid_upi,0,2026-01
KO2607429,0,0.29817319381922025,0,Water Purifier,cod,1,2026-01
KO2607430,1,0.1628663854403952,1,Induction Cooktop,prepaid_card,0,2026-01
KO2607431,1,0.253535838918937,0,Robot Vacuum,cod,0,2026-01
KO2607432,0,0.13457326577974335,0,Room Heater,prepaid_upi,1,2026-01
KO2607433,0,0.16340207962384426,1,Induction Cooktop,prepaid_card,0,2026-01
KO2607434,0,0.01000054346150727,0,Ceiling Fan,prepaid_upi,0,2026-01
KO2607435,0,0.13219365657225365,1,Air Fryer,prepaid_card,0,2026-01
KO2607436,0,0.10751935921536114,1,Room Heater,prepaid_card,0,2026-01
KO2607437,0,0.04494628057195406,1,Room Heater,prepaid_upi,0,2026-01
KO2607438,1,0.46299031328149826,0,Robot Vacuum,prepaid_upi,2,2026-01
KO2607440,0,0.045190409221021244,0,Mixer Grinder,prepaid_upi,0,2026-01
KO2607378,1,0.19437203158972263,1,Ceiling Fan,emi,0,2026-01
KO2607377,0,0.05206673336472863,0,Water Purifier,prepaid_upi,0,2026-01
KO2607376,0,0.05563715619701831,1,Mixer Grinder,emi,0,2026-01
KO2607316,0,0.16157688240472215,1,Room Heater,prepaid_card,0,2026-01
KO2607317,0,0.15192519316033587,0,Robot Vacuum,cod,0,2026-01
KO2607318,0,0.061179895706920416,0,Water Purifier,prepaid_upi,0,2026-01
KO2607319,0,0.025848743255676654,0,Induction Cooktop,prepaid_upi,0,2026-01
KO2607320,0,0.04749499333174334,0,Room Heater,prepaid_card,0,2026-01
KO2607321,0,0.21273098405922955,1,Mixer Grinder,prepaid_card,0,2026-01
KO2607322,0,0.22898166234320486,0,Room Heater,cod,1,2026-01
KO2607323,0,0.036946281713170305,0,Induction Cooktop,prepaid_upi,0,2026-01
KO2607324,1,0.20602520943897729,1,Robot Vacuum,prepaid_upi,0,2026-01
KO2607325,0,0.060228388274021626,1,Ceiling Fan,prepaid_upi,0,2026-01
KO2607326,0,0.1288603247325616,1,Water Purifier,prepaid_upi,0,2026-01
KO2607327,0,0.11038821043265336,0,Robot Vacuum,prepaid_card,0,2026-01
KO2607328,1,0.054582876116277435,0,Induction Cooktop,prepaid_upi,1,2026-01
KO2607329,0,0.039202555967986503,0,Air Fryer,prepaid_upi,0,2026-01
KO2607330,0,0.053515320743097436,0,Ceiling Fan,prepaid_card,1,2026-01
KO2607331,0,0.018349967307927137,0,Mixer Grinder,prepaid_upi,0,2026-01
KO2607332,0,0.06437896060810981,0,Air Fryer,prepaid_card,0,2026-01
KO2607315,0,0.11187107811909151,1,Room Heater,prepaid_upi,0,2026-01
KO2607333,0,0.06740429510611476,1,Mixer Grinder,prepaid_upi,0,2026-01
KO2607314,0,0.04359453784059997,0,Air Fryer,prepaid_card,0,2026-01
KO2607312,0,0.024853209004332372,0,Air Fryer,prepaid_upi,0,2026-01
KO2607295,0,0.05903246615435297,0,Room Heater,cod,0,2026-01
KO2607296,0,0.12786733933622177,1,Room Heater,cod,0,2026-01
KO2607297,0,0.10743946582655396,0,Induction Cooktop,cod,0,2026-01
KO2607298,0,0.020595350024322535,0,Ceiling Fan,prepaid_upi,0,2026-01
KO2607299,0,0.33126751056364345,0,Room Heater,cod,1,2026-01
KO2607300,0,0.03822689708670074,0,Room Heater,prepaid_card,0,2026-01
KO2607301,0,0.0695351365552036,1,Induction Cooktop,prepaid_upi,1,2026-01
KO2607302,0,0.0425560397089155,0,Mixer Grinder,prepaid_card,1,2026-01
KO2607303,0,0.13405289972809847,0,Robot Vacuum,cod,0,2026-01
KO2607304,0,0.023825275659350595,0,Ceiling Fan,prepaid_upi,0,2026-01
KO2607305,0,0.03410090792849914,0,Induction Cooktop,cod,0,2026-01
KO2607306,0,0.03484512181926122,0,Ceiling Fan,prepaid_upi,1,2026-01
KO2607307,0,0.25206016231525574,1,Mixer Grinder,cod,1,2026-01
KO2607308,0,0.32044585277688553,1,Mixer Grinder,cod,1,2026-01
KO2607309,0,0.018857560704195347,0,Induction Cooktop,prepaid_upi,0,2026-01
KO2607310,0,0.08568117141120254,0,Mixer Grinder,cod,0,2026-01
KO2607311,0,0.20223672289193823,1,Room Heater,cod,0,2026-01
KO2607313,0,0.024389255542284247,0,Mixer Grinder,emi,0,2026-01
KO2607334,1,0.5193614589817322,1,Mixer Grinder,cod,2,2026-01
KO2607335,0,0.22097845329417892,1,Induction Cooktop,cod,0,2026-01
KO2607336,0,0.3540644235140783,1,Robot Vacuum,emi,0,2026-01
KO2607359,0,0.13584389092570057,0,Mixer Grinder,cod,0,2026-01
KO2607360,0,0.05929033012253667,0,Mixer Grinder,cod,0,2026-01
KO2607361,1,0.7885434834947883,0,Air Fryer,cod,4,2026-01
KO2607362,0,0.17920033978207714,0,Ceiling Fan,prepaid_upi,2,2026-01
KO2607363,0,0.06224454611230648,0,Air Fryer,prepaid_upi,0,2026-01
KO2607364,0,0.06710773717355535,0,Ceiling Fan,emi,1,2026-01
KO2607365,0,0.026697178076401883,0,Ceiling Fan,emi,0,2026-01
KO2607366,0,0.20997842259595104,1,Air Fryer,cod,0,2026-01
KO2607367,0,0.07322661147589646,0,Air Fryer,prepaid_upi,0,2026-01
KO2607368,0,0.34255785778156217,1,Induction Cooktop,emi,1,2026-01
KO2607369,0,0.03650207076584152,0,Mixer Grinder,prepaid_card,0,2026-01
KO2607370,0,0.05108085181387904,0,Ceiling Fan,prepaid_card,0,2026-01
KO2607371,1,0.08827991719983568,0,Room Heater,prepaid_card,1,2026-01
KO2607372,0,0.055271169728448165,0,Air Fryer,prepaid_upi,0,2026-01
KO2607373,0,0.1821442080821401,1,Water Purifier,emi,1,2026-01
KO2607374,0,0.06588771652052154,0,Robot Vacuum,prepaid_card,0,2026-01
KO2607375,1,0.02572870102110692,0,Room Heater,prepaid_upi,0,2026-01
KO2607358,1,0.40723132578510673,0,Room Heater,cod,2,2026-01
KO2607357,0,0.2627575168905079,1,Air Fryer,cod,0,2026-01
KO2607356,0,0.2594102839160837,0,Water Purifier,cod,1,2026-01
KO2607355,0,0.07823598163137165,1,Room Heater,prepaid_card,0,2026-01
KO2607337,0,0.046334163364451314,0,Robot Vacuum,emi,0,2026-01
KO2607338,0,0.06305600785856091,0,Robot Vacuum,emi,0,2026-01
KO2607339,0,0.05882509990541276,1,Room Heater,prepaid_upi,0,2026-01
KO2607340,0,0.1145458923710783,0,Water Purifier,prepaid_card,0,2026-01
KO2607341,0,0.11755964529001368,0,Induction Cooktop,cod,0,2026-01
KO2607342,1,0.43265418506843933,0,Water Purifier,cod,1,2026-01
KO2607343,0,0.23338139013356204,1,Water Purifier,cod,0,2026-01
KO2607344,0,0.07865303185235056,0,Induction Cooktop,prepaid_upi,0,2026-01
KO2607293,0,0.06038296640924263,0,Water Purifier,prepaid_upi,0,2026-01
KO2607345,0,0.16645473365734442,0,Robot Vacuum,cod,0,2026-01
KO2607347,1,0.08051737567951033,0,Room Heater,cod,0,2026-01
KO2607348,0,0.12762280655250927,0,Air Fryer,cod,0,2026-01
KO2607349,0,0.0717732199740391,0,Robot Vacuum,emi,0,2026-01
KO2607350,0,0.08557077655952113,0,Air Fryer,prepaid_card,0,2026-01
KO2607351,0,0.028361288777177973,0,Ceiling Fan,prepaid_card,0,2026-01
KO2607352,0,0.020213446921425713,0,Induction Cooktop,emi,0,2026-01
KO2607353,0,0.057038439465465045,1,Induction Cooktop,prepaid_upi,0,2026-01
KO2607354,0,0.026168107072233295,0,Induction Cooktop,prepaid_upi,0,2026-01
KO2607346,0,0.09760625658489246,1,Induction Cooktop,prepaid_upi,0,2026-01
KO2606448,0,0.010552653830840192,0,Ceiling Fan,prepaid_card,0,2026-01
KO2606446,0,0.07946397396767807,0,Air Fryer,emi,0,2026-01
KO2606447,0,0.2780216340821141,0,Room Heater,cod,0,2026-01
KO2606260,0,0.16898559077002914,0,Water Purifier,prepaid_card,0,2026-01
KO2606261,0,0.03238836957795048,0,Robot Vacuum,prepaid_upi,0,2026-01
KO2606262,0,0.050327699026340794,1,Induction Cooktop,prepaid_upi,0,2026-01
KO2606263,0,0.10647486998234136,0,Water Purifier,prepaid_upi,0,2026-01
KO2606264,0,0.018791223915167382,0,Ceiling Fan,prepaid_upi,0,2026-01
KO2606265,1,0.5388667357667459,0,Robot Vacuum,prepaid_upi,3,2026-01
KO2606266,0,0.025260483445397598,0,Induction Cooktop,prepaid_card,0,2026-01
KO2606267,0,0.04849163545350924,0,Mixer Grinder,cod,0,2026-01
KO2606268,0,0.0529993031938975,0,Room Heater,prepaid_card,0,2026-01
KO2606269,0,0.02275378382339324,0,Mixer Grinder,emi,0,2026-01
KO2606270,0,0.05130610722903799,0,Robot Vacuum,prepaid_upi,0,2026-01
KO2606271,0,0.04451216754501086,0,Ceiling Fan,prepaid_upi,0,2026-01
KO2606272,0,0.09955011891125387,0,Mixer Grinder,cod,0,2026-01
KO2606273,1,0.1843843581268831,1,Robot Vacuum,prepaid_upi,0,2026-01
KO2606274,0,0.02510942159565571,0,Ceiling Fan,prepaid_card,0,2026-01
KO2606275,0,0.02006245167726551,0,Room Heater,prepaid_upi,0,2026-01
KO2606276,0,0.02629970729658563,0,Water Purifier,emi,0,2026-01
KO2606259,0,0.06110329105977518,0,Mixer Grinder,cod,0,2026-01
KO2606258,1,0.14099385935225692,0,Induction Cooktop,cod,0,2026-01
KO2606256,0,0.2912780070615479,1,Robot Vacuum,prepaid_card,0,2026-01
KO2606252,0,0.03349734405662508,0,Mixer Grinder,emi,0,2026-01
KO2606253,0,0.16646107116340605,0,Water Purifier,cod,0,2026-01
KO2606254,0,0.040449353957253006,0,Mixer Grinder,prepaid_card,0,2026-01
KO2606255,0,0.13931368686662063,0,Robot Vacuum,cod,0,2026-01
KO2606257,0,0.17185452220852698,0,Room Heater,cod,0,2026-01
KO2606277,0,0.10312789635071987,0,Robot Vacuum,prepaid_upi,0,2026-01
KO2606278,0,0.08235955769991894,0,Robot Vacuum,emi,0,2026-01
KO2606280,0,0.0367236704751567,0,Room Heater,prepaid_card,0,2026-01
KO2606387,0,0.028456422618220033,0,Water Purifier,prepaid_upi,0,2026-01
KO2606388,0,0.11022216063203336,0,Robot Vacuum,prepaid_card,0,2026-01
KO2606389,0,0.08844465935844369,0,Induction Cooktop,cod,0,2026-01
KO2606390,0,0.05872985822099769,1,Air Fryer,emi,0,2026-01
KO2606391,0,0.03860857744293029,0,Robot Vacuum,prepaid_upi,0,2026-01
KO2606392,0,0.28595078444205163,1,Robot Vacuum,prepaid_card,0,2026-01
KO2606393,0,0.04483810174203506,0,Induction Cooktop,cod,0,2026-01
KO2606394,0,0.032013601052382136,0,Air Fryer,prepaid_card,0,2026-01
KO2606395,0,0.04873227884239778,1,Room Heater,emi,0,2026-01
KO2606396,1,0.4136528635705895,0,Air Fryer,cod,1,2026-01
KO2606397,0,0.08280169546048441,0,Room Heater,prepaid_card,0,2026-01
KO2606398,0,0.06289224470851032,0,Mixer Grinder,cod,0,2026-01
KO2606399,0,0.02178785922626897,0,Induction Cooktop,prepaid_upi,0,2026-01
KO2606400,1,0.46230365231038817,0,Mixer Grinder,prepaid_card,4,2026-01
KO2606401,0,0.02018852957788544,0,Mixer Grinder,prepaid_upi,0,2026-01
KO2606402,0,0.0432042854244968,1,Ceiling Fan,prepaid_upi,0,2026-01
KO2606403,1,0.3900678829559527,0,Robot Vacuum,prepaid_upi,2,2026-01
KO2606386,0,0.15081060682071862,1,Air Fryer,cod,0,2026-01
KO2606404,0,0.05982735412879537,0,Ceiling Fan,cod,0,2026-01
KO2606385,0,0.10671563576329787,0,Water Purifier,prepaid_card,0,2026-01
KO2606383,0,0.012522669566258287,0,Induction Cooktop,prepaid_upi,0,2026-01
KO2606366,0,0.06774247835734563,1,Mixer Grinder,prepaid_card,0,2026-01
KO2606367,0,0.03887651493565907,0,Robot Vacuum,prepaid_upi,0,2026-01
KO2606368,0,0.03414645016205712,0,Induction Cooktop,prepaid_upi,0,2026-01
KO2606369,0,0.04603777065158822,1,Ceiling Fan,prepaid_card,0,2026-01
KO2606370,0,0.03464253103971752,0,Air Fryer,prepaid_card,0,2026-01
KO2606371,1,0.46567050704312424,1,Robot Vacuum,cod,0,2026-01
KO2606372,0,0.031086391928316075,0,Room Heater,emi,0,2026-01
KO2606373,0,0.5350332624423879,1,Robot Vacuum,cod,0,2026-01
KO2606374,0,0.022022796271662145,0,Mixer Grinder,prepaid_card,0,2026-01
KO2606375,0,0.032426150515631774,0,Water Purifier,prepaid_upi,0,2026-01
KO2606376,0,0.061715674377453573,0,Robot Vacuum,prepaid_card,0,2026-01
KO2606377,1,0.020968857512383157,0,Induction Cooktop,prepaid_card,0,2026-01
KO2606378,0,0.671106611294126,0,Mixer Grinder,cod,3,2026-01
KO2606379,0,0.11716712435783991,0,Induction Cooktop,cod,0,2026-01
KO2606380,0,0.07775322612769918,0,Water Purifier,prepaid_upi,0,2026-01
KO2606381,0,0.03552870302052533,0,Water Purifier,prepaid_upi,0,2026-01
KO2606382,0,0.19422639343409567,0,Ceiling Fan,cod,1,2026-01
KO2606384,0,0.10331464582331493,0,Room Heater,cod,0,2026-01
KO2606365,0,0.052761210981609984,0,Robot Vacuum,prepaid_upi,0,2026-01
KO2606405,0,0.07805343038445532,0,Air Fryer,emi,0,2026-01
KO2606407,1,0.23741406044112814,1,Room Heater,prepaid_card,0,2026-01
KO2606429,0,0.032838597817830766,0,Air Fryer,emi,0,2026-01
KO2606430,0,0.03307173959595937,0,Room Heater,emi,0,2026-01
KO2606431,0,0.39336972089460365,0,Water Purifier,cod,1,2026-01
KO2606432,0,0.16208969866728418,1,Ceiling Fan,cod,0,2026-01
KO2606433,0,0.38295223587675703,1,Water Purifier,cod,1,2026-01
KO2606434,0,0.06440372377964938,0,Mixer Grinder,prepaid_upi,1,2026-01
KO2606435,0,0.02858189181934794,0,Room Heater,prepaid_upi,1,2026-01
KO2606436,0,0.18776298331874414,0,Air Fryer,cod,0,2026-01
KO2606437,0,0.06541032669765558,1,Water Purifier,prepaid_upi,0,2026-01
KO2606438,0,0.25997490822287006,1,Water Purifier,emi,0,2026-01
KO2606439,0,0.059676492415522045,0,Mixer Grinder,cod,0,2026-01
KO2606440,0,0.0684186495311347,1,Ceiling Fan,prepaid_upi,0,2026-01
KO2606441,0,0.018944468963848157,0,Ceiling Fan,emi,0,2026-01
KO2606442,0,0.05852780813690375,0,Mixer Grinder,cod,0,2026-01
KO2606443,0,0.01511334603090329,0,Induction Cooktop,prepaid_upi,0,2026-01
KO2606444,0,0.13505276636469765,0,Mixer Grinder,cod,0,2026-01
KO2606445,0,0.03506508972188922,0,Mixer Grinder,prepaid_card,0,2026-01
KO2606428,0,0.15581759616317803,0,Room Heater,cod,0,2026-01
KO2606406,0,0.20214813289165284,1,Water Purifier,prepaid_upi,1,2026-01
KO2606427,0,0.0637439838514852,0,Room Heater,prepaid_upi,0,2026-01
KO2606425,0,0.0247958685846264,0,Mixer Grinder,prepaid_card,0,2026-01
KO2606408,0,0.011197537055116958,0,Ceiling Fan,emi,0,2026-01
KO2606409,0,0.024195148919884026,0,Induction Cooktop,prepaid_upi,0,2026-01
KO2606410,0,0.021070817212327158,0,Room Heater,prepaid_upi,0,2026-01
KO2606411,1,0.21600811405545334,0,Room Heater,cod,1,2026-01
KO2606412,0,0.050052973354581975,0,Mixer Grinder,cod,0,2026-01
KO2606413,0,0.01674338297297979,0,Induction Cooktop,emi,0,2026-01
KO2606414,0,0.15695145655392315,0,Room Heater,cod,0,2026-01
KO2606415,0,0.025419889375402637,0,Ceiling Fan,prepaid_card,0,2026-01
KO2606416,0,0.05550476155077035,1,Air Fryer,prepaid_card,0,2026-01
KO2606417,0,0.08556619126565314,0,Water Purifier,cod,0,2026-01
KO2606418,0,0.15151472245599074,0,Robot Vacuum,prepaid_upi,1,2026-01
KO2606419,1,0.051574863336641,0,Water Purifier,prepaid_card,0,2026-01
KO2606420,0,0.16131538282392055,0,Water Purifier,prepaid_card,0,2026-01
KO2606421,0,0.023588620157019947,0,Ceiling Fan,emi,0,2026-01
KO2606422,0,0.13621855313793196,0,Air Fryer,prepaid_upi,0,2026-01
KO2606423,0,0.374551144713823,1,Air Fryer,cod,0,2026-01
KO2606424,0,0.19120546587836193,1,Robot Vacuum,prepaid_upi,0,2026-01
KO2606426,0,0.025803730704011468,0,Ceiling Fan,emi,0,2026-01
KO2606364,0,0.06976233065252845,0,Induction Cooktop,prepaid_card,1,2026-01
KO2606363,0,0.1549846104805546,0,Robot Vacuum,emi,0,2026-01
KO2606362,0,0.06499769805455884,0,Room Heater,emi,0,2026-01
KO2606302,0,0.04565876346979985,0,Water Purifier,prepaid_card,0,2026-01
KO2606303,0,0.03620413763249965,0,Water Purifier,prepaid_card,0,2026-01
KO2606304,0,0.057554597311158646,0,Room Heater,prepaid_card,0,2026-01
KO2606305,0,0.1576402896290409,0,Air Fryer,prepaid_upi,0,2026-01
KO2606306,0,0.036016578826345305,0,Mixer Grinder,prepaid_upi,0,2026-01
KO2606307,1,0.4671165773486213,0,Robot Vacuum,cod,1,2026-01
KO2606308,0,0.03283065046998809,1,Ceiling Fan,prepaid_card,0,2026-01
KO2606309,1,0.4492499904977881,1,Ceiling Fan,prepaid_upi,2,2026-01
KO2606310,0,0.21376977921084617,0,Robot Vacuum,cod,0,2026-01
KO2606311,0,0.14800464836791996,0,Ceiling Fan,cod,0,2026-01
KO2606312,0,0.269994071753976,0,Air Fryer,cod,0,2026-01
KO2606313,0,0.03857764292936906,0,Room Heater,cod,0,2026-01
KO2606314,0,0.03365508483249283,0,Room Heater,emi,0,2026-01
KO2606315,0,0.0169789003201806,0,Induction Cooktop,prepaid_upi,0,2026-01
KO2606316,0,0.02843441712660338,0,Room Heater,prepaid_upi,0,2026-01
KO2606317,0,0.025471309540939374,1,Ceiling Fan,prepaid_card,0,2026-01
KO2606318,0,0.01674443507538986,0,Air Fryer,prepaid_upi,0,2026-01
KO2606301,0,0.04917998680288236,0,Induction Cooktop,prepaid_card,0,2026-01
KO2606319,0,0.023825275659350595,0,Ceiling Fan,prepaid_upi,0,2026-01
KO2606299,0,0.37451270595201863,0,Water Purifier,cod,0,2026-01
KO2606298,0,0.026681461294873855,0,Air Fryer,prepaid_upi,0,2026-01
KO2606281,0,0.06179751944678238,0,Water Purifier,emi,0,2026-01
KO2606282,1,0.19993862481935767,1,Induction Cooktop,cod,0,2026-01
KO2606283,0,0.06919295023481098,1,Induction Cooktop,emi,0,2026-01
KO2606284,1,0.2773106624915841,0,Water Purifier,cod,0,2026-01
KO2606285,0,0.011932646281713494,0,Induction Cooktop,prepaid_upi,0,2026-01
KO2606286,0,0.03820163898041679,0,Air Fryer,prepaid_card,0,2026-01
KO2606287,0,0.05429803858955491,0,Water Purifier,prepaid_card,0,2026-01
KO2606288,0,0.18671223802132136,1,Robot Vacuum,emi,0,2026-01
KO2606289,1,0.6543080008116472,0,Water Purifier,prepaid_upi,3,2026-01
KO2606290,0,0.07698824117793647,1,Robot Vacuum,prepaid_upi,0,2026-01
KO2606291,1,0.2437100567806861,0,Air Fryer,prepaid_upi,0,2026-01
KO2606292,0,0.1110762783178204,0,Mixer Grinder,cod,0,2026-01
KO2606293,0,0.05581379211759606,0,Ceiling Fan,cod,0,2026-01
KO2606294,1,0.2594891526896638,1,Robot Vacuum,prepaid_upi,0,2026-01
KO2606295,0,0.03692623681075208,1,Induction Cooktop,prepaid_upi,0,2026-01
KO2606296,0,0.10886491251908886,0,Water Purifier,prepaid_card,0,2026-01
KO2606297,0,0.18074995098150176,0,Robot Vacuum,emi,0,2026-01
KO2606300,0,0.05269486152791787,0,Mixer Grinder,prepaid_upi,0,2026-01
KO2606320,1,0.7134442647627636,1,Robot Vacuum,cod,0,2026-01
KO2606321,0,0.14166119043151112,0,Robot Vacuum,cod,0,2026-01
KO2606322,0,0.03494468909052043,0,Ceiling Fan,prepaid_card,0,2026-01
KO2606345,0,0.06615212352218812,0,Mixer Grinder,prepaid_upi,0,2026-01
KO2606346,0,0.08811115349815368,0,Mixer Grinder,cod,0,2026-01
KO2606347,1,0.27954113184901946,1,Robot Vacuum,emi,0,2026-01
KO2606348,0,0.026460848202520895,0,Mixer Grinder,prepaid_upi,0,2026-01
KO2606349,0,0.039877338443691374,0,Mixer Grinder,emi,0,2026-01
KO2606350,0,0.26185325124339665,0,Room Heater,cod,1,2026-01
KO2606351,0,0.2295777967109463,0,Robot Vacuum,cod,0,2026-01
KO2606352,0,0.06715917320593721,1,Induction Cooktop,prepaid_upi,0,2026-01
KO2606353,0,0.07499718002375236,0,Mixer Grinder,cod,0,2026-01
KO2606354,0,0.12216765122638087,0,Room Heater,emi,0,2026-01
KO2606355,1,0.15355373303790637,0,Water Purifier,cod,0,2026-01
KO2606356,0,0.12010940135653228,0,Room Heater,cod,0,2026-01
KO2606357,0,0.028066354252934474,0,Ceiling Fan,emi,0,2026-01
KO2606358,0,0.04750669365117986,0,Ceiling Fan,prepaid_upi,0,2026-01
KO2606359,0,0.04259643502559065,0,Room Heater,prepaid_upi,0,2026-01
KO2606360,0,0.03493181649462498,0,Air Fryer,emi,0,2026-01
KO2606361,0,0.029387594360659894,0,Ceiling Fan,prepaid_upi,0,2026-01
KO2606344,0,0.12959865970949874,1,Ceiling Fan,cod,0,2026-01
KO2606343,0,0.12939999855549,0,Induction Cooktop,cod,0,2026-01
KO2606342,0,0.04136565472702062,0,Room Heater,emi,0,2026-01
KO2606341,0,0.03529805714535447,0,Induction Cooktop,emi,0,2026-01
KO2606323,1,0.2878227364300853,0,Robot Vacuum,cod,0,2026-01
KO2606324,0,0.03720074085689949,0,Induction Cooktop,prepaid_card,0,2026-01
KO2606325,0,0.0367927356417401,0,Ceiling Fan,prepaid_upi,0,2026-01
KO2606326,0,0.17839727055439855,1,Water Purifier,prepaid_upi,0,2026-01
KO2606327,0,0.03139856997910865,0,Water Purifier,prepaid_upi,0,2026-01
KO2606328,0,0.020919042721831316,0,Air Fryer,prepaid_upi,0,2026-01
KO2606329,0,0.024211779556837693,0,Ceiling Fan,prepaid_card,0,2026-01
KO2606330,1,0.032097540314056414,0,Air Fryer,emi,0,2026-01
KO2606279,0,0.2604073893424279,1,Air Fryer,prepaid_upi,1,2026-01
KO2606331,0,0.010296739637525129,0,Ceiling Fan,prepaid_upi,0,2026-01
KO2606333,0,0.03280559750976118,0,Ceiling Fan,prepaid_card,0,2026-01
KO2606334,0,0.07272549327105261,0,Air Fryer,prepaid_upi,1,2026-01
KO2606335,0,0.07792576480510616,0,Ceiling Fan,prepaid_card,1,2026-01
KO2606336,0,0.06505409904102284,0,Air Fryer,prepaid_upi,0,2026-01
KO2606337,0,0.028953465539053345,0,Induction Cooktop,emi,0,2026-01
KO2606338,1,0.24176336650181784,1,Water Purifier,cod,0,2026-01
KO2606339,0,0.03826126590298087,0,Air Fryer,prepaid_upi,0,2026-01
KO2606340,1,0.37299669859569906,0,Air Fryer,prepaid_card,2,2026-01
KO2606332,0,0.023461118693200844,0,Room Heater,prepaid_upi,0,2026-01
KO2607739,0,0.07195218893273027,0,Room Heater,cod,0,2026-03
KO2607740,0,0.03207617593115245,1,Ceiling Fan,prepaid_upi,0,2026-03
KO2607741,0,0.07924236215501887,0,Room Heater,cod,0,2026-03
KO2607742,0,0.01335451815793474,0,Mixer Grinder,prepaid_card,0,2026-03
KO2607743,0,0.013990576760197528,0,Induction Cooktop,prepaid_upi,0,2026-03
KO2607744,0,0.026557465262017577,0,Air Fryer,prepaid_upi,0,2026-03
KO2607745,0,0.04364524093400581,0,Air Fryer,prepaid_upi,0,2026-03
KO2607746,0,0.4897171148326111,1,Air Fryer,cod,0,2026-03
KO2607747,1,0.04542648405726347,0,Room Heater,prepaid_upi,0,2026-03
KO2607748,0,0.023970961705187283,0,Induction Cooktop,prepaid_upi,0,2026-03
KO2607749,1,0.2355321300184838,1,Induction Cooktop,cod,0,2026-03
KO2607750,0,0.05572116309629511,0,Air Fryer,prepaid_upi,0,2026-03
KO2607751,0,0.020343698652214717,0,Ceiling Fan,emi,0,2026-03
KO2607752,0,0.11334603865662174,0,Robot Vacuum,prepaid_upi,0,2026-03
KO2607753,0,0.20873204962557185,1,Room Heater,cod,0,2026-03
KO2607754,0,0.02889387731556867,0,Mixer Grinder,prepaid_upi,0,2026-03
KO2607755,0,0.02850526917453668,0,Ceiling Fan,cod,0,2026-03
KO2607738,0,0.1447668071336973,0,Water Purifier,cod,0,2026-03
KO2607756,0,0.03272633960160444,0,Mixer Grinder,prepaid_card,0,2026-03
KO2607737,0,0.04032045345672207,0,Water Purifier,prepaid_card,0,2026-03
KO2607735,0,0.1663846727671177,0,Robot Vacuum,prepaid_upi,1,2026-03
KO2607718,0,0.21684888069078284,1,Room Heater,cod,0,2026-03
KO2607719,0,0.13718396949240452,0,Mixer Grinder,cod,0,2026-03
KO2607720,0,0.05781034157064039,0,Induction Cooktop,prepaid_card,1,2026-03
KO2607721,0,0.10148446815857835,1,Induction Cooktop,prepaid_upi,0,2026-03
KO2607722,0,0.04314188349920662,0,Induction Cooktop,prepaid_card,0,2026-03
KO2607723,0,0.03552299346769623,0,Induction Cooktop,prepaid_upi,0,2026-03
KO2607724,0,0.07905760594522475,0,Water Purifier,prepaid_upi,0,2026-03
KO2607725,0,0.014918595359848508,0,Induction Cooktop,prepaid_upi,0,2026-03
KO2607726,0,0.05213931164011169,0,Robot Vacuum,prepaid_upi,0,2026-03
KO2607727,0,0.3655129970968749,1,Water Purifier,cod,0,2026-03
KO2607728,0,0.06348144488149493,1,Ceiling Fan,prepaid_card,0,2026-03
KO2607729,0,0.06956216083851782,0,Robot Vacuum,emi,0,2026-03
KO2607730,1,0.2108319096726491,0,Robot Vacuum,prepaid_upi,0,2026-03
KO2607731,0,0.14368516516290591,1,Robot Vacuum,prepaid_card,0,2026-03
KO2607732,0,0.11522216662940846,1,Ceiling Fan,cod,0,2026-03
KO2607733,0,0.14396422259002792,1,Mixer Grinder,prepaid_card,0,2026-03
KO2607734,0,0.185002270180881,0,Air Fryer,cod,0,2026-03
KO2607736,0,0.39790482684673817,0,Robot Vacuum,prepaid_card,0,2026-03
KO2607717,0,0.306823756056926,0,Air Fryer,cod,0,2026-03
KO2607757,0,0.011920801293524136,0,Induction Cooktop,prepaid_card,0,2026-03
KO2607759,0,0.014162737347589455,0,Ceiling Fan,prepaid_card,0,2026-03
KO2607781,0,0.22826797720264042,0,Induction Cooktop,cod,2,2026-03
KO2607782,0,0.04867220980575698,0,Induction Cooktop,emi,0,2026-03
KO2607783,1,0.15480995168730918,0,Water Purifier,cod,0,2026-03
KO2607784,0,0.08420960418881213,0,Air Fryer,prepaid_upi,0,2026-03
KO2607785,0,0.02997587226283017,0,Ceiling Fan,prepaid_card,0,2026-03
KO2607786,0,0.15878728808217976,0,Air Fryer,cod,0,2026-03
KO2607787,0,0.07639133799442947,0,Water Purifier,prepaid_upi,0,2026-03
KO2607788,1,0.06897812146356014,0,Induction Cooktop,prepaid_card,0,2026-03
KO2607789,0,0.0625971241784811,0,Room Heater,prepaid_upi,1,2026-03
KO2607790,0,0.06849667700134024,0,Room Heater,emi,0,2026-03
KO2607791,0,0.017476622572994517,0,Ceiling Fan,prepaid_upi,0,2026-03
KO2607792,0,0.060327271006157805,0,Ceiling Fan,cod,0,2026-03
KO2607793,0,0.054019783989776804,1,Mixer Grinder,prepaid_card,0,2026-03
KO2607794,0,0.025058208699904078,0,Air Fryer,prepaid_upi,0,2026-03
KO2607796,0,0.015946530127069272,0,Ceiling Fan,prepaid_card,0,2026-03
KO2607795,0,0.061550107637561816,0,Air Fryer,emi,0,2026-03
KO2607797,0,0.014918595359848508,0,Induction Cooktop,prepaid_upi,0,2026-03
KO2607780,0,0.45476912662831875,0,Water Purifier,cod,1,2026-03
KO2607758,0,0.15659610474111846,0,Induction Cooktop,cod,1,2026-03
KO2607779,0,0.13867474797580462,0,Robot Vacuum,prepaid_card,1,2026-03
KO2607777,0,0.09527080239356955,0,Room Heater,cod,0,2026-03
KO2607760,0,0.031383408503867914,0,Water Purifier,prepaid_upi,0,2026-03
KO2607761,0,0.050552330759600694,0,Robot Vacuum,prepaid_upi,0,2026-03
KO2607762,0,0.1238675079448444,0,Robot Vacuum,prepaid_upi,0,2026-03
KO2607763,0,0.12990700775093647,0,Air Fryer,cod,0,2026-03
KO2607764,1,0.42405832595598025,1,Water Purifier,cod,0,2026-03
KO2607765,0,0.20581110659357685,0,Room Heater,emi,0,2026-03
KO2607766,0,0.2525046193920208,0,Robot Vacuum,prepaid_upi,1,2026-03
KO2607767,0,0.030252663903501887,0,Water Purifier,prepaid_upi,0,2026-03
KO2607768,1,0.1146546267660947,1,Mixer Grinder,cod,0,2026-03
KO2607769,0,0.025620815473857177,0,Induction Cooktop,prepaid_upi,0,2026-03
KO2607770,0,0.02507165238090285,0,Water Purifier,prepaid_upi,0,2026-03
KO2607771,1,0.1585617611128814,0,Robot Vacuum,prepaid_upi,0,2026-03
KO2607772,0,0.17298435323518024,1,Water Purifier,prepaid_upi,0,2026-03
KO2607773,0,0.15436251887551475,0,Air Fryer,prepaid_card,0,2026-03
KO2607774,0,0.0846320538414224,0,Robot Vacuum,prepaid_upi,0,2026-03
KO2607775,1,0.07625862012266103,1,Water Purifier,prepaid_card,0,2026-03
KO2607776,0,0.07326564614725936,0,Ceiling Fan,cod,1,2026-03
KO2607778,0,0.36875888733330436,0,Air Fryer,cod,0,2026-03
KO2607716,0,0.025920582536708724,0,Induction Cooktop,emi,0,2026-03
KO2607715,0,0.14048008575818446,1,Water Purifier,prepaid_upi,0,2026-03
KO2607714,0,0.05434655288388727,1,Room Heater,prepaid_upi,0,2026-03
KO2607654,0,0.28358743790997626,0,Air Fryer,cod,0,2026-03
KO2607655,0,0.04733315378475586,1,Ceiling Fan,prepaid_upi,0,2026-03
KO2607656,0,0.16921887184496476,0,Room Heater,cod,0,2026-03
KO2607657,0,0.19219032870676772,1,Ceiling Fan,cod,1,2026-03
KO2607658,0,0.08488567878524537,0,Water Purifier,emi,0,2026-03
KO2607659,0,0.16420812676919103,1,Robot Vacuum,prepaid_card,0,2026-03
KO2607660,0,0.0341577685028797,0,Room Heater,prepaid_upi,1,2026-03
KO2607661,0,0.08829409932128535,0,Ceiling Fan,prepaid_upi,2,2026-03
KO2607662,0,0.019843728409724235,0,Induction Cooktop,prepaid_upi,0,2026-03
KO2607663,1,0.37081658180650967,1,Air Fryer,prepaid_upi,0,2026-03
KO2607664,0,0.014184155715652748,0,Room Heater,prepaid_upi,0,2026-03
KO2607665,0,0.28167273504160084,0,Water Purifier,prepaid_upi,2,2026-03
KO2607666,0,0.10811192475087263,0,Mixer Grinder,emi,1,2026-03
KO2607667,0,0.05485305021705681,0,Induction Cooktop,emi,0,2026-03
KO2607668,0,0.07677311697481234,0,Induction Cooktop,cod,0,2026-03
KO2607669,0,0.19880566297665478,1,Air Fryer,prepaid_upi,0,2026-03
KO2607670,0,0.04189119179553112,0,Ceiling Fan,prepaid_upi,0,2026-03
KO2607653,0,0.43427810868989647,1,Water Purifier,cod,0,2026-03
KO2607671,0,0.033309075092795945,0,Induction Cooktop,prepaid_card,0,2026-03
KO2607652,0,0.07552018265526551,0,Induction Cooktop,prepaid_upi,0,2026-03
KO2607650,1,0.43260754665029877,1,Room Heater,cod,0,2026-03
KO2607635,0,0.13442903900184172,1,Water Purifier,prepaid_upi,0,2026-03
KO2607636,0,0.06638940690095263,0,Room Heater,emi,0,2026-03
KO2607637,0,0.09998366146442624,0,Air Fryer,emi,0,2026-03
KO2607638,0,0.02158642227762745,0,Induction Cooktop,prepaid_upi,0,2026-03
KO2607639,0,0.0419609674051188,0,Room Heater,emi,0,2026-03
KO2607640,0,0.04865627118573056,0,Air Fryer,emi,0,2026-03
KO2607641,1,0.19815284799367183,1,Room Heater,prepaid_upi,0,2026-03
KO2607642,0,0.04585634997056992,0,Room Heater,cod,0,2026-03
KO2607643,0,0.08449603038169944,0,Water Purifier,cod,0,2026-03
KO2607644,0,0.0849565345963238,0,Room Heater,prepaid_upi,0,2026-03
KO2607645,0,0.012652571733379584,0,Room Heater,prepaid_upi,0,2026-03
KO2607646,0,0.13818837140358833,1,Room Heater,emi,0,2026-03
KO2607647,0,0.009194715296608721,0,Induction Cooktop,prepaid_upi,0,2026-03
KO2607648,0,0.051289832176116344,0,Induction Cooktop,cod,0,2026-03
KO2607649,0,0.13459126511105124,1,Room Heater,prepaid_upi,0,2026-03
KO2607651,0,0.1055561480632404,1,Ceiling Fan,cod,0,2026-03
KO2607672,0,0.025198818566619686,0,Ceiling Fan,prepaid_upi,0,2026-03
KO2607673,0,0.08487666509991738,0,Room Heater,prepaid_upi,0,2026-03
KO2607674,0,0.07259958380102201,1,Ceiling Fan,prepaid_upi,0,2026-03
KO2607697,0,0.06004494294636157,0,Water Purifier,emi,0,2026-03
KO2607698,0,0.029594313700057752,0,Ceiling Fan,prepaid_upi,1,2026-03
KO2607699,0,0.15611087226603498,0,Ceiling Fan,cod,0,2026-03
KO2607700,0,0.3743865322942054,1,Air Fryer,prepaid_upi,0,2026-03
KO2607701,0,0.096753110080068,0,Water Purifier,cod,0,2026-03
KO2607702,0,0.03188047826434408,0,Air Fryer,prepaid_upi,0,2026-03
KO2607703,0,0.09818288313843027,0,Robot Vacuum,emi,0,2026-03
KO2607704,0,0.03242343467568507,1,Mixer Grinder,prepaid_upi,0,2026-03
KO2607705,0,0.04832223673552264,0,Induction Cooktop,emi,0,2026-03
KO2607706,0,0.32689994456539273,1,Water Purifier,cod,0,2026-03
KO2607707,0,0.137222417970935,0,Robot Vacuum,cod,0,2026-03
KO2607708,1,0.3317078828434277,1,Air Fryer,cod,0,2026-03
KO2607709,0,0.06136751706526042,1,Induction Cooktop,prepaid_upi,0,2026-03
KO2607710,0,0.17423212157913415,0,Air Fryer,cod,0,2026-03
KO2607711,0,0.0420081654258539,0,Room Heater,emi,0,2026-03
KO2607712,0,0.02014606967905718,0,Mixer Grinder,prepaid_card,0,2026-03
KO2607713,0,0.10811422378415028,0,Room Heater,cod,0,2026-03
KO2607696,0,0.10071520017820625,0,Water Purifier,cod,0,2026-03
KO2607695,0,0.1823675538134158,0,Robot Vacuum,emi,0,2026-03
KO2607694,1,0.6819436166157827,1,Room Heater,prepaid_card,1,2026-03
KO2607693,0,0.03204255974213565,0,Induction Cooktop,prepaid_upi,0,2026-03
KO2607675,1,0.0660750864137334,0,Ceiling Fan,cod,0,2026-03
KO2607676,0,0.033629984746735175,0,Room Heater,emi,0,2026-03
KO2607677,0,0.2472260899957182,0,Room Heater,cod,0,2026-03
KO2607678,1,0.11806530796933061,0,Water Purifier,prepaid_upi,0,2026-03
KO2607679,1,0.4648959406322578,0,Robot Vacuum,cod,1,2026-03
KO2607680,0,0.1387405551911953,0,Mixer Grinder,cod,0,2026-03
KO2607681,0,0.05150576312688373,0,Induction Cooktop,prepaid_card,0,2026-03
KO2607682,0,0.0493622748593109,0,Room Heater,prepaid_upi,0,2026-03
KO2607683,0,0.15203249819063058,0,Robot Vacuum,cod,0,2026-03
KO2607685,0,0.018680781936923282,0,Induction Cooktop,prepaid_upi,0,2026-03
KO2607686,0,0.03000898975737978,1,Induction Cooktop,prepaid_upi,0,2026-03
KO2607687,0,0.08014084849339269,0,Robot Vacuum,prepaid_upi,0,2026-03
KO2607688,0,0.21296151412217731,0,Water Purifier,cod,0,2026-03
KO2607689,1,0.04233482730293812,0,Ceiling Fan,cod,0,2026-03
KO2607690,0,0.032864770049215834,0,Mixer Grinder,cod,0,2026-03
KO2607691,1,0.10292270610142126,0,Ceiling Fan,cod,0,2026-03
KO2607692,0,0.07946216246643252,1,Ceiling Fan,prepaid_upi,0,2026-03
KO2607684,0,0.02091646487928498,0,Ceiling Fan,prepaid_upi,0,2026-03
KO2607798,0,0.023777171985044032,0,Mixer Grinder,prepaid_card,0,2026-03
KO2607799,0,0.03863038581285591,0,Ceiling Fan,prepaid_upi,0,2026-03
KO2607801,0,0.246094788709489,1,Room Heater,cod,0,2026-03
KO2607800,0,0.11553092223977243,0,Robot Vacuum,prepaid_upi,0,2026-03
KO2608246,0,0.11407902766980504,1,Ceiling Fan,cod,0,2026-03
KO2608247,0,0.12641130371829293,0,Air Fryer,cod,0,2026-03
KO2608248,0,0.12262393319032167,1,Air Fryer,emi,0,2026-03
KO2608249,1,0.2933918702768444,1,Ceiling Fan,cod,0,2026-03
KO2608250,0,0.12696942213323464,1,Room Heater,prepaid_upi,0,2026-03
KO2608251,1,0.1495110280710772,0,Room Heater,prepaid_card,0,2026-03
KO2608252,0,0.07846343496028522,0,Water Purifier,prepaid_upi,1,2026-03
KO2608253,0,0.018517456207390065,0,Mixer Grinder,prepaid_card,0,2026-03
KO2608254,0,0.03514552103573826,0,Room Heater,prepaid_upi,0,2026-03
KO2608255,0,0.08432127132942278,0,Robot Vacuum,prepaid_card,0,2026-03
KO2608256,0,0.01822034509741854,0,Ceiling Fan,prepaid_card,0,2026-03
KO2608257,0,0.12200340397302847,0,Air Fryer,cod,0,2026-03
KO2608258,0,0.15349757345754794,1,Mixer Grinder,cod,0,2026-03
KO2608259,1,0.7427849698830612,1,Mixer Grinder,prepaid_upi,3,2026-03
KO2608260,0,0.020708709972535943,0,Mixer Grinder,prepaid_upi,0,2026-03
KO2608261,1,0.021887881288902993,0,Room Heater,prepaid_upi,0,2026-03
KO2608262,0,0.2063422470495763,1,Mixer Grinder,cod,0,2026-03
KO2608245,0,0.0645120871061952,0,Mixer Grinder,cod,0,2026-03
KO2608263,0,0.35723738490184953,0,Robot Vacuum,cod,0,2026-03
KO2608244,0,0.018743338631187847,0,Induction Cooktop,prepaid_card,0,2026-03
KO2608242,0,0.035428124429928994,0,Induction Cooktop,prepaid_card,0,2026-03
KO2608225,0,0.1044965074199147,0,Ceiling Fan,cod,0,2026-03
KO2608226,0,0.16951347595990132,0,Robot Vacuum,cod,0,2026-03
KO2608227,0,0.023214928934604355,0,Induction Cooktop,prepaid_upi,0,2026-03
KO2608228,0,0.2362810294438906,1,Mixer Grinder,cod,0,2026-03
KO2608229,0,0.045065400689232274,0,Air Fryer,emi,0,2026-03
KO2608230,0,0.04620744172744492,1,Ceiling Fan,prepaid_upi,0,2026-03
KO2608231,0,0.02208206644856299,0,Ceiling Fan,emi,0,2026-03
KO2608232,0,0.06409611701536086,0,Mixer Grinder,prepaid_upi,0,2026-03
KO2608233,0,0.09260956433278247,0,Robot Vacuum,prepaid_card,0,2026-03
KO2608234,0,0.1325799568968624,0,Ceiling Fan,cod,0,2026-03
KO2608235,0,0.27591281903371356,1,Water Purifier,prepaid_card,0,2026-03
KO2608236,0,0.03427653058201114,0,Room Heater,prepaid_upi,0,2026-03
KO2608237,1,0.1278299543722778,0,Ceiling Fan,cod,0,2026-03
KO2608238,0,0.2564877304331369,1,Air Fryer,cod,1,2026-03
KO2608239,0,0.04356054132789986,0,Air Fryer,prepaid_upi,0,2026-03
KO2608240,0,0.04088505570054977,0,Mixer Grinder,emi,1,2026-03
KO2608241,0,0.017783495312019705,0,Induction Cooktop,emi,0,2026-03
KO2608243,0,0.4363937178719423,1,Robot Vacuum,cod,0,2026-03
KO2608224,0,0.04288976347668404,0,Ceiling Fan,prepaid_upi,1,2026-03
KO2608264,1,0.4053553942848013,0,Robot Vacuum,prepaid_upi,1,2026-03
KO2608266,0,0.07489807419985611,1,Mixer Grinder,prepaid_upi,0,2026-03
KO2608288,0,0.023709715331702318,0,Mixer Grinder,prepaid_upi,0,2026-03
KO2608289,1,0.41911944479647856,1,Water Purifier,cod,0,2026-03
KO2608290,0,0.015594102622677873,0,Mixer Grinder,prepaid_upi,0,2026-03
KO2608291,0,0.017727939578164778,0,Mixer Grinder,prepaid_card,0,2026-03
KO2608292,0,0.04912053337128966,0,Air Fryer,prepaid_upi,0,2026-03
KO2608293,0,0.03141195894076109,0,Ceiling Fan,prepaid_upi,0,2026-03
KO2608294,0,0.0904666299159899,0,Induction Cooktop,prepaid_card,0,2026-03
KO2608295,0,0.023624426825276604,0,Mixer Grinder,prepaid_upi,0,2026-03
KO2608296,0,0.033184263505566365,0,Mixer Grinder,prepaid_card,0,2026-03
KO2608297,0,0.036500173501990675,0,Induction Cooktop,prepaid_card,0,2026-03
KO2608298,0,0.1524405983649719,0,Robot Vacuum,prepaid_card,0,2026-03
KO2608299,1,0.5574492563048524,0,Water Purifier,emi,3,2026-03
KO2608300,0,0.5588599453049933,0,Mixer Grinder,cod,1,2026-03
KO2608301,0,0.22863145415793498,1,Air Fryer,cod,0,2026-03
KO2608302,0,0.1214228660572351,1,Air Fryer,prepaid_upi,0,2026-03
KO2608303,0,0.03671525816483819,0,Ceiling Fan,prepaid_upi,0,2026-03
KO2608304,0,0.02387692575504392,0,Mixer Grinder,emi,0,2026-03
KO2608287,0,0.16471433114419987,0,Robot Vacuum,cod,0,2026-03
KO2608265,0,0.052118285153040726,0,Water Purifier,prepaid_upi,0,2026-03
KO2608286,0,0.03568152522579125,0,Induction Cooktop,emi,0,2026-03
KO2608284,0,0.07272756634725072,1,Induction Cooktop,prepaid_upi,0,2026-03
KO2608267,0,0.03043171731881219,0,Induction Cooktop,prepaid_upi,0,2026-03
KO2608268,0,0.009798231260977714,0,Mixer Grinder,prepaid_card,0,2026-03
KO2608269,0,0.034577140047014086,0,Induction Cooktop,prepaid_upi,0,2026-03
KO2608270,0,0.059170998538959144,0,Room Heater,cod,0,2026-03
KO2608271,0,0.021643393933333418,0,Ceiling Fan,prepaid_upi,0,2026-03
KO2608272,0,0.13392586376157345,1,Induction Cooktop,prepaid_upi,0,2026-03
KO2608273,0,0.1846021157315115,0,Robot Vacuum,emi,1,2026-03
KO2608274,0,0.09323619696312058,0,Mixer Grinder,cod,1,2026-03
KO2608275,0,0.0784179195241257,0,Induction Cooktop,cod,0,2026-03
KO2608276,0,0.08218945731440772,0,Robot Vacuum,prepaid_upi,0,2026-03
KO2608277,0,0.026954181188175476,0,Mixer Grinder,prepaid_card,0,2026-03
KO2608278,1,0.08632869227395237,1,Water Purifier,prepaid_upi,0,2026-03
KO2608279,0,0.04689545720246117,1,Air Fryer,prepaid_card,0,2026-03
KO2608280,1,0.11178992118826692,0,Room Heater,cod,0,2026-03
KO2608281,0,0.361295968176648,1,Room Heater,cod,0,2026-03
KO2608282,0,0.04668702599745469,0,Ceiling Fan,emi,0,2026-03
KO2608283,0,0.11223137782648823,0,Air Fryer,cod,0,2026-03
KO2608285,0,0.05124484863809413,0,Ceiling Fan,cod,0,2026-03
KO2608223,0,0.04954993622601263,0,Induction Cooktop,prepaid_card,0,2026-03
KO2608222,0,0.03827051368338783,0,Induction Cooktop,prepaid_upi,0,2026-03
KO2608221,0,0.29430239694837507,0,Water Purifier,prepaid_card,1,2026-03
KO2608161,1,0.30659060607594724,0,Water Purifier,cod,0,2026-03
KO2608162,0,0.12462474915863525,1,Room Heater,prepaid_upi,0,2026-03
KO2608163,0,0.23827670052219332,1,Air Fryer,cod,0,2026-03
KO2608164,1,0.2567773093173228,1,Induction Cooktop,prepaid_upi,1,2026-03
KO2608165,0,0.1208272415079659,0,Room Heater,prepaid_card,0,2026-03
KO2608166,0,0.11654976706165485,0,Air Fryer,emi,1,2026-03
KO2608167,0,0.01793985262771056,0,Mixer Grinder,emi,0,2026-03
KO2608168,0,0.041129311627591904,0,Ceiling Fan,emi,1,2026-03
KO2608169,0,0.16679225468544712,0,Air Fryer,cod,0,2026-03
KO2608170,0,0.016626692218219306,0,Mixer Grinder,prepaid_upi,0,2026-03
KO2608171,0,0.039554280904694795,0,Induction Cooktop,prepaid_card,0,2026-03
KO2608172,0,0.054878483224987104,0,Induction Cooktop,emi,1,2026-03
KO2608173,0,0.2682665802001737,1,Room Heater,cod,0,2026-03
KO2608174,0,0.05693105634167387,0,Robot Vacuum,emi,0,2026-03
KO2608175,0,0.03149761834519378,0,Ceiling Fan,emi,0,2026-03
KO2608176,0,0.08833787549650673,0,Induction Cooktop,cod,0,2026-03
KO2608177,0,0.05450129963682117,0,Robot Vacuum,prepaid_upi,0,2026-03
KO2608160,0,0.03267577340585894,0,Ceiling Fan,prepaid_card,0,2026-03
KO2608178,0,0.037852922808542466,0,Induction Cooktop,emi,0,2026-03
KO2608159,0,0.1282178928849656,0,Robot Vacuum,cod,0,2026-03
KO2608157,0,0.01448303941635954,0,Ceiling Fan,prepaid_card,0,2026-03
KO2608140,0,0.11218793448207898,1,Air Fryer,prepaid_card,0,2026-03
KO2608141,1,0.08962321816432924,0,Mixer Grinder,cod,1,2026-03
KO2608142,0,0.01212964695757312,0,Mixer Grinder,prepaid_upi,0,2026-03
KO2608143,0,0.06277960742925667,0,Ceiling Fan,prepaid_card,1,2026-03
KO2608144,0,0.17609754692254517,1,Air Fryer,cod,0,2026-03
KO2608145,0,0.0445131202925736,1,Mixer Grinder,prepaid_card,0,2026-03
KO2608146,0,0.02898988620273591,0,Induction Cooktop,prepaid_upi,0,2026-03
KO2608147,0,0.08367174781071261,0,Air Fryer,prepaid_card,0,2026-03
KO2608148,0,0.020058147929688196,0,Mixer Grinder,prepaid_upi,0,2026-03
KO2608149,0,0.04677971972818635,0,Water Purifier,prepaid_card,0,2026-03
KO2608150,0,0.10315679704687797,0,Water Purifier,cod,0,2026-03
KO2608151,0,0.08026591614860282,1,Room Heater,prepaid_card,0,2026-03
KO2608152,0,0.0394180773578831,0,Room Heater,emi,0,2026-03
KO2608153,0,0.11591049242142529,0,Air Fryer,prepaid_card,0,2026-03
KO2608154,0,0.06317403071817734,0,Ceiling Fan,cod,0,2026-03
KO2608155,0,0.4596880674943763,0,Robot Vacuum,emi,1,2026-03
KO2608156,0,0.023420231104085077,0,Mixer Grinder,cod,0,2026-03
KO2608158,0,0.1579654629573287,0,Mixer Grinder,prepaid_upi,2,2026-03
KO2608179,0,0.06451260017953186,0,Air Fryer,prepaid_upi,0,2026-03
KO2608180,0,0.025818197242330566,0,Water Purifier,prepaid_card,0,2026-03
KO2608181,0,0.15138248754056854,1,Induction Cooktop,cod,0,2026-03
KO2608204,0,0.0888925930145626,1,Room Heater,emi,0,2026-03
KO2608205,1,0.1445949498786202,0,Robot Vacuum,cod,0,2026-03
KO2608206,0,0.029922460030136495,0,Air Fryer,prepaid_upi,0,2026-03
KO2608207,0,0.014139332957402363,0,Mixer Grinder,prepaid_upi,0,2026-03
KO2608208,0,0.1218024366015592,1,Induction Cooktop,cod,0,2026-03
KO2608209,1,0.3056739406081549,0,Robot Vacuum,cod,0,2026-03
KO2608210,0,0.14408685506378888,1,Robot Vacuum,emi,0,2026-03
KO2608211,0,0.08223586719624972,0,Ceiling Fan,cod,0,2026-03
KO2608212,0,0.07984538616881819,0,Water Purifier,cod,0,2026-03
KO2608213,0,0.07328369831735773,0,Room Heater,prepaid_upi,0,2026-03
KO2608214,0,0.14928236211281182,1,Room Heater,emi,0,2026-03
KO2608215,1,0.06878846470720135,0,Room Heater,prepaid_upi,1,2026-03
KO2608216,0,0.029972040968900028,0,Induction Cooktop,prepaid_card,0,2026-03
KO2608217,0,0.04616467134385835,0,Air Fryer,prepaid_upi,0,2026-03
KO2608218,0,0.018866748010305582,0,Mixer Grinder,prepaid_upi,0,2026-03
KO2608219,0,0.01500868353902516,0,Mixer Grinder,prepaid_upi,0,2026-03
KO2608220,0,0.1745645818336758,1,Room Heater,prepaid_upi,1,2026-03
KO2608203,0,0.2084512635459822,1,Air Fryer,prepaid_upi,1,2026-03
KO2608202,0,0.03547082191263301,0,Air Fryer,prepaid_upi,0,2026-03
KO2608201,0,0.03214252159361637,1,Mixer Grinder,prepaid_upi,0,2026-03
KO2608200,0,0.015173399290417161,0,Induction Cooktop,emi,0,2026-03
KO2608182,0,0.07816522314679443,0,Room Heater,prepaid_upi,0,2026-03
KO2608183,0,0.449342412416413,1,Robot Vacuum,cod,0,2026-03
KO2608184,0,0.05148440349415391,0,Mixer Grinder,prepaid_card,1,2026-03
KO2608185,0,0.036048614605497874,0,Room Heater,prepaid_upi,0,2026-03
KO2608186,0,0.03791676882966401,0,Room Heater,emi,0,2026-03
KO2608187,0,0.05407366830507736,0,Ceiling Fan,prepaid_upi,0,2026-03
KO2608188,0,0.06548593211980722,0,Air Fryer,prepaid_upi,1,2026-03
KO2608189,0,0.1334210162321308,0,Water Purifier,cod,0,2026-03
KO2608305,0,0.04652102514192529,0,Ceiling Fan,prepaid_upi,0,2026-03
KO2608190,0,0.03759499516811916,0,Water Purifier,prepaid_upi,0,2026-03
KO2608192,0,0.14817007934378468,0,Ceiling Fan,cod,1,2026-03
KO2608193,0,0.012799587359387243,0,Induction Cooktop,prepaid_upi,0,2026-03
KO2608194,0,0.021145685161501684,0,Water Purifier,emi,0,2026-03
KO2608195,0,0.019908783430769305,0,Mixer Grinder,prepaid_card,0,2026-03
KO2608196,0,0.02129706655227161,0,Room Heater,prepaid_upi,0,2026-03
KO2608197,0,0.028920927996166936,0,Ceiling Fan,prepaid_upi,0,2026-03
KO2608198,1,0.48026937370990685,0,Air Fryer,cod,1,2026-03
KO2608199,0,0.31501548528872947,0,Water Purifier,prepaid_upi,2,2026-03
KO2608191,0,0.05771695637638906,1,Induction Cooktop,prepaid_card,0,2026-03
KO2608139,0,0.041084357334830124,0,Ceiling Fan,cod,0,2026-03
KO2608306,0,0.26805516861898854,0,Robot Vacuum,cod,0,2026-03
KO2608308,0,0.017486935400620737,0,Mixer Grinder,prepaid_upi,0,2026-03
KO2608415,1,0.065610061555139,0,Ceiling Fan,emi,0,2026-03
KO2608416,0,0.025140589198725485,0,Induction Cooktop,prepaid_card,0,2026-03
KO2608417,0,0.34132355607756415,0,Robot Vacuum,cod,1,2026-03
KO2608418,0,0.04957277753153178,0,Room Heater,prepaid_card,0,2026-03
KO2608419,1,0.20879229192891463,0,Air Fryer,cod,0,2026-03
KO2608420,0,0.03129008448062248,0,Induction Cooktop,cod,0,2026-03
KO2608421,0,0.03590576871716118,0,Mixer Grinder,emi,0,2026-03
KO2608422,1,0.12578720684866584,1,Room Heater,prepaid_card,0,2026-03
KO2608423,0,0.06830307587811381,0,Mixer Grinder,prepaid_card,0,2026-03
KO2608424,0,0.13857232895552068,0,Water Purifier,cod,0,2026-03
KO2608425,0,0.010402584386958933,0,Mixer Grinder,emi,0,2026-03
KO2608426,0,0.06713406345132798,0,Induction Cooktop,cod,0,2026-03
KO2608427,1,0.196124666847149,1,Ceiling Fan,prepaid_card,1,2026-03
KO2608428,0,0.015498062364928641,0,Mixer Grinder,prepaid_upi,0,2026-03
KO2608429,0,0.07872715107417196,0,Air Fryer,prepaid_card,0,2026-03
KO2608430,0,0.012741399207302866,0,Induction Cooktop,prepaid_upi,0,2026-03
KO2608431,0,0.04459027226726203,0,Robot Vacuum,prepaid_upi,0,2026-03
KO2608414,0,0.03328525498357874,0,Mixer Grinder,prepaid_upi,1,2026-03
KO2608432,0,0.20373961159904924,0,Robot Vacuum,prepaid_card,0,2026-03
KO2608413,0,0.14000208601995226,1,Induction Cooktop,cod,0,2026-03
KO2608411,0,0.13558459665083206,1,Robot Vacuum,prepaid_upi,0,2026-03
KO2608394,0,0.3378760386956984,0,Robot Vacuum,emi,1,2026-03
KO2608395,0,0.034220129192942296,0,Room Heater,prepaid_card,0,2026-03
KO2608396,0,0.03782406707005934,0,Ceiling Fan,emi,0,2026-03
KO2608397,0,0.04770736993261641,0,Robot Vacuum,prepaid_upi,0,2026-03
KO2608398,1,0.5527632303609987,1,Induction Cooktop,cod,1,2026-03
KO2608399,0,0.033032968991300926,0,Mixer Grinder,cod,0,2026-03
KO2608400,0,0.05218048343751816,0,Air Fryer,emi,0,2026-03
KO2608401,0,0.25466201256481014,0,Robot Vacuum,cod,0,2026-03
KO2608402,0,0.12966340409023588,1,Room Heater,cod,0,2026-03
KO2608403,0,0.023264024432364635,0,Ceiling Fan,prepaid_upi,0,2026-03
KO2608404,0,0.14557495443697244,0,Room Heater,cod,0,2026-03
KO2608405,0,0.021675141075029238,0,Room Heater,emi,0,2026-03
KO2608406,1,0.09957570593831375,0,Ceiling Fan,cod,0,2026-03
KO2608407,0,0.011973294204295363,0,Mixer Grinder,prepaid_card,0,2026-03
KO2608408,0,0.1746639714038672,0,Room Heater,prepaid_card,2,2026-03
KO2608409,0,0.25618655967481163,0,Air Fryer,cod,0,2026-03
KO2608410,0,0.06246804473516653,0,Air Fryer,prepaid_upi,0,2026-03
KO2608412,0,0.017983819973462035,0,Induction Cooktop,prepaid_upi,0,2026-03
KO2608393,0,0.02815776070758531,0,Air Fryer,prepaid_upi,0,2026-03
KO2608433,1,0.0830585214104658,0,Room Heater,cod,0,2026-03
KO2608435,0,0.17943973915273168,0,Air Fryer,cod,0,2026-03
KO2608457,0,0.044004770570528276,0,Induction Cooktop,emi,0,2026-03
KO2608458,0,0.17847168979514602,0,Robot Vacuum,cod,0,2026-03
KO2608459,0,0.04890540660093184,0,Air Fryer,prepaid_upi,0,2026-03
KO2608460,0,0.498202385848037,0,Room Heater,emi,2,2026-03
KO2608461,0,0.04578496969702819,0,Water Purifier,prepaid_upi,0,2026-03
KO2608462,0,0.4815297799421112,1,Robot Vacuum,emi,1,2026-03
KO2608463,0,0.10970800729091833,0,Water Purifier,emi,0,2026-03
KO2608464,0,0.04234277484460388,1,Ceiling Fan,prepaid_card,0,2026-03
KO2608465,0,0.19865476317453176,0,Water Purifier,emi,2,2026-03
KO2608466,0,0.18041382370486514,1,Water Purifier,emi,0,2026-03
KO2608467,0,0.039924135098296364,0,Mixer Grinder,cod,0,2026-03
KO2608468,1,0.21538676756271383,0,Robot Vacuum,prepaid_upi,1,2026-03
KO2608469,0,0.06855280449232334,0,Room Heater,prepaid_upi,0,2026-03
KO2608470,0,0.1753585776950799,0,Ceiling Fan,prepaid_card,2,2026-03
KO2608471,0,0.05224345765253739,0,Air Fryer,prepaid_upi,0,2026-03
KO2608472,0,0.5076260221067634,1,Air Fryer,emi,3,2026-03
KO2608473,0,0.08415615495961302,0,Ceiling Fan,prepaid_upi,1,2026-03
KO2608456,0,0.1805666011237021,0,Water Purifier,cod,0,2026-03
KO2608434,0,0.009554787128476376,0,Mixer Grinder,prepaid_card,0,2026-03
KO2608455,0,0.016149147912092977,0,Mixer Grinder,prepaid_upi,0,2026-03
KO2608453,0,0.16332989019652988,0,Room Heater,prepaid_card,1,2026-03
KO2608436,0,0.15121766214032134,0,Induction Cooktop,prepaid_upi,2,2026-03
KO2608437,0,0.023159379975933505,0,Ceiling Fan,prepaid_upi,0,2026-03
KO2608438,0,0.05028633400174643,0,Water Purifier,emi,0,2026-03
KO2608439,0,0.06274695790848676,0,Mixer Grinder,cod,0,2026-03
KO2608440,0,0.04778386804467824,0,Mixer Grinder,cod,0,2026-03
KO2608441,0,0.04216933037475254,0,Induction Cooktop,prepaid_upi,0,2026-03
KO2608442,0,0.09072598828926375,0,Robot Vacuum,emi,0,2026-03
KO2608443,0,0.022376950771080192,0,Room Heater,emi,0,2026-03
KO2608444,0,0.29821468479594737,1,Induction Cooktop,prepaid_card,1,2026-03
KO2608445,0,0.1289626618611425,0,Robot Vacuum,cod,0,2026-03
KO2608446,0,0.05302942995629033,0,Room Heater,prepaid_card,1,2026-03
KO2608447,1,0.3296190924400159,1,Induction Cooktop,cod,0,2026-03
KO2608448,0,0.05439348809188967,0,Room Heater,prepaid_upi,0,2026-03
KO2608449,0,0.13986594450250975,0,Water Purifier,cod,0,2026-03
KO2608450,0,0.07875243840626617,0,Mixer Grinder,prepaid_upi,1,2026-03
KO2608451,0,0.15033677683272073,0,Robot Vacuum,cod,0,2026-03
KO2608452,0,0.05444056117322346,0,Water Purifier,emi,0,2026-03
KO2608454,0,0.04630280255006392,0,Room Heater,prepaid_upi,0,2026-03
KO2608392,0,0.04217722578194101,0,Water Purifier,cod,0,2026-03
KO2608391,0,0.03301182872744071,0,Room Heater,prepaid_card,0,2026-03
KO2608390,0,0.08222268770798936,1,Induction Cooktop,prepaid_card,0,2026-03
KO2608330,0,0.07570769113858744,0,Room Heater,prepaid_upi,0,2026-03
KO2608331,0,0.10254984442428315,1,Mixer Grinder,prepaid_upi,0,2026-03
KO2608332,0,0.2605877594161837,1,Robot Vacuum,cod,0,2026-03
KO2608333,0,0.04061522826905905,0,Induction Cooktop,prepaid_card,0,2026-03
KO2608334,0,0.08609888310952078,0,Induction Cooktop,prepaid_card,0,2026-03
KO2608335,0,0.054160969389759894,0,Mixer Grinder,cod,0,2026-03
KO2608336,0,0.041195895851397886,1,Mixer Grinder,prepaid_card,0,2026-03
KO2608337,0,0.05102091748058346,0,Ceiling Fan,cod,0,2026-03
KO2608338,0,0.031272156485770794,0,Room Heater,prepaid_card,0,2026-03
KO2608339,0,0.05295191398121668,0,Air Fryer,prepaid_upi,0,2026-03
KO2608340,0,0.07732260897155238,0,Robot Vacuum,prepaid_upi,0,2026-03
KO2608341,0,0.021031052710982764,0,Air Fryer,prepaid_upi,0,2026-03
KO2608342,0,0.04125397952141811,0,Induction Cooktop,prepaid_card,0,2026-03
KO2608343,0,0.048020805319619005,0,Water Purifier,prepaid_upi,0,2026-03
KO2608344,0,0.010398545184031452,0,Mixer Grinder,prepaid_upi,0,2026-03
KO2608345,0,0.12797855099071723,1,Mixer Grinder,prepaid_upi,1,2026-03
KO2608346,0,0.01720140247085597,0,Ceiling Fan,emi,0,2026-03
KO2608329,0,0.2504911385411186,0,Induction Cooktop,cod,1,2026-03
KO2608347,0,0.010508967573581421,0,Ceiling Fan,prepaid_card,0,2026-03
KO2608328,0,0.10300332679265174,0,Water Purifier,cod,0,2026-03
KO2608326,0,0.13304377150270566,0,Air Fryer,cod,0,2026-03
KO2608309,0,0.016708420073590302,0,Mixer Grinder,prepaid_upi,0,2026-03
KO2608310,1,0.12698284423745268,0,Water Purifier,cod,0,2026-03
KO2608311,0,0.09414729308897726,1,Air Fryer,emi,0,2026-03
KO2608312,0,0.029021688987567844,0,Robot Vacuum,prepaid_upi,0,2026-03
KO2608313,0,0.06768565985284469,0,Ceiling Fan,prepaid_upi,0,2026-03
KO2608314,1,0.49906684001661333,1,Room Heater,cod,1,2026-03
KO2608315,0,0.3032430576225916,0,Water Purifier,cod,0,2026-03
KO2608316,0,0.14836339886902025,0,Ceiling Fan,cod,0,2026-03
KO2608317,0,0.015725657805755227,0,Ceiling Fan,prepaid_upi,0,2026-03
KO2608318,0,0.058779416752109764,0,Mixer Grinder,cod,0,2026-03
KO2608319,0,0.012961805973126598,0,Mixer Grinder,prepaid_upi,0,2026-03
KO2608320,0,0.012301193445348961,0,Mixer Grinder,prepaid_upi,0,2026-03
KO2608321,1,0.0626964017698987,0,Robot Vacuum,prepaid_card,0,2026-03
KO2608322,1,0.02894847525392517,0,Mixer Grinder,prepaid_upi,1,2026-03
KO2608323,0,0.13397452159956066,0,Water Purifier,emi,0,2026-03
KO2608324,0,0.18302223236609602,1,Water Purifier,prepaid_upi,0,2026-03
KO2608325,0,0.02535607238482395,0,Induction Cooktop,prepaid_upi,0,2026-03
KO2608327,0,0.05172327342995117,0,Robot Vacuum,emi,0,2026-03
KO2608348,0,0.14476359415109633,1,Room Heater,emi,0,2026-03
KO2608349,1,0.03433136429577079,0,Induction Cooktop,prepaid_card,0,2026-03
KO2608350,0,0.03654251967922401,0,Air Fryer,prepaid_card,0,2026-03
KO2608373,0,0.7911083807787241,0,Water Purifier,emi,3,2026-03
KO2608374,0,0.12361778004665853,0,Induction Cooktop,prepaid_card,1,2026-03
KO2608375,0,0.08249506834471533,1,Induction Cooktop,prepaid_upi,0,2026-03
KO2608376,0,0.013100870281145465,0,Ceiling Fan,prepaid_card,0,2026-03
KO2608377,0,0.05018710409943826,0,Room Heater,cod,0,2026-03
KO2608378,0,0.03667800076463081,1,Mixer Grinder,prepaid_card,0,2026-03
KO2608379,0,0.03850554791682121,0,Room Heater,prepaid_upi,0,2026-03
KO2608380,1,0.5436451353566983,1,Room Heater,prepaid_upi,1,2026-03
KO2608381,0,0.09133627275614539,0,Room Heater,emi,0,2026-03
KO2608382,0,0.04769719039471124,1,Room Heater,emi,0,2026-03
KO2608383,0,0.18981157622002662,1,Water Purifier,prepaid_upi,0,2026-03
KO2608384,0,0.14009695634878397,0,Robot Vacuum,prepaid_card,0,2026-03
KO2608385,0,0.30069898897883884,1,Robot Vacuum,prepaid_card,1,2026-03
KO2608386,0,0.08939914813207826,0,Robot Vacuum,prepaid_upi,0,2026-03
KO2608387,0,0.04100825131806659,0,Ceiling Fan,prepaid_upi,0,2026-03
KO2608388,1,0.19248741765916336,1,Room Heater,prepaid_upi,0,2026-03
KO2608389,0,0.08654301434202212,0,Water Purifier,cod,0,2026-03
KO2608372,0,0.3202548692731118,0,Mixer Grinder,prepaid_card,2,2026-03
KO2608371,0,0.016285308112260154,0,Ceiling Fan,prepaid_upi,0,2026-03
KO2608370,0,0.06358012948942501,0,Air Fryer,prepaid_upi,0,2026-03
KO2608369,0,0.14013067632446685,0,Robot Vacuum,cod,0,2026-03
KO2608351,0,0.04681077846155364,0,Induction Cooktop,cod,0,2026-03
KO2608352,0,0.05664607080913619,1,Ceiling Fan,prepaid_card,0,2026-03
KO2608353,1,0.2841603556828943,1,Water Purifier,cod,0,2026-03
KO2608354,0,0.12850456567494056,0,Robot Vacuum,cod,0,2026-03
KO2608355,0,0.15516091826824568,1,Water Purifier,prepaid_upi,0,2026-03
KO2608356,0,0.09459595047271821,0,Robot Vacuum,emi,0,2026-03
KO2608357,0,0.1156940310760011,0,Room Heater,cod,0,2026-03
KO2608358,0,0.0809660231367557,0,Ceiling Fan,cod,0,2026-03
KO2608307,0,0.024720090199740148,1,Ceiling Fan,prepaid_upi,0,2026-03
KO2608359,0,0.18088607010516577,1,Room Heater,prepaid_upi,0,2026-03
KO2608361,0,0.06419802519926993,0,Ceiling Fan,cod,0,2026-03
KO2608362,0,0.03368617420198301,0,Water Purifier,prepaid_card,0,2026-03
KO2608363,1,0.07724968724308985,1,Mixer Grinder,cod,0,2026-03
KO2608364,0,0.028444063140973558,0,Room Heater,prepaid_upi,0,2026-03
KO2608365,0,0.07491638685280584,0,Mixer Grinder,prepaid_card,0,2026-03
KO2608366,0,0.020430342097699106,0,Water Purifier,emi,0,2026-03
KO2608367,0,0.03477634810175006,0,Air Fryer,prepaid_upi,0,2026-03
KO2608368,1,0.046381044638199094,0,Water Purifier,cod,0,2026-03
KO2608360,0,0.10345851567985327,0,Robot Vacuum,prepaid_upi,0,2026-03
KO2608474,0,0.05770047316294491,0,Ceiling Fan,cod,0,2026-03
KO2608138,0,0.2935562121336901,1,Induction Cooktop,cod,0,2026-03
KO2608136,0,0.056641178493089965,0,Water Purifier,emi,0,2026-03
KO2607908,0,0.05723819190051537,0,Mixer Grinder,cod,0,2026-03
KO2607909,1,0.08955255764768566,1,Induction Cooktop,emi,0,2026-03
KO2607910,0,0.24923248310502413,1,Water Purifier,cod,0,2026-03
KO2607911,0,0.12517286031524666,0,Air Fryer,cod,0,2026-03
KO2607912,0,0.10964972772611571,0,Air Fryer,cod,0,2026-03
KO2607913,0,0.10527723506100096,0,Water Purifier,prepaid_upi,0,2026-03
KO2607914,0,0.05707891859666749,0,Mixer Grinder,cod,0,2026-03
KO2607915,0,0.02320563386977492,1,Ceiling Fan,prepaid_upi,0,2026-03
KO2607916,0,0.038440721121814174,0,Induction Cooktop,emi,0,2026-03
KO2607917,0,0.16172651744910546,1,Water Purifier,prepaid_upi,0,2026-03
KO2607918,0,0.015398419226998462,0,Mixer Grinder,emi,0,2026-03
KO2607919,0,0.06000921590075548,1,Mixer Grinder,prepaid_card,0,2026-03
KO2607920,1,0.38163911990889793,1,Robot Vacuum,cod,0,2026-03
KO2607921,0,0.058513953314711944,0,Air Fryer,prepaid_card,0,2026-03
KO2607922,1,0.0892454755008605,0,Mixer Grinder,cod,1,2026-03
KO2607923,0,0.058010415028438504,0,Water Purifier,prepaid_card,0,2026-03
KO2607924,0,0.008055235473044743,0,Mixer Grinder,prepaid_upi,0,2026-03
KO2607907,0,0.025181022125050034,0,Mixer Grinder,prepaid_upi,0,2026-03
KO2607925,0,0.043088011683763215,0,Room Heater,cod,0,2026-03
KO2607906,0,0.04185928875567853,0,Induction Cooktop,prepaid_upi,0,2026-03
KO2607904,0,0.04514159368075043,1,Induction Cooktop,prepaid_card,0,2026-03
KO2607887,0,0.0248118426165619,0,Air Fryer,prepaid_upi,0,2026-03
KO2607888,0,0.02940580365944943,0,Room Heater,prepaid_upi,0,2026-03
KO2607889,0,0.2241628738691204,1,Robot Vacuum,prepaid_upi,0,2026-03
KO2607890,0,0.3430829318428448,0,Robot Vacuum,cod,0,2026-03
KO2607891,0,0.12142344943850461,0,Robot Vacuum,cod,0,2026-03
KO2607892,1,0.13309175366272913,0,Room Heater,cod,0,2026-03
KO2607893,0,0.10694900174379482,0,Air Fryer,cod,0,2026-03
KO2607894,0,0.030118667047347118,0,Ceiling Fan,prepaid_upi,0,2026-03
KO2607895,0,0.4960902005619086,1,Robot Vacuum,cod,0,2026-03
KO2607896,0,0.0813002799386274,0,Induction Cooktop,cod,0,2026-03
KO2607897,1,0.24299914284970753,0,Room Heater,cod,0,2026-03
KO2607898,1,0.22597633820975926,0,Room Heater,cod,1,2026-03
KO2607899,1,0.5503317798851557,1,Robot Vacuum,cod,0,2026-03
KO2607900,0,0.028444063140973558,0,Room Heater,prepaid_upi,0,2026-03
KO2607901,0,0.4430926431831668,1,Robot Vacuum,prepaid_card,0,2026-03
KO2607902,0,0.055455480727088224,0,Robot Vacuum,prepaid_upi,0,2026-03
KO2607903,0,0.0416466376707891,0,Mixer Grinder,prepaid_upi,0,2026-03
KO2607905,1,0.30970818696321173,0,Water Purifier,prepaid_card,2,2026-03
KO2607886,0,0.016129915072820782,0,Ceiling Fan,emi,0,2026-03
KO2607926,0,0.13717102345029794,0,Room Heater,cod,0,2026-03
KO2607928,0,0.039248427903119734,0,Ceiling Fan,cod,0,2026-03
KO2607950,1,0.1678030099406036,0,Ceiling Fan,prepaid_upi,2,2026-03
KO2607951,0,0.03576583862880781,0,Mixer Grinder,prepaid_card,0,2026-03
KO2607952,0,0.059452198852219564,0,Induction Cooktop,prepaid_card,0,2026-03
KO2607953,0,0.15630809699971113,0,Robot Vacuum,prepaid_card,0,2026-03
KO2607954,0,0.03483672001479476,0,Mixer Grinder,cod,0,2026-03
KO2607955,0,0.129252214050714,0,Induction Cooktop,cod,0,2026-03
KO2607956,0,0.038103581851181595,0,Mixer Grinder,prepaid_upi,0,2026-03
KO2607957,0,0.18569195043719308,1,Robot Vacuum,prepaid_upi,0,2026-03
KO2607958,0,0.15693937445975548,0,Ceiling Fan,cod,0,2026-03
KO2607959,0,0.28473458176857,1,Room Heater,cod,0,2026-03
KO2607960,0,0.0750863504185882,0,Mixer Grinder,cod,0,2026-03
KO2607961,0,0.021605757329442404,0,Mixer Grinder,prepaid_card,0,2026-03
KO2607962,0,0.14516110248948424,0,Room Heater,prepaid_upi,1,2026-03
KO2607963,0,0.020623490160941848,0,Induction Cooktop,prepaid_card,0,2026-03
KO2607964,1,0.2935089537867873,0,Robot Vacuum,cod,0,2026-03
KO2607965,0,0.02132852212452768,0,Room Heater,prepaid_card,0,2026-03
KO2607966,0,0.03892019270985866,0,Room Heater,cod,0,2026-03
KO2607949,0,0.030407598046735918,1,Induction Cooktop,emi,0,2026-03
KO2607927,0,0.061996981102921025,0,Mixer Grinder,prepaid_upi,0,2026-03
KO2607948,0,0.0622937925678945,0,Air Fryer,cod,0,2026-03
KO2607946,1,0.025511118199291593,0,Ceiling Fan,prepaid_card,0,2026-03
KO2607929,0,0.12014757200512956,0,Air Fryer,prepaid_upi,0,2026-03
KO2607930,0,0.06407370777033644,0,Room Heater,cod,0,2026-03
KO2607931,0,0.0646736882377305,0,Air Fryer,emi,0,2026-03
KO2607932,0,0.04790380953067589,0,Water Purifier,prepaid_upi,0,2026-03
KO2607933,0,0.022412471099225936,0,Mixer Grinder,prepaid_upi,0,2026-03
KO2607934,0,0.07046405013999639,0,Air Fryer,cod,0,2026-03
KO2607935,0,0.026244235312799093,0,Air Fryer,prepaid_upi,0,2026-03
KO2607936,1,0.32586655504629575,0,Room Heater,prepaid_upi,0,2026-03
KO2607937,0,0.1397230654945037,0,Air Fryer,prepaid_upi,0,2026-03
KO2607938,0,0.15077855219019706,0,Robot Vacuum,prepaid_card,0,2026-03
KO2607939,0,0.05851143109537164,0,Mixer Grinder,cod,0,2026-03
KO2607940,0,0.08334368922102045,0,Room Heater,prepaid_upi,0,2026-03
KO2607941,0,0.10608913988916595,1,Air Fryer,prepaid_card,0,2026-03
KO2607942,0,0.04376708638918295,0,Induction Cooktop,prepaid_upi,0,2026-03
KO2607943,0,0.03851911634673859,0,Induction Cooktop,prepaid_card,0,2026-03
KO2607944,0,0.11885193730082932,1,Room Heater,cod,0,2026-03
KO2607945,0,0.13438433326298382,0,Water Purifier,cod,0,2026-03
KO2607947,0,0.27290277856535805,0,Water Purifier,prepaid_card,0,2026-03
KO2607885,0,0.09487372362496455,0,Room Heater,cod,0,2026-03
KO2607884,0,0.021986909858554362,0,Room Heater,prepaid_upi,0,2026-03
KO2607883,0,0.16952433521618318,1,Induction Cooktop,prepaid_card,1,2026-03
KO2607823,0,0.15466727490847074,0,Mixer Grinder,cod,1,2026-03
KO2607824,0,0.07876850711273914,0,Water Purifier,cod,0,2026-03
KO2607825,1,0.16835370162201646,0,Water Purifier,cod,1,2026-03
KO2607826,0,0.0980285717853741,0,Water Purifier,cod,0,2026-03
KO2607827,0,0.15005502722986705,0,Water Purifier,prepaid_upi,1,2026-03
KO2607828,0,0.08159348059677154,0,Water Purifier,prepaid_card,0,2026-03
KO2607829,0,0.10934346841535586,0,Water Purifier,cod,0,2026-03
KO2607830,0,0.032712138988337566,0,Ceiling Fan,prepaid_card,0,2026-03
KO2607831,0,0.09740853179946632,0,Induction Cooktop,cod,0,2026-03
KO2607832,0,0.03915328312197782,0,Ceiling Fan,prepaid_upi,0,2026-03
KO2607833,1,0.37452593002816353,0,Robot Vacuum,emi,1,2026-03
KO2607834,0,0.04321270862687307,0,Robot Vacuum,prepaid_upi,0,2026-03
KO2607835,0,0.10492507297764657,0,Mixer Grinder,prepaid_upi,1,2026-03
KO2607836,0,0.02462392100156954,0,Room Heater,emi,0,2026-03
KO2607837,0,0.03204417453497693,0,Ceiling Fan,prepaid_card,0,2026-03
KO2607838,0,0.1081053077100888,0,Air Fryer,prepaid_card,0,2026-03
KO2607839,0,0.01624421854100702,0,Ceiling Fan,emi,0,2026-03
KO2607822,0,0.14813830447990203,0,Robot Vacuum,cod,0,2026-03
KO2607840,0,0.05028624038588356,0,Room Heater,emi,0,2026-03
KO2607821,0,0.07554970690027651,1,Air Fryer,prepaid_upi,0,2026-03
KO2607819,0,0.18080775273825092,0,Ceiling Fan,prepaid_upi,2,2026-03
KO2607802,0,0.02259831123455628,0,Mixer Grinder,cod,0,2026-03
KO2607803,0,0.08573956045713942,0,Air Fryer,prepaid_card,0,2026-03
KO2607804,0,0.025936914661586877,0,Ceiling Fan,prepaid_upi,0,2026-03
KO2607805,1,0.14524405302127283,1,Induction Cooktop,prepaid_upi,0,2026-03
KO2607806,0,0.14780598195429334,1,Room Heater,cod,0,2026-03
KO2607807,0,0.26167033613069285,1,Water Purifier,cod,0,2026-03
KO2607808,0,0.05450546027686211,1,Mixer Grinder,emi,0,2026-03
KO2607809,1,0.29165061601242004,1,Room Heater,prepaid_card,1,2026-03
KO2607810,1,0.09476653887026897,0,Room Heater,emi,0,2026-03
KO2607811,0,0.12251081519216318,1,Room Heater,cod,0,2026-03
KO2607812,0,0.10218059261577303,1,Air Fryer,prepaid_upi,0,2026-03
KO2607813,0,0.040578713044189973,0,Mixer Grinder,cod,0,2026-03
KO2607814,0,0.11253598539258448,0,Room Heater,emi,0,2026-03
KO2607815,0,0.12965138016378577,0,Mixer Grinder,cod,0,2026-03
KO2607816,0,0.026666836030235522,0,Air Fryer,prepaid_upi,0,2026-03
KO2607817,0,0.03112543402158319,0,Room Heater,prepaid_card,0,2026-03
KO2607818,0,0.43707342716794456,1,Ceiling Fan,prepaid_card,2,2026-03
KO2607820,0,0.027684899757059386,0,Water Purifier,prepaid_upi,0,2026-03
KO2607841,0,0.7492411357134378,1,Water Purifier,prepaid_upi,3,2026-03
KO2607842,0,0.14177065085194587,0,Room Heater,cod,0,2026-03
KO2607843,0,0.3216058468655886,1,Room Heater,prepaid_upi,2,2026-03
KO2607866,0,0.1982653464501314,1,Mixer Grinder,prepaid_card,1,2026-03
KO2607867,0,0.1913988730441783,1,Ceiling Fan,cod,0,2026-03
KO2607868,1,0.04980584970186678,0,Induction Cooktop,cod,0,2026-03
KO2607869,0,0.06537853832668532,1,Ceiling Fan,cod,0,2026-03
KO2607870,0,0.2640423857617236,0,Water Purifier,cod,1,2026-03
KO2607871,0,0.33669404748849885,1,Air Fryer,prepaid_card,0,2026-03
KO2607872,0,0.05062602658286987,0,Robot Vacuum,prepaid_upi,0,2026-03
KO2607873,0,0.18861281009181574,0,Room Heater,cod,0,2026-03
KO2607874,0,0.049070502202482026,0,Ceiling Fan,prepaid_upi,0,2026-03
KO2607875,0,0.10881112373045283,1,Room Heater,prepaid_card,0,2026-03
KO2607876,0,0.014748187114723126,0,Ceiling Fan,prepaid_upi,0,2026-03
KO2607877,0,0.047009649221441005,0,Water Purifier,cod,0,2026-03
KO2607878,0,0.07180369960182828,0,Room Heater,prepaid_card,1,2026-03
KO2607879,0,0.08443126730748692,0,Ceiling Fan,prepaid_card,1,2026-03
KO2607880,0,0.01844549360205654,0,Room Heater,prepaid_card,0,2026-03
KO2607881,0,0.3767063273860262,1,Room Heater,prepaid_upi,2,2026-03
KO2607882,0,0.10759174198755687,0,Robot Vacuum,emi,0,2026-03
KO2607865,0,0.04476052579946076,0,Ceiling Fan,prepaid_upi,0,2026-03
KO2607864,0,0.13029989748278104,1,Room Heater,prepaid_card,0,2026-03
KO2607863,0,0.014481805030826123,0,Induction Cooktop,prepaid_upi,0,2026-03
KO2607862,0,0.2884896940403972,1,Room Heater,cod,0,2026-03
KO2607844,0,0.03318227011741095,0,Water Purifier,prepaid_upi,0,2026-03
KO2607845,0,0.021696634130651076,0,Ceiling Fan,prepaid_card,0,2026-03
KO2607846,0,0.2020847971823916,1,Robot Vacuum,emi,0,2026-03
KO2607847,0,0.0184225788781273,0,Mixer Grinder,prepaid_upi,0,2026-03
KO2607848,0,0.01970460408613359,0,Induction Cooktop,prepaid_upi,0,2026-03
KO2607849,0,0.04353045280285791,0,Water Purifier,emi,0,2026-03
KO2607850,0,0.08409606017421109,0,Robot Vacuum,prepaid_upi,0,2026-03
KO2607851,0,0.14137031684761353,0,Induction Cooktop,cod,1,2026-03
KO2607967,0,0.03694094045579078,0,Ceiling Fan,prepaid_card,0,2026-03
KO2607852,0,0.02706193571535646,0,Room Heater,prepaid_card,0,2026-03
KO2607854,0,0.05656498023942754,0,Induction Cooktop,prepaid_card,0,2026-03
KO2607855,0,0.09454956138880567,0,Water Purifier,prepaid_upi,0,2026-03
KO2607856,0,0.020196710640951597,0,Mixer Grinder,prepaid_card,0,2026-03
KO2607857,0,0.06745531888344117,0,Ceiling Fan,cod,0,2026-03
KO2607858,0,0.06660904691133791,0,Air Fryer,prepaid_upi,1,2026-03
KO2607859,0,0.04468960474008793,0,Ceiling Fan,prepaid_upi,0,2026-03
KO2607860,0,0.0756781243270934,0,Air Fryer,prepaid_upi,0,2026-03
KO2607861,0,0.0358518722388701,0,Induction Cooktop,prepaid_card,0,2026-03
KO2607853,0,0.015795207969629528,0,Induction Cooktop,prepaid_upi,0,2026-03
KO2608137,0,0.02780306223965707,0,Induction Cooktop,prepaid_card,0,2026-03
KO2607968,0,0.07923567372283201,0,Induction Cooktop,cod,0,2026-03
KO2607970,0,0.038114587674984914,0,Ceiling Fan,prepaid_upi,0,2026-03
KO2608077,0,0.0708161755691279,0,Robot Vacuum,prepaid_upi,0,2026-03
KO2608078,0,0.16808806588008932,1,Room Heater,prepaid_upi,0,2026-03
KO2608079,0,0.03070544595086321,0,Ceiling Fan,prepaid_upi,0,2026-03
KO2608080,0,0.02636376355813444,0,Room Heater,prepaid_upi,0,2026-03
KO2608081,0,0.03856371107839275,0,Air Fryer,prepaid_card,0,2026-03
KO2608082,0,0.12487666085618514,1,Mixer Grinder,prepaid_upi,0,2026-03
KO2608083,0,0.05958336363600811,0,Induction Cooktop,cod,0,2026-03
KO2608084,0,0.028858971105434172,1,Ceiling Fan,prepaid_upi,0,2026-03
KO2608085,0,0.044338111177705676,0,Induction Cooktop,cod,0,2026-03
KO2608086,0,0.16889370252720728,0,Air Fryer,cod,0,2026-03
KO2608087,0,0.009998090510766597,0,Ceiling Fan,emi,0,2026-03
KO2608088,0,0.45127424788797665,0,Room Heater,cod,1,2026-03
KO2608089,0,0.03646582542014786,0,Ceiling Fan,cod,0,2026-03
KO2608090,1,0.13236346782796568,0,Air Fryer,cod,0,2026-03
KO2608091,0,0.1865422512869654,1,Robot Vacuum,prepaid_card,0,2026-03
KO2608092,0,0.10439854589643036,0,Water Purifier,prepaid_upi,0,2026-03
KO2608093,0,0.032124652417316595,0,Water Purifier,prepaid_upi,0,2026-03
KO2608076,0,0.3165778583383294,0,Air Fryer,cod,1,2026-03
KO2608094,0,0.06250838492195,0,Ceiling Fan,prepaid_card,0,2026-03
KO2608075,0,0.13256757715530537,0,Robot Vacuum,prepaid_upi,0,2026-03
KO2608073,0,0.05797270466096501,0,Water Purifier,prepaid_upi,0,2026-03
KO2608056,0,0.4432531610188408,0,Room Heater,cod,1,2026-03
KO2608057,0,0.17126547252368546,1,Mixer Grinder,emi,0,2026-03
KO2608058,0,0.0551321896702958,1,Mixer Grinder,prepaid_card,0,2026-03
KO2608059,0,0.07266850864075257,0,Water Purifier,emi,0,2026-03
KO2608060,1,0.09244282649027481,0,Robot Vacuum,prepaid_upi,0,2026-03
KO2608061,0,0.03410755851100651,0,Induction Cooktop,prepaid_card,0,2026-03
KO2608062,0,0.09143127441924243,0,Water Purifier,cod,0,2026-03
KO2608063,0,0.049926536831603446,0,Room Heater,emi,0,2026-03
KO2608064,0,0.02371172849549252,0,Mixer Grinder,prepaid_card,0,2026-03
KO2608065,0,0.024873914155600363,0,Air Fryer,prepaid_upi,0,2026-03
KO2608066,0,0.02755612043883609,0,Room Heater,prepaid_card,0,2026-03
KO2608067,1,0.4638097980830533,1,Room Heater,cod,0,2026-03
KO2608068,0,0.06080373922305031,0,Robot Vacuum,prepaid_upi,0,2026-03
KO2608069,0,0.014078456348247684,0,Mixer Grinder,prepaid_upi,0,2026-03
KO2608070,0,0.05348859550287193,0,Air Fryer,emi,0,2026-03
KO2608071,0,0.09448275327670551,1,Robot Vacuum,prepaid_upi,0,2026-03
KO2608072,0,0.05177701974614183,1,Ceiling Fan,emi,0,2026-03
KO2608074,0,0.06745590559995854,0,Water Purifier,prepaid_upi,0,2026-03
KO2608055,1,0.2758057767427826,0,Induction Cooktop,cod,2,2026-03
KO2608095,0,0.19386128141230044,1,Air Fryer,prepaid_upi,0,2026-03
KO2608097,0,0.059485767852176546,1,Mixer Grinder,prepaid_upi,0,2026-03
KO2608119,0,0.15491819788654318,1,Room Heater,prepaid_card,0,2026-03
KO2608120,0,0.014815402449560837,0,Ceiling Fan,prepaid_upi,0,2026-03
KO2608121,0,0.033095874161508256,0,Room Heater,prepaid_upi,0,2026-03
KO2608122,1,0.07081702399534824,0,Ceiling Fan,prepaid_upi,1,2026-03
KO2608123,0,0.12625397667523625,0,Ceiling Fan,cod,0,2026-03
KO2608124,0,0.09186945978560976,0,Room Heater,emi,0,2026-03
KO2608125,0,0.022260383707106216,0,Induction Cooktop,prepaid_upi,0,2026-03
KO2608126,0,0.27442354327192525,0,Robot Vacuum,cod,0,2026-03
KO2608127,0,0.14810045558877302,0,Water Purifier,cod,0,2026-03
KO2608128,0,0.06532291181995163,0,Robot Vacuum,prepaid_card,0,2026-03
KO2608129,0,0.13380702618772314,1,Induction Cooktop,emi,0,2026-03
KO2608130,0,0.010365066828400117,0,Ceiling Fan,prepaid_upi,0,2026-03
KO2608131,1,0.09127578226907629,0,Robot Vacuum,emi,0,2026-03
KO2608132,0,0.16321925232818496,0,Induction Cooktop,cod,0,2026-03
KO2608133,0,0.07717782798548195,0,Robot Vacuum,prepaid_upi,0,2026-03
KO2608134,0,0.07240053976730727,0,Water Purifier,emi,0,2026-03
KO2608135,0,0.48706479888117826,0,Ceiling Fan,prepaid_card,3,2026-03
KO2608118,0,0.04275437395486338,0,Room Heater,prepaid_card,0,2026-03
KO2608096,1,0.25434252343816277,0,Induction Cooktop,cod,1,2026-03
KO2608117,0,0.03890182945234282,0,Ceiling Fan,cod,0,2026-03
KO2608115,0,0.015946530127069272,0,Ceiling Fan,prepaid_card,0,2026-03
KO2608098,0,0.11072734078901679,1,Air Fryer,prepaid_card,0,2026-03
KO2608099,0,0.03632842150090529,0,Room Heater,prepaid_card,0,2026-03
KO2608100,0,0.038862618611858184,0,Room Heater,prepaid_upi,0,2026-03
KO2608101,0,0.15744210842445122,0,Mixer Grinder,cod,0,2026-03
KO2608102,0,0.04994195854581204,1,Mixer Grinder,prepaid_upi,0,2026-03
KO2608103,0,0.30559393420080466,1,Mixer Grinder,prepaid_upi,2,2026-03
KO2608104,0,0.0268561824355349,0,Induction Cooktop,emi,0,2026-03
KO2608105,0,0.01989810633103385,0,Mixer Grinder,prepaid_upi,0,2026-03
KO2608106,1,0.07368133180499466,0,Ceiling Fan,emi,1,2026-03
KO2608107,0,0.07919533908934424,0,Ceiling Fan,prepaid_upi,1,2026-03
KO2608108,0,0.14344738099520382,0,Robot Vacuum,prepaid_upi,1,2026-03
KO2608109,0,0.12064200041160533,0,Water Purifier,prepaid_upi,0,2026-03
KO2608110,0,0.2096621852489748,0,Air Fryer,cod,0,2026-03
KO2608111,0,0.02570712573480906,0,Ceiling Fan,prepaid_upi,0,2026-03
KO2608112,1,0.15017742852195584,0,Robot Vacuum,prepaid_upi,0,2026-03
KO2608113,0,0.03397360183724238,0,Ceiling Fan,prepaid_upi,0,2026-03
KO2608114,1,0.18393432776076568,0,Water Purifier,prepaid_upi,0,2026-03
KO2608116,0,0.04933655736041431,0,Air Fryer,prepaid_upi,0,2026-03
KO2608054,0,0.21893661963715216,1,Robot Vacuum,prepaid_upi,0,2026-03
KO2608053,0,0.030049948992736678,0,Mixer Grinder,prepaid_upi,0,2026-03
KO2608052,0,0.05737012176067257,0,Mixer Grinder,emi,0,2026-03
KO2607992,0,0.02311989767295773,0,Mixer Grinder,cod,0,2026-03
KO2607993,0,0.03806762713493664,0,Induction Cooktop,prepaid_upi,0,2026-03
KO2607994,0,0.052340109587963375,0,Room Heater,prepaid_upi,0,2026-03
KO2607995,0,0.03383848364458898,0,Ceiling Fan,prepaid_upi,1,2026-03
KO2607996,0,0.0517857251533188,0,Ceiling Fan,emi,0,2026-03
KO2607997,0,0.027588048743587838,0,Water Purifier,prepaid_card,0,2026-03
KO2607998,1,0.08363367754681111,1,Mixer Grinder,prepaid_upi,0,2026-03
KO2607999,0,0.09703184723239018,0,Mixer Grinder,prepaid_card,1,2026-03
KO2608000,0,0.1259497227449258,1,Room Heater,prepaid_upi,0,2026-03
KO2608001,0,0.01576942352791836,0,Induction Cooktop,prepaid_upi,0,2026-03
KO2608002,0,0.016238029170563616,0,Ceiling Fan,prepaid_upi,0,2026-03
KO2608003,0,0.1714102138818525,1,Room Heater,emi,0,2026-03
KO2608004,0,0.05821028788866782,0,Induction Cooktop,cod,0,2026-03
KO2608005,0,0.03525696064214673,0,Room Heater,prepaid_card,0,2026-03
KO2608006,0,0.04172451883797979,1,Ceiling Fan,prepaid_upi,0,2026-03
KO2608007,1,0.1557236708496957,0,Ceiling Fan,cod,0,2026-03
KO2608008,0,0.08097405924830436,0,Mixer Grinder,prepaid_upi,0,2026-03
KO2607991,0,0.015944536309741898,0,Room Heater,prepaid_upi,0,2026-03
KO2608009,1,0.07202942886742623,0,Water Purifier,prepaid_upi,0,2026-03
KO2607990,0,0.07517927641705859,0,Room Heater,emi,0,2026-03
KO2607988,0,0.053137016055158734,0,Ceiling Fan,cod,0,2026-03
KO2607971,0,0.02671478276222226,0,Water Purifier,prepaid_upi,0,2026-03
KO2607972,0,0.11012582064344015,1,Air Fryer,prepaid_upi,0,2026-03
KO2607973,0,0.4818640710836984,0,Robot Vacuum,cod,1,2026-03
KO2607974,0,0.10273058238524509,0,Water Purifier,cod,0,2026-03
KO2607975,0,0.14149476976748235,1,Robot Vacuum,prepaid_upi,0,2026-03
KO2607976,0,0.43475968323181097,1,Robot Vacuum,cod,0,2026-03
KO2607977,0,0.036990054032863214,0,Mixer Grinder,cod,0,2026-03
KO2607978,0,0.15728876816411486,0,Air Fryer,cod,0,2026-03
KO2607979,0,0.06735542841557478,1,Water Purifier,prepaid_upi,0,2026-03
KO2607980,0,0.04723903932890679,0,Air Fryer,emi,0,2026-03
KO2607981,0,0.06204527746599999,0,Induction Cooktop,cod,0,2026-03
KO2607982,0,0.013358554121593752,0,Mixer Grinder,prepaid_upi,0,2026-03
KO2607983,0,0.049267052108978714,0,Room Heater,prepaid_upi,0,2026-03
KO2607984,0,0.10060453072366321,1,Air Fryer,prepaid_upi,0,2026-03
KO2607985,0,0.021602357365385665,0,Air Fryer,prepaid_card,0,2026-03
KO2607986,0,0.09939428320993153,0,Air Fryer,prepaid_upi,0,2026-03
KO2607987,0,0.04877792781349105,0,Induction Cooktop,prepaid_upi,1,2026-03
KO2607989,0,0.012936956867931544,0,Mixer Grinder,prepaid_card,0,2026-03
KO2608010,0,0.1218257036568899,0,Air Fryer,cod,0,2026-03
KO2608011,0,0.07104278414894251,0,Induction Cooktop,cod,0,2026-03
KO2608013,0,0.014710113218339732,0,Mixer Grinder,prepaid_upi,0,2026-03
KO2608035,0,0.26205102097656224,0,Water Purifier,cod,0,2026-03
KO2608036,0,0.14675965846918854,0,Induction Cooktop,prepaid_card,1,2026-03
KO2608037,0,0.041119440923487065,0,Induction Cooktop,prepaid_upi,0,2026-03
KO2608038,1,0.15533414792758307,0,Robot Vacuum,prepaid_card,0,2026-03
KO2608039,0,0.08111062322225322,0,Air Fryer,prepaid_card,0,2026-03
KO2608040,0,0.08435212573989091,0,Robot Vacuum,prepaid_upi,0,2026-03
KO2608041,0,0.25648883817940016,0,Robot Vacuum,cod,0,2026-03
KO2608042,0,0.05621804705028423,0,Mixer Grinder,prepaid_upi,1,2026-03
KO2608043,1,0.2587767280621658,0,Robot Vacuum,prepaid_upi,0,2026-03
KO2608044,0,0.029221942905528292,0,Ceiling Fan,emi,0,2026-03
KO2608045,0,0.0988174391861796,0,Water Purifier,prepaid_upi,0,2026-03
KO2608046,0,0.08625282336574418,1,Induction Cooktop,emi,0,2026-03
KO2608047,0,0.15503548929110686,0,Robot Vacuum,prepaid_upi,0,2026-03
KO2608048,0,0.049099221378500854,1,Induction Cooktop,prepaid_upi,0,2026-03
KO2608049,1,0.02872124914598983,0,Water Purifier,prepaid_card,0,2026-03
KO2608050,0,0.028958426049870888,0,Mixer Grinder,cod,0,2026-03
KO2608051,0,0.10600362376097566,0,Water Purifier,prepaid_upi,1,2026-03
KO2608034,0,0.060572203365340596,0,Mixer Grinder,cod,0,2026-03
KO2608033,0,0.033103360854660535,1,Ceiling Fan,prepaid_upi,0,2026-03
KO2608032,0,0.0782492899849784,0,Room Heater,prepaid_card,1,2026-03
KO2608031,0,0.03750894531198394,1,Mixer Grinder,prepaid_upi,0,2026-03
KO2608012,1,0.6347627157944187,1,Air Fryer,prepaid_card,2,2026-03
KO2608014,0,0.11464649303136464,0,Air Fryer,emi,1,2026-03
KO2608015,0,0.11634312770844166,1,Induction Cooktop,prepaid_upi,0,2026-03
KO2608016,0,0.2882877603460003,0,Water Purifier,cod,0,2026-03
KO2608017,0,0.09127806988268648,0,Air Fryer,cod,0,2026-03
KO2608018,0,0.11157131558398953,0,Air Fryer,prepaid_card,1,2026-03
KO2608019,0,0.33742302815468467,0,Air Fryer,cod,1,2026-03
KO2608020,0,0.03446328400166186,0,Mixer Grinder,prepaid_upi,0,2026-03
KO2607969,0,0.04699953069419772,0,Induction Cooktop,cod,0,2026-03
KO2608021,0,0.07672723918643884,0,Ceiling Fan,prepaid_card,0,2026-03
KO2608023,0,0.0123562258756708,0,Mixer Grinder,prepaid_upi,0,2026-03
KO2608024,0,0.040098124727908524,0,Room Heater,prepaid_upi,0,2026-03
KO2608025,0,0.1447159950214568,1,Mixer Grinder,prepaid_upi,1,2026-03
KO2608026,1,0.1515280439191886,0,Robot Vacuum,prepaid_card,1,2026-03
KO2608027,0,0.26762549220310505,0,Robot Vacuum,cod,0,2026-03
KO2608028,0,0.019296947830608372,0,Induction Cooktop,prepaid_upi,0,2026-03
KO2608029,0,0.061595895954326386,1,Induction Cooktop,cod,0,2026-03
KO2608030,0,0.1295225496739779,1,Ceiling Fan,cod,0,2026-03
KO2608022,1,0.16253895842811472,0,Air Fryer,cod,0,2026-03
KO2608475,0,0.14545506898784535,0,Induction Cooktop,prepaid_card,0,2026-03
KO2608477,0,0.0801398603862228,0,Induction Cooktop,cod,0,2026-03
KO2608922,1,0.5253698736629115,1,Water Purifier,cod,0,2026-03
KO2608923,0,0.11223137782648823,0,Air Fryer,cod,0,2026-03
KO2608924,0,0.0669093648004749,0,Induction Cooktop,prepaid_upi,0,2026-03
KO2608925,0,0.03146177884588708,0,Ceiling Fan,cod,0,2026-03
KO2608926,0,0.06259382137550959,0,Robot Vacuum,prepaid_upi,0,2026-03
KO2608927,0,0.06221471281364728,0,Water Purifier,prepaid_upi,0,2026-03
KO2608928,0,0.1398497991085131,0,Room Heater,cod,0,2026-03
KO2608929,0,0.014964033229256218,0,Ceiling Fan,prepaid_upi,0,2026-03
KO2608931,0,0.03617709658198157,0,Mixer Grinder,emi,0,2026-03
KO2608930,0,0.03473955013237489,0,Induction Cooktop,prepaid_upi,0,2026-03
KO2608932,0,0.05600620770764454,0,Water Purifier,prepaid_upi,0,2026-03
KO2608933,0,0.01157309826269019,0,Induction Cooktop,prepaid_upi,0,2026-03
KO2608934,0,0.08252216164795562,0,Water Purifier,prepaid_card,0,2026-03
KO2608935,0,0.1385863912348904,1,Room Heater,prepaid_upi,0,2026-03
KO2608936,0,0.02252597824770433,0,Room Heater,prepaid_upi,0,2026-03
KO2608937,0,0.05894403718144527,0,Room Heater,cod,0,2026-03
KO2608938,0,0.10024207252983632,0,Air Fryer,prepaid_card,1,2026-03
KO2608921,0,0.06926574916142579,0,Water Purifier,prepaid_card,0,2026-03
KO2608939,0,0.33540734302426445,0,Robot Vacuum,cod,0,2026-03
KO2608920,0,0.522204233498547,1,Robot Vacuum,cod,1,2026-03
KO2608918,0,0.02736352162749783,0,Ceiling Fan,cod,0,2026-03
KO2608901,0,0.05564548373370953,0,Air Fryer,emi,0,2026-03
KO2608902,0,0.06487267848614046,0,Water Purifier,prepaid_upi,0,2026-03
KO2608903,0,0.10573206226688336,0,Robot Vacuum,prepaid_upi,0,2026-03
KO2608904,0,0.056843477697674394,0,Air Fryer,cod,0,2026-03
KO2608905,0,0.017771094260861525,0,Mixer Grinder,prepaid_upi,0,2026-03
KO2608906,0,0.043807744933270255,0,Mixer Grinder,prepaid_upi,0,2026-03
KO2608907,0,0.03270067106354189,0,Induction Cooktop,emi,0,2026-03
KO2608908,0,0.05663902976470035,1,Induction Cooktop,prepaid_card,0,2026-03
KO2608909,0,0.04685379505534949,0,Water Purifier,prepaid_card,0,2026-03
KO2608910,0,0.020223977768290984,0,Induction Cooktop,prepaid_upi,0,2026-03
KO2608911,0,0.027549719971047826,0,Room Heater,prepaid_card,0,2026-03
KO2608912,0,0.07408918824584572,0,Room Heater,emi,0,2026-03
KO2608913,1,0.13440540166014373,0,Ceiling Fan,cod,0,2026-03
KO2608914,0,0.2699858302574651,1,Robot Vacuum,cod,0,2026-03
KO2608915,0,0.1657126946532804,1,Induction Cooktop,cod,0,2026-03
KO2608916,0,0.032037390566379984,0,Induction Cooktop,prepaid_upi,0,2026-03
KO2608917,0,0.023689413404794617,0,Water Purifier,prepaid_upi,0,2026-03
KO2608919,0,0.009806740458330276,0,Ceiling Fan,prepaid_upi,0,2026-03
KO2608900,0,0.0168938573274529,0,Induction Cooktop,prepaid_upi,0,2026-03
KO2608940,0,0.060712223717620764,0,Room Heater,prepaid_upi,1,2026-03
KO2608942,0,0.11258905834842033,0,Room Heater,emi,1,2026-03
KO2608964,0,0.028866378397334858,0,Ceiling Fan,prepaid_card,0,2026-03
KO2608965,0,0.22596782483075278,0,Room Heater,prepaid_upi,2,2026-03
KO2608966,0,0.13714812328095746,1,Mixer Grinder,cod,0,2026-03
KO2608967,0,0.05748504164742468,0,Air Fryer,prepaid_card,0,2026-03
KO2608968,0,0.07117047969175937,0,Water Purifier,prepaid_upi,0,2026-03
KO2608969,0,0.2644496469533458,0,Mixer Grinder,prepaid_upi,4,2026-03
KO2608970,1,0.41269701530214586,1,Room Heater,cod,1,2026-03
KO2608971,0,0.029519240468032615,0,Mixer Grinder,prepaid_upi,0,2026-03
KO2608972,0,0.02047376904476077,0,Ceiling Fan,prepaid_card,0,2026-03
KO2608973,0,0.04279223368362985,0,Mixer Grinder,prepaid_upi,0,2026-03
KO2608974,1,0.052484335978522735,0,Air Fryer,prepaid_upi,0,2026-03
KO2608975,0,0.05582115699787672,0,Air Fryer,prepaid_upi,0,2026-03
KO2608976,0,0.09579365093048886,1,Ceiling Fan,prepaid_card,0,2026-03
KO2608977,0,0.013704796681781898,0,Induction Cooktop,prepaid_upi,0,2026-03
KO2608978,0,0.042270625001955046,0,Robot Vacuum,prepaid_card,0,2026-03
KO2608979,0,0.17845229991784128,0,Robot Vacuum,cod,0,2026-03
KO2608980,0,0.1085731727522691,0,Water Purifier,prepaid_upi,1,2026-03
KO2608963,0,0.025074604380680977,0,Mixer Grinder,prepaid_upi,0,2026-03
KO2608941,0,0.04148840279670471,0,Induction Cooktop,prepaid_card,0,2026-03
KO2608962,1,0.08681678329303245,1,Ceiling Fan,prepaid_card,0,2026-03
KO2608960,0,0.010964966108954255,0,Mixer Grinder,prepaid_upi,0,2026-03
KO2608943,0,0.017954527970116128,0,Induction Cooktop,prepaid_upi,0,2026-03
KO2608944,0,0.042605462720868785,0,Water Purifier,emi,0,2026-03
KO2608945,0,0.0347145069376343,0,Induction Cooktop,emi,0,2026-03
KO2608947,0,0.11398701854919079,0,Robot Vacuum,prepaid_card,0,2026-03
KO2608946,0,0.06772284909434106,0,Robot Vacuum,cod,0,2026-03
KO2608948,0,0.0687936695292644,1,Mixer Grinder,cod,0,2026-03
KO2608949,0,0.12241547265168572,1,Mixer Grinder,cod,0,2026-03
KO2608950,0,0.08426622111290888,0,Air Fryer,cod,0,2026-03
KO2608951,0,0.025032626394958915,0,Mixer Grinder,prepaid_card,0,2026-03
KO2608952,0,0.24338994523090204,1,Air Fryer,cod,0,2026-03
KO2608953,0,0.047485141866406934,0,Induction Cooktop,prepaid_upi,0,2026-03
KO2608954,0,0.054634584792225,0,Robot Vacuum,emi,0,2026-03
KO2608955,0,0.3482808587108149,0,Robot Vacuum,cod,0,2026-03
KO2608956,0,0.1472080789281636,1,Water Purifier,prepaid_upi,0,2026-03
KO2608957,0,0.14353464776845398,0,Robot Vacuum,cod,0,2026-03
KO2608958,0,0.1225883119432694,0,Room Heater,emi,0,2026-03
KO2608959,0,0.01663059840070437,0,Mixer Grinder,prepaid_upi,0,2026-03
KO2608961,0,0.037325151312038264,0,Water Purifier,prepaid_card,0,2026-03
KO2608899,0,0.10406173915101168,0,Mixer Grinder,cod,0,2026-03
KO2608898,0,0.0908395121845767,0,Air Fryer,prepaid_card,0,2026-03
KO2608897,0,0.024006414770063936,0,Ceiling Fan,prepaid_card,0,2026-03
KO2608837,0,0.07624166170108213,0,Mixer Grinder,prepaid_card,0,2026-03
KO2608838,0,0.02110813742961066,0,Ceiling Fan,prepaid_card,0,2026-03
KO2608839,0,0.08052846283158592,0,Water Purifier,prepaid_upi,0,2026-03
KO2608840,0,0.07811170587292188,0,Ceiling Fan,cod,0,2026-03
KO2608841,0,0.09228770149844703,0,Robot Vacuum,cod,0,2026-03
KO2608842,0,0.01287204938972098,0,Mixer Grinder,prepaid_upi,0,2026-03
KO2608843,0,0.07775112736065318,0,Robot Vacuum,prepaid_card,0,2026-03
KO2608844,0,0.048600612245344434,0,Robot Vacuum,emi,0,2026-03
KO2608845,1,0.4997588727309146,0,Robot Vacuum,cod,1,2026-03
KO2608846,0,0.12619998817732495,0,Robot Vacuum,prepaid_upi,0,2026-03
KO2608847,0,0.027038236807255648,0,Ceiling Fan,prepaid_upi,0,2026-03
KO2608848,0,0.012863019935868561,0,Induction Cooktop,emi,0,2026-03
KO2608849,0,0.09590910205984483,0,Induction Cooktop,cod,0,2026-03
KO2608850,0,0.14420923026024798,0,Room Heater,cod,0,2026-03
KO2608851,0,0.05802463548484773,1,Induction Cooktop,prepaid_card,0,2026-03
KO2608852,0,0.022096396451401844,0,Ceiling Fan,emi,0,2026-03
KO2608853,0,0.03361516472807402,0,Mixer Grinder,cod,0,2026-03
KO2608836,0,0.04940522132944597,0,Water Purifier,emi,0,2026-03
KO2608854,0,0.09621240467871622,0,Ceiling Fan,cod,1,2026-03
KO2608835,0,0.04570736258501036,1,Ceiling Fan,emi,0,2026-03
KO2608833,0,0.1441517281210752,0,Ceiling Fan,cod,1,2026-03
KO2608816,0,0.11906507120240441,1,Mixer Grinder,prepaid_upi,0,2026-03
KO2608817,0,0.0566837619751891,0,Robot Vacuum,emi,0,2026-03
KO2608818,0,0.024313741870880368,0,Air Fryer,prepaid_upi,0,2026-03
KO2608819,1,0.07568612225205874,0,Mixer Grinder,emi,1,2026-03
KO2608820,0,0.020911573442571205,0,Ceiling Fan,prepaid_upi,0,2026-03
KO2608821,1,0.28271963716793813,0,Robot Vacuum,cod,0,2026-03
KO2608822,1,0.20645839911803687,0,Robot Vacuum,emi,2,2026-03
KO2608823,0,0.11209707078034394,0,Water Purifier,cod,0,2026-03
KO2608824,0,0.07255084456767252,0,Robot Vacuum,prepaid_upi,0,2026-03
KO2608825,0,0.026179999238203636,0,Room Heater,emi,0,2026-03
KO2608826,0,0.051967967311395864,1,Mixer Grinder,prepaid_card,0,2026-03
KO2608827,0,0.10282131848077156,1,Room Heater,cod,0,2026-03
KO2608828,0,0.05493929589411204,0,Air Fryer,prepaid_card,0,2026-03
KO2608829,0,0.11412286208113771,1,Air Fryer,prepaid_upi,0,2026-03
KO2608830,0,0.052571294834748906,0,Room Heater,prepaid_upi,1,2026-03
KO2608831,0,0.07156030122825757,0,Water Purifier,prepaid_upi,0,2026-03
KO2608832,0,0.022376950771080192,0,Room Heater,emi,0,2026-03
KO2608834,0,0.03581054276889992,0,Mixer Grinder,prepaid_card,0,2026-03
KO2608855,0,0.09202720688675703,0,Mixer Grinder,cod,0,2026-03
KO2608856,0,0.04757327919399027,0,Robot Vacuum,prepaid_upi,0,2026-03
KO2608857,0,0.0994695488807881,1,Mixer Grinder,prepaid_card,0,2026-03
KO2608880,0,0.04933043545548383,1,Induction Cooktop,prepaid_card,0,2026-03
KO2608881,0,0.021986808683187496,0,Induction Cooktop,prepaid_card,0,2026-03
KO2608882,1,0.8728645325776054,1,Air Fryer,cod,3,2026-03
KO2608883,0,0.13710017818872594,1,Robot Vacuum,emi,0,2026-03
KO2608884,0,0.040014709580935504,0,Mixer Grinder,prepaid_upi,0,2026-03
KO2608885,0,0.014325322798762448,0,Induction Cooktop,prepaid_upi,0,2026-03
KO2608886,0,0.11335793488621111,0,Ceiling Fan,cod,0,2026-03
KO2608887,0,0.019511166941051643,0,Mixer Grinder,prepaid_upi,0,2026-03
KO2608888,0,0.05789690817763457,0,Robot Vacuum,prepaid_upi,0,2026-03
KO2608889,0,0.07824327464590661,0,Robot Vacuum,prepaid_upi,1,2026-03
KO2608890,0,0.16311008278859723,1,Robot Vacuum,prepaid_upi,0,2026-03
KO2608891,0,0.1409424467557955,0,Air Fryer,cod,0,2026-03
KO2608892,0,0.10572107851277679,0,Air Fryer,cod,0,2026-03
KO2608893,0,0.01871608457759261,0,Ceiling Fan,prepaid_upi,0,2026-03
KO2608894,1,0.5243904559731811,1,Induction Cooktop,cod,2,2026-03
KO2608895,0,0.07485076520654019,1,Ceiling Fan,prepaid_upi,0,2026-03
KO2608896,0,0.09796199608292278,1,Mixer Grinder,prepaid_card,0,2026-03
KO2608879,0,0.05046710695576218,0,Water Purifier,prepaid_card,0,2026-03
KO2608878,0,0.10231554079819137,0,Room Heater,cod,0,2026-03
KO2608877,0,0.05681394171907093,0,Air Fryer,prepaid_card,0,2026-03
KO2608876,0,0.3606797498242913,0,Water Purifier,prepaid_upi,2,2026-03
KO2608858,0,0.1928590019959831,0,Robot Vacuum,prepaid_upi,1,2026-03
KO2608859,0,0.021047598336958188,0,Room Heater,emi,0,2026-03
KO2608860,0,0.053982095337552605,0,Induction Cooktop,prepaid_upi,0,2026-03
KO2608861,0,0.01385244071070015,0,Mixer Grinder,prepaid_upi,0,2026-03
KO2608862,0,0.16740226478604497,0,Mixer Grinder,cod,0,2026-03
KO2608863,0,0.06257622331382462,0,Water Purifier,prepaid_upi,0,2026-03
KO2608864,0,0.07743251006866231,0,Ceiling Fan,cod,0,2026-03
KO2608865,0,0.19613614171005295,1,Room Heater,prepaid_card,0,2026-03
KO2608981,1,0.5413532541913777,0,Air Fryer,prepaid_card,2,2026-03
KO2608866,0,0.16207310664426683,1,Robot Vacuum,prepaid_card,0,2026-03
KO2608868,0,0.13777526661670897,0,Mixer Grinder,cod,0,2026-03
KO2608869,0,0.09892263908873451,0,Water Purifier,prepaid_card,1,2026-03
KO2608870,0,0.08578120433670026,0,Air Fryer,prepaid_card,0,2026-03
KO2608871,1,0.3651356076922597,1,Robot Vacuum,cod,0,2026-03
KO2608872,0,0.03260257458089907,0,Mixer Grinder,prepaid_upi,0,2026-03
KO2608873,0,0.05665577800598059,0,Air Fryer,prepaid_card,0,2026-03
KO2608874,0,0.41428255210078974,1,Water Purifier,cod,0,2026-03
KO2608875,0,0.06000921590075548,1,Mixer Grinder,prepaid_card,0,2026-03
KO2608867,0,0.011517443745048999,0,Ceiling Fan,prepaid_upi,0,2026-03
KO2608815,0,0.014567649872612285,0,Ceiling Fan,prepaid_card,0,2026-03
KO2608982,0,0.019694832218736077,0,Mixer Grinder,prepaid_card,0,2026-03
KO2608984,0,0.014125172642391976,0,Induction Cooktop,prepaid_card,0,2026-03
KO2609070,0,0.03598801136989446,0,Ceiling Fan,prepaid_upi,0,2026-03
KO2609071,0,0.049174973659098634,0,Mixer Grinder,cod,0,2026-03
KO2609072,0,0.043075653806301975,0,Robot Vacuum,prepaid_upi,0,2026-03
KO2609073,0,0.10479927279249679,1,Ceiling Fan,prepaid_upi,1,2026-03
KO2609074,0,0.021648734063046935,0,Mixer Grinder,prepaid_card,0,2026-03
KO2609075,0,0.07616307835866086,0,Water Purifier,prepaid_card,0,2026-03
KO2609076,0,0.11915630086710545,1,Water Purifier,prepaid_card,0,2026-03
KO2609077,1,0.9430158451218184,1,Air Fryer,cod,3,2026-03
KO2609078,0,0.10348714454482326,0,Room Heater,prepaid_card,0,2026-03
KO2609079,0,0.0837562160959503,0,Water Purifier,cod,0,2026-03
KO2609080,1,0.16205251072402999,1,Room Heater,cod,0,2026-03
KO2609081,0,0.036979266596148946,0,Induction Cooktop,prepaid_upi,0,2026-03
KO2609082,0,0.03109842116133534,0,Air Fryer,prepaid_upi,0,2026-03
KO2609069,0,0.06911303062330824,0,Robot Vacuum,prepaid_upi,0,2026-03
KO2609068,0,0.6338624073773143,1,Air Fryer,cod,0,2026-03
KO2609067,0,0.027267033034297887,0,Water Purifier,prepaid_upi,0,2026-03
KO2609066,0,0.15130918421518863,1,Water Purifier,prepaid_card,0,2026-03
KO2609006,1,0.15982713623202457,1,Air Fryer,prepaid_card,0,2026-03
KO2609007,0,0.04593107918394351,0,Room Heater,emi,0,2026-03
KO2609008,0,0.03384879636466429,0,Ceiling Fan,prepaid_upi,1,2026-03
KO2609009,0,0.09020205309391503,1,Induction Cooktop,prepaid_upi,0,2026-03
KO2609010,0,0.15981313598538055,0,Robot Vacuum,emi,1,2026-03
KO2609011,0,0.049200311767676794,0,Induction Cooktop,prepaid_card,0,2026-03
KO2609012,0,0.03091809097318668,0,Robot Vacuum,prepaid_card,0,2026-03
KO2609013,0,0.0740069712316614,0,Water Purifier,prepaid_card,0,2026-03
KO2609014,0,0.006348287124938322,0,Ceiling Fan,prepaid_card,0,2026-03
KO2609015,0,0.10880328783400592,0,Air Fryer,cod,0,2026-03
KO2609016,0,0.3435086139593293,1,Water Purifier,cod,0,2026-03
KO2609017,0,0.06905284683851594,1,Ceiling Fan,prepaid_upi,0,2026-03
KO2609018,0,0.06463040252556229,0,Room Heater,prepaid_upi,0,2026-03
KO2609019,0,0.08299446271229347,0,Air Fryer,prepaid_card,0,2026-03
KO2609020,0,0.5281625047650051,0,Robot Vacuum,cod,1,2026-03
KO2609021,1,0.6293527667659728,1,Ceiling Fan,cod,2,2026-03
KO2609022,0,0.014525283945185208,0,Ceiling Fan,prepaid_card,0,2026-03
KO2609005,0,0.13946530874492857,0,Mixer Grinder,prepaid_upi,1,2026-03
KO2609023,0,0.03684683768255305,0,Robot Vacuum,prepaid_upi,0,2026-03
KO2609004,0,0.2527984194425606,0,Air Fryer,cod,0,2026-03
KO2609002,1,0.1492043890935035,0,Mixer Grinder,cod,1,2026-03
KO2608985,0,0.18102334381329938,1,Room Heater,emi,0,2026-03
KO2608986,0,0.19722855515388635,0,Room Heater,emi,0,2026-03
KO2608987,0,0.061184407557406985,0,Robot Vacuum,prepaid_upi,0,2026-03
KO2608988,0,0.02776190235748937,0,Air Fryer,prepaid_card,0,2026-03
KO2608989,0,0.04772240508917119,1,Ceiling Fan,prepaid_upi,0,2026-03
KO2608990,0,0.1171470905186477,1,Water Purifier,prepaid_upi,0,2026-03
KO2608991,1,0.03780773910645845,0,Mixer Grinder,prepaid_upi,0,2026-03
KO2608992,1,0.19030420757940125,1,Water Purifier,cod,0,2026-03
KO2608993,0,0.024267370603251927,0,Ceiling Fan,prepaid_upi,0,2026-03
KO2608994,0,0.034251946001134057,0,Ceiling Fan,cod,0,2026-03
KO2608995,0,0.07629590522809067,1,Room Heater,prepaid_card,0,2026-03
KO2608996,0,0.10475640716299472,0,Water Purifier,cod,0,2026-03
KO2608997,1,0.0645120871061952,0,Mixer Grinder,cod,0,2026-03
KO2608998,0,0.05649802822799153,0,Air Fryer,prepaid_card,0,2026-03
KO2608999,0,0.011155219882790116,0,Induction Cooktop,prepaid_upi,0,2026-03
KO2609000,0,0.06056954346758392,1,Air Fryer,prepaid_upi,0,2026-03
KO2609001,0,0.09775572628786648,0,Room Heater,cod,0,2026-03
KO2609003,0,0.04642712240781522,0,Room Heater,emi,0,2026-03
KO2609024,0,0.08407766260112376,0,Robot Vacuum,prepaid_upi,0,2026-03
KO2609025,0,0.07027302161235537,0,Mixer Grinder,cod,0,2026-03
KO2609026,0,0.2208277487634852,0,Room Heater,cod,1,2026-03
KO2609049,0,0.020719737839859097,0,Water Purifier,prepaid_upi,0,2026-03
KO2609050,0,0.01973681364833794,0,Ceiling Fan,prepaid_upi,0,2026-03
KO2609051,0,0.0671670480903562,1,Room Heater,prepaid_card,0,2026-03
KO2609052,0,0.02848412291044302,0,Induction Cooktop,cod,0,2026-03
KO2609053,1,0.09976348430653595,1,Room Heater,emi,0,2026-03
KO2609054,1,0.44483348269017003,1,Robot Vacuum,cod,0,2026-03
KO2609055,0,0.10467019452721588,0,Air Fryer,prepaid_upi,0,2026-03
KO2609056,0,0.20889328291054782,0,Robot Vacuum,cod,0,2026-03
KO2609057,1,0.1009411933839969,0,Robot Vacuum,prepaid_upi,0,2026-03
KO2609058,0,0.047880734917687566,0,Ceiling Fan,cod,0,2026-03
KO2609059,0,0.23741107481201398,1,Robot Vacuum,emi,0,2026-03
KO2609060,0,0.09435565650271478,1,Room Heater,emi,1,2026-03
KO2609061,0,0.015620900948677567,0,Ceiling Fan,emi,0,2026-03
KO2609062,0,0.06349870186469171,0,Air Fryer,emi,0,2026-03
KO2609063,0,0.04846521721895501,1,Induction Cooktop,prepaid_card,0,2026-03
KO2609064,0,0.04282625238620843,0,Induction Cooktop,cod,0,2026-03
KO2609065,1,0.03778098868444596,0,Mixer Grinder,prepaid_upi,0,2026-03
KO2609048,0,0.09323055436042339,1,Mixer Grinder,prepaid_card,0,2026-03
KO2609047,0,0.08089062119993058,0,Air Fryer,prepaid_card,0,2026-03
KO2609046,0,0.16930491443848433,0,Air Fryer,cod,0,2026-03
KO2609045,0,0.050334587981859434,0,Water Purifier,cod,0,2026-03
KO2609027,0,0.07580472777228957,1,Air Fryer,prepaid_card,0,2026-03
KO2609028,0,0.0489898165318482,0,Room Heater,cod,0,2026-03
KO2609029,0,0.05124484863809413,0,Ceiling Fan,cod,0,2026-03
KO2609030,1,0.43014552983274307,1,Room Heater,cod,0,2026-03
KO2609031,0,0.04256233600688304,0,Room Heater,prepaid_upi,0,2026-03
KO2609032,0,0.027759437921524594,0,Ceiling Fan,prepaid_upi,0,2026-03
KO2609033,0,0.03857027610733133,0,Room Heater,prepaid_card,0,2026-03
KO2609034,0,0.08984218231854968,0,Mixer Grinder,cod,0,2026-03
KO2608983,0,0.10805352691709638,1,Ceiling Fan,prepaid_upi,0,2026-03
KO2609035,0,0.02714469423432085,0,Ceiling Fan,prepaid_card,0,2026-03
KO2609037,0,0.2210215005800511,0,Water Purifier,prepaid_card,0,2026-03
KO2609038,0,0.022863747981141967,0,Mixer Grinder,prepaid_upi,0,2026-03
KO2609039,0,0.39418621511654744,1,Robot Vacuum,cod,0,2026-03
KO2609040,0,0.15691657229246292,0,Room Heater,cod,0,2026-03
KO2609041,1,0.021294885034323828,0,Water Purifier,prepaid_upi,0,2026-03
KO2609042,0,0.05794474268589262,0,Mixer Grinder,emi,0,2026-03
KO2609043,0,0.020384456510208496,0,Induction Cooktop,prepaid_upi,0,2026-03
KO2609044,0,0.010462655105749069,0,Ceiling Fan,prepaid_upi,0,2026-03
KO2609036,0,0.04494062813479374,0,Room Heater,prepaid_upi,0,2026-03
KO2608476,0,0.1634440937048619,0,Room Heater,prepaid_upi,1,2026-03
KO2608814,0,0.022657281622998324,0,Air Fryer,prepaid_card,0,2026-03
KO2608812,0,0.09561337934674825,0,Induction Cooktop,prepaid_upi,2,2026-03
KO2608584,0,0.07135671581143758,0,Ceiling Fan,cod,0,2026-03
KO2608585,0,0.043701580286693395,0,Water Purifier,prepaid_upi,0,2026-03
KO2608586,0,0.0736939026112269,0,Ceiling Fan,prepaid_card,0,2026-03
KO2608587,0,0.22774837319007216,1,Robot Vacuum,emi,0,2026-03
KO2608588,0,0.15299554456183778,0,Robot Vacuum,emi,0,2026-03
KO2608589,0,0.019357109698085864,0,Ceiling Fan,prepaid_card,0,2026-03
KO2608590,0,0.06379201123681974,0,Induction Cooktop,cod,0,2026-03
KO2608591,0,0.0869030579577009,0,Robot Vacuum,prepaid_upi,0,2026-03
KO2608592,0,0.012643610384214918,0,Ceiling Fan,prepaid_upi,0,2026-03
KO2608593,0,0.05031784534350145,1,Ceiling Fan,emi,0,2026-03
KO2608594,0,0.17149707776785728,0,Robot Vacuum,emi,0,2026-03
KO2608595,0,0.05925336329304072,0,Ceiling Fan,cod,0,2026-03
KO2608596,0,0.0677353471985471,0,Room Heater,cod,0,2026-03
KO2608597,0,0.034950092656609,0,Mixer Grinder,emi,0,2026-03
KO2608598,0,0.06855835784909375,0,Room Heater,prepaid_card,0,2026-03
KO2608599,0,0.020549805011593005,0,Induction Cooktop,prepaid_upi,0,2026-03
KO2608600,0,0.05436013593704933,0,Room Heater,prepaid_card,0,2026-03
KO2608583,0,0.06280176751948541,1,Mixer Grinder,prepaid_card,0,2026-03
KO2608601,0,0.02806017602678569,0,Induction Cooktop,prepaid_card,0,2026-03
KO2608582,0,0.1231480037453947,0,Robot Vacuum,prepaid_upi,0,2026-03
KO2608580,1,0.1795704029845583,1,Room Heater,prepaid_card,0,2026-03
KO2608563,0,0.06264135687028824,0,Air Fryer,prepaid_upi,0,2026-03
KO2608564,0,0.15425209279910929,0,Ceiling Fan,prepaid_upi,1,2026-03
KO2608565,0,0.03396010813616482,0,Room Heater,prepaid_upi,0,2026-03
KO2608566,0,0.11925785696628148,0,Water Purifier,cod,0,2026-03
KO2608567,1,0.13351323725476616,1,Room Heater,prepaid_card,0,2026-03
KO2608568,1,0.08377505584408813,0,Air Fryer,emi,0,2026-03
KO2608569,0,0.08682120834383347,1,Room Heater,prepaid_card,0,2026-03
KO2608570,0,0.06993804180642221,1,Mixer Grinder,prepaid_upi,0,2026-03
KO2608571,0,0.027589475825077068,0,Air Fryer,prepaid_card,0,2026-03
KO2608572,0,0.05393502040002494,1,Mixer Grinder,prepaid_card,0,2026-03
KO2608573,0,0.040063002130945755,1,Room Heater,prepaid_upi,0,2026-03
KO2608574,1,0.4529539566422567,1,Room Heater,cod,0,2026-03
KO2608575,0,0.1761695606128309,0,Robot Vacuum,cod,0,2026-03
KO2608576,0,0.06728732342780075,0,Air Fryer,prepaid_card,0,2026-03
KO2608577,0,0.14956511865824185,0,Robot Vacuum,cod,0,2026-03
KO2608578,0,0.011310457383689992,0,Ceiling Fan,emi,0,2026-03
KO2608579,0,0.1463141349783145,0,Robot Vacuum,prepaid_card,0,2026-03
KO2608581,0,0.07620607513254046,0,Air Fryer,cod,0,2026-03
KO2608562,0,0.09945602020834225,0,Room Heater,cod,0,2026-03
KO2608602,0,0.020492488485719707,0,Induction Cooktop,emi,0,2026-03
KO2608604,0,0.2585311473788026,0,Ceiling Fan,cod,2,2026-03
KO2608626,0,0.06404374465596264,0,Induction Cooktop,prepaid_card,0,2026-03
KO2608627,0,0.0883821471387111,0,Robot Vacuum,prepaid_upi,0,2026-03
KO2608628,0,0.061483353319686226,0,Room Heater,prepaid_card,0,2026-03
KO2608629,1,0.4179785402191842,0,Robot Vacuum,prepaid_upi,2,2026-03
KO2608630,0,0.03918446643471121,0,Mixer Grinder,prepaid_upi,0,2026-03
KO2608631,0,0.19325856804191952,1,Robot Vacuum,prepaid_upi,0,2026-03
KO2608632,0,0.11775399949247306,0,Air Fryer,cod,0,2026-03
KO2608633,0,0.26008122613011786,1,Water Purifier,prepaid_card,1,2026-03
KO2608634,0,0.1625594084234471,1,Mixer Grinder,cod,0,2026-03
KO2608635,0,0.03489757877343514,0,Induction Cooktop,prepaid_card,0,2026-03
KO2608636,0,0.31779695104288486,0,Room Heater,cod,0,2026-03
KO2608637,0,0.03463280169014949,0,Ceiling Fan,prepaid_upi,0,2026-03
KO2608638,0,0.12554961154554947,0,Robot Vacuum,prepaid_upi,0,2026-03
KO2608639,0,0.019278088147942195,0,Ceiling Fan,prepaid_upi,0,2026-03
KO2608640,0,0.10806097013429433,0,Mixer Grinder,cod,0,2026-03
KO2608641,1,0.03396010813616482,0,Room Heater,prepaid_upi,0,2026-03
KO2608642,0,0.06704512043194295,0,Induction Cooktop,cod,0,2026-03
KO2608625,0,0.011819442836621308,0,Mixer Grinder,prepaid_card,0,2026-03
KO2608603,1,0.65944226310907,1,Room Heater,prepaid_upi,2,2026-03
KO2608624,0,0.07047458644080556,0,Mixer Grinder,cod,0,2026-03
KO2608622,0,0.5223069810809812,1,Robot Vacuum,cod,0,2026-03
KO2608605,0,0.07572968228980043,1,Ceiling Fan,prepaid_card,0,2026-03
KO2608606,0,0.20389138967314277,1,Robot Vacuum,prepaid_upi,0,2026-03
KO2608607,0,0.0852862815893978,0,Robot Vacuum,prepaid_card,0,2026-03
KO2608608,0,0.06302769477889017,1,Ceiling Fan,prepaid_upi,0,2026-03
KO2608609,0,0.048810824288360095,0,Mixer Grinder,prepaid_upi,0,2026-03
KO2608610,0,0.09334782887886466,0,Water Purifier,prepaid_upi,1,2026-03
KO2608611,0,0.039855310778954045,0,Air Fryer,prepaid_upi,0,2026-03
KO2608612,0,0.03361368588144711,0,Ceiling Fan,prepaid_upi,0,2026-03
KO2608613,0,0.06176207078812129,0,Ceiling Fan,cod,0,2026-03
KO2608614,0,0.09150419022632612,0,Mixer Grinder,cod,0,2026-03
KO2608615,0,0.03867980060005974,0,Mixer Grinder,prepaid_upi,1,2026-03
KO2608616,0,0.23193029870562928,1,Water Purifier,prepaid_upi,1,2026-03
KO2608617,0,0.020146016746630135,0,Ceiling Fan,emi,0,2026-03
KO2608618,0,0.054731315175311136,0,Room Heater,cod,0,2026-03
KO2608619,0,0.04111185192570388,0,Room Heater,prepaid_card,0,2026-03
KO2608620,0,0.05923092927479423,0,Robot Vacuum,prepaid_card,0,2026-03
KO2608621,0,0.09768029795687869,0,Ceiling Fan,cod,0,2026-03
KO2608623,0,0.13542477968442315,0,Ceiling Fan,cod,0,2026-03
KO2608561,0,0.021484164135576005,0,Ceiling Fan,emi,0,2026-03
KO2608560,0,0.25290450203283693,0,Room Heater,cod,0,2026-03
KO2608559,0,0.2059863039170941,1,Room Heater,cod,0,2026-03
KO2608499,0,0.4290474446136701,1,Water Purifier,cod,0,2026-03
KO2608500,0,0.2568174953065735,1,Water Purifier,prepaid_card,0,2026-03
KO2608501,0,0.04395428637702956,0,Robot Vacuum,prepaid_card,0,2026-03
KO2608502,0,0.09813702516562109,0,Robot Vacuum,prepaid_upi,0,2026-03
KO2608503,0,0.12863925830161094,0,Water Purifier,prepaid_card,0,2026-03
KO2608504,1,0.0937170040324858,0,Robot Vacuum,cod,0,2026-03
KO2608505,1,0.2909130526499153,1,Mixer Grinder,cod,0,2026-03
KO2608506,0,0.014481158740134819,0,Induction Cooktop,prepaid_card,0,2026-03
KO2608507,0,0.22024745645406937,1,Room Heater,cod,0,2026-03
KO2608508,0,0.08303022876140059,0,Induction Cooktop,prepaid_card,0,2026-03
KO2608509,1,0.07887929224279447,0,Room Heater,cod,0,2026-03
KO2608510,0,0.10499937616011171,1,Ceiling Fan,cod,0,2026-03
KO2608511,0,0.06343990608213902,0,Induction Cooktop,cod,0,2026-03
KO2608512,0,0.051736203492938115,0,Room Heater,prepaid_card,0,2026-03
KO2608514,1,0.35053622998252293,1,Room Heater,cod,0,2026-03
KO2608513,0,0.12200340397302847,0,Air Fryer,cod,0,2026-03
KO2608515,1,0.027379780079938104,0,Room Heater,prepaid_upi,0,2026-03
KO2608498,0,0.06994203322318476,1,Ceiling Fan,prepaid_upi,0,2026-03
KO2608516,0,0.028214000317434214,0,Air Fryer,prepaid_upi,0,2026-03
KO2608497,0,0.09478621766825308,0,Mixer Grinder,cod,0,2026-03
KO2608495,0,0.035790841128853564,0,Ceiling Fan,prepaid_card,0,2026-03
KO2608478,0,0.04013508624726095,0,Air Fryer,prepaid_card,0,2026-03
KO2608479,0,0.04971167209492009,0,Water Purifier,prepaid_card,0,2026-03
KO2608480,0,0.023701700709348215,0,Water Purifier,prepaid_upi,0,2026-03
KO2608481,0,0.014960500982018881,0,Ceiling Fan,emi,0,2026-03
KO2608482,1,0.4884211419448058,1,Robot Vacuum,cod,0,2026-03
KO2608483,0,0.23084457467808572,0,Air Fryer,cod,0,2026-03
KO2608484,0,0.01664663883809848,0,Induction Cooktop,emi,0,2026-03
KO2608485,0,0.03241110049289499,1,Mixer Grinder,prepaid_upi,0,2026-03
KO2608486,0,0.07584947323540812,0,Room Heater,prepaid_upi,0,2026-03
KO2608487,1,0.20388011037155956,1,Air Fryer,emi,0,2026-03
KO2608488,0,0.05042962156898175,0,Mixer Grinder,prepaid_card,0,2026-03
KO2608489,0,0.07512532691286945,0,Robot Vacuum,prepaid_card,0,2026-03
KO2608490,0,0.03117553162546936,0,Room Heater,prepaid_card,0,2026-03
KO2608491,0,0.04811707538694265,0,Ceiling Fan,emi,0,2026-03
KO2608492,0,0.07031507731338853,0,Air Fryer,emi,0,2026-03
KO2608493,0,0.052255348135925826,1,Ceiling Fan,prepaid_card,0,2026-03
KO2608494,0,0.04012603173115476,0,Ceiling Fan,emi,0,2026-03
KO2608496,1,0.35226220564975674,1,Water Purifier,cod,0,2026-03
KO2608517,0,0.06361240248250631,0,Room Heater,prepaid_upi,1,2026-03
KO2608518,0,0.0872578936482881,0,Robot Vacuum,prepaid_card,0,2026-03
KO2608519,0,0.01624955327137347,0,Water Purifier,prepaid_upi,0,2026-03
KO2608542,0,0.288948494863661,0,Induction Cooktop,cod,1,2026-03
KO2608543,0,0.01592629575986843,0,Mixer Grinder,emi,0,2026-03
KO2608544,0,0.09400543815557405,0,Room Heater,prepaid_card,0,2026-03
KO2608545,0,0.04622955608512673,0,Room Heater,prepaid_upi,0,2026-03
KO2608546,0,0.14197539166684187,1,Water Purifier,prepaid_upi,0,2026-03
KO2608547,0,0.148078146620958,0,Air Fryer,prepaid_card,0,2026-03
KO2608548,0,0.0654976820443423,1,Mixer Grinder,prepaid_card,0,2026-03
KO2608549,0,0.054460261065312855,0,Water Purifier,prepaid_upi,0,2026-03
KO2608550,0,0.09301812982068117,0,Air Fryer,prepaid_upi,1,2026-03
KO2608551,0,0.02975019933325425,0,Induction Cooktop,prepaid_upi,0,2026-03
KO2608552,1,0.3279471086146494,0,Ceiling Fan,cod,2,2026-03
KO2608553,0,0.022698579966449597,0,Room Heater,prepaid_upi,0,2026-03
KO2608554,0,0.04355955159644238,0,Air Fryer,cod,0,2026-03
KO2608555,0,0.04297806255973357,0,Room Heater,emi,0,2026-03
KO2608556,0,0.019060849424795356,0,Ceiling Fan,prepaid_upi,0,2026-03
KO2608557,1,0.13306419460757601,0,Room Heater,cod,0,2026-03
KO2608558,0,0.049174973659098634,0,Mixer Grinder,cod,0,2026-03
KO2608541,0,0.10550736539652068,1,Mixer Grinder,prepaid_card,1,2026-03
KO2608540,0,0.02463834777556004,0,Mixer Grinder,cod,0,2026-03
KO2608539,0,0.07611190961185244,1,Air Fryer,prepaid_card,0,2026-03
KO2608538,0,0.07992835996789457,0,Water Purifier,cod,0,2026-03
KO2608520,0,0.11214036335135161,1,Water Purifier,prepaid_card,0,2026-03
KO2608521,0,0.019084971184092126,0,Induction Cooktop,prepaid_upi,0,2026-03
KO2608522,0,0.012653072668024122,0,Ceiling Fan,prepaid_upi,0,2026-03
KO2608523,0,0.048406985135925014,0,Water Purifier,prepaid_card,0,2026-03
KO2608524,1,0.05152069426420445,0,Water Purifier,prepaid_upi,0,2026-03
KO2608525,0,0.06290550586889021,0,Air Fryer,prepaid_upi,0,2026-03
KO2608526,0,0.06086061575973387,0,Water Purifier,prepaid_upi,0,2026-03
KO2608527,0,0.04009235344992098,0,Water Purifier,prepaid_card,0,2026-03
KO2608643,0,0.1199474983760333,0,Mixer Grinder,cod,0,2026-03
KO2608528,0,0.013534145628165122,0,Ceiling Fan,prepaid_card,0,2026-03
KO2608530,0,0.11255195860003121,0,Mixer Grinder,cod,1,2026-03
KO2608531,1,0.8017404573113879,1,Air Fryer,emi,3,2026-03
KO2608532,0,0.010278772833862868,0,Mixer Grinder,prepaid_card,0,2026-03
KO2608533,0,0.07428916020963618,0,Air Fryer,prepaid_upi,0,2026-03
KO2608534,0,0.1873016334346568,1,Room Heater,prepaid_upi,0,2026-03
KO2608535,0,0.17439306086030787,1,Air Fryer,cod,0,2026-03
KO2608536,0,0.11254761542228923,0,Mixer Grinder,emi,1,2026-03
KO2608537,0,0.04280366923985464,0,Induction Cooktop,prepaid_card,0,2026-03
KO2608529,1,0.18583826172149645,1,Room Heater,prepaid_upi,1,2026-03
KO2608813,0,0.019021122875390283,0,Mixer Grinder,prepaid_upi,0,2026-03
KO2608644,0,0.24765841960696044,0,Robot Vacuum,prepaid_card,0,2026-03
KO2608646,0,0.14616229508965,1,Mixer Grinder,cod,0,2026-03
KO2608753,0,0.27217526345915755,1,Robot Vacuum,emi,0,2026-03
KO2608754,0,0.06337741841164898,0,Mixer Grinder,prepaid_upi,1,2026-03
KO2608755,0,0.19529080359654405,0,Air Fryer,cod,0,2026-03
KO2608756,0,0.04746660143349142,1,Ceiling Fan,prepaid_upi,0,2026-03
KO2608757,1,0.1846695295630067,1,Air Fryer,cod,0,2026-03
KO2608758,0,0.04363552936159002,0,Room Heater,prepaid_card,0,2026-03
KO2608759,0,0.0974529204744024,0,Water Purifier,emi,0,2026-03
KO2608760,0,0.09016431872470156,0,Air Fryer,prepaid_card,0,2026-03
KO2608761,0,0.03244644314238747,0,Induction Cooktop,emi,0,2026-03
KO2608762,0,0.34458386230758525,0,Water Purifier,cod,1,2026-03
KO2608763,0,0.07738371114126326,0,Ceiling Fan,prepaid_card,0,2026-03
KO2608764,0,0.0639715423220289,0,Mixer Grinder,cod,0,2026-03
KO2608765,0,0.023220008359042428,0,Mixer Grinder,emi,0,2026-03
KO2608766,0,0.06793740196786462,0,Water Purifier,prepaid_card,0,2026-03
KO2608767,0,0.05364113263835052,0,Water Purifier,emi,0,2026-03
KO2608768,0,0.10916886158810207,0,Room Heater,cod,0,2026-03
KO2608769,0,0.09019310467840205,0,Induction Cooktop,cod,0,2026-03
KO2608752,1,0.1779378827700505,1,Room Heater,prepaid_upi,0,2026-03
KO2608770,1,0.043144129248185156,0,Robot Vacuum,prepaid_upi,0,2026-03
KO2608751,1,0.7437716279528264,1,Air Fryer,cod,1,2026-03
KO2608749,0,0.052606827565337105,0,Mixer Grinder,cod,0,2026-03
KO2608732,0,0.0723180495868554,0,Air Fryer,cod,0,2026-03
KO2608733,1,0.20209639997144638,1,Water Purifier,prepaid_upi,0,2026-03
KO2608734,0,0.02209996625040497,0,Mixer Grinder,emi,0,2026-03
KO2608735,0,0.03552258302460744,0,Ceiling Fan,emi,0,2026-03
KO2608736,0,0.02345929654271453,0,Mixer Grinder,emi,0,2026-03
KO2608737,0,0.07084460781215199,0,Room Heater,cod,0,2026-03
KO2608738,0,0.06411349263292655,1,Ceiling Fan,prepaid_upi,0,2026-03
KO2608739,0,0.16927991810935106,0,Robot Vacuum,cod,0,2026-03
KO2608740,1,0.10815478280349389,0,Water Purifier,prepaid_upi,0,2026-03
KO2608741,1,0.41988233095773353,0,Water Purifier,cod,0,2026-03
KO2608742,0,0.03709767637436848,0,Induction Cooktop,prepaid_upi,0,2026-03
KO2608743,0,0.050361190474822626,0,Induction Cooktop,emi,0,2026-03
KO2608744,0,0.13036632790958197,1,Robot Vacuum,prepaid_upi,0,2026-03
KO2608745,0,0.07587764138384465,0,Ceiling Fan,prepaid_card,1,2026-03
KO2608746,0,0.10803067131878162,1,Air Fryer,prepaid_upi,0,2026-03
KO2608747,0,0.00998084055268591,0,Mixer Grinder,prepaid_upi,0,2026-03
KO2608748,0,0.2850171412944061,1,Air Fryer,cod,0,2026-03
KO2608750,0,0.12443378390912484,1,Induction Cooktop,prepaid_upi,0,2026-03
KO2608731,0,0.016123675812946252,0,Ceiling Fan,emi,0,2026-03
KO2608771,0,0.21848514333926247,1,Mixer Grinder,prepaid_card,0,2026-03
KO2608773,0,0.07719484300866125,0,Robot Vacuum,prepaid_upi,0,2026-03
KO2608795,0,0.05976260397862036,0,Induction Cooktop,cod,0,2026-03
KO2608796,0,0.0907626262971573,0,Robot Vacuum,prepaid_card,1,2026-03
KO2608797,0,0.014815402449560837,0,Ceiling Fan,prepaid_upi,0,2026-03
KO2608798,1,0.4263796177205552,0,Air Fryer,cod,0,2026-03
KO2608799,0,0.021333508964851006,0,Room Heater,prepaid_card,0,2026-03
KO2608800,0,0.014495577809721124,0,Air Fryer,prepaid_upi,0,2026-03
KO2608801,0,0.28679823356088086,0,Robot Vacuum,cod,0,2026-03
KO2608802,0,0.313783365039684,1,Robot Vacuum,cod,0,2026-03
KO2608803,1,0.1368374573413024,0,Water Purifier,cod,0,2026-03
KO2608804,1,0.06394520471922223,0,Induction Cooktop,cod,0,2026-03
KO2608805,0,0.10890948305476965,0,Room Heater,emi,0,2026-03
KO2608806,0,0.14407238007400724,0,Induction Cooktop,cod,0,2026-03
KO2608807,0,0.11354043677915192,1,Mixer Grinder,cod,0,2026-03
KO2608808,0,0.03922162668686956,0,Robot Vacuum,prepaid_upi,0,2026-03
KO2608809,0,0.05176324457165605,0,Room Heater,cod,0,2026-03
KO2608810,1,0.559587374307875,1,Mixer Grinder,prepaid_upi,0,2026-03
KO2608811,0,0.23074670303389838,1,Room Heater,prepaid_card,0,2026-03
KO2608794,0,0.057532846626389966,0,Induction Cooktop,cod,0,2026-03
KO2608772,0,0.024670460796444745,0,Room Heater,prepaid_upi,0,2026-03
KO2608793,0,0.1875699996144847,1,Air Fryer,emi,0,2026-03
KO2608791,0,0.024054955796381478,0,Ceiling Fan,prepaid_upi,0,2026-03
KO2608774,0,0.11665540744304914,0,Room Heater,cod,0,2026-03
KO2608775,0,0.06341273377156134,0,Water Purifier,prepaid_card,0,2026-03
KO2608776,0,0.08801760936137198,0,Induction Cooktop,cod,0,2026-03
KO2608777,0,0.07494516662901743,1,Ceiling Fan,prepaid_card,0,2026-03
KO2608778,0,0.029195215088816076,0,Room Heater,prepaid_upi,0,2026-03
KO2608779,0,0.1693377422081722,0,Robot Vacuum,emi,0,2026-03
KO2608780,0,0.21840422976622736,1,Room Heater,cod,0,2026-03
KO2608781,0,0.03229565116552704,0,Air Fryer,emi,0,2026-03
KO2608782,0,0.04403649092565606,0,Induction Cooktop,prepaid_upi,0,2026-03
KO2608783,0,0.0297460502415552,0,Induction Cooktop,emi,0,2026-03
KO2608784,0,0.17820906886203644,0,Robot Vacuum,cod,0,2026-03
KO2608785,1,0.25433548232274716,0,Water Purifier,cod,0,2026-03
KO2608786,1,0.3212419264838902,0,Robot Vacuum,cod,0,2026-03
KO2608787,1,0.35185392787730635,0,Air Fryer,cod,1,2026-03
KO2608788,0,0.015277183882012942,0,Ceiling Fan,prepaid_upi,0,2026-03
KO2608789,0,0.07239111705477357,0,Induction Cooktop,cod,0,2026-03
KO2608790,0,0.014519979311368277,0,Induction Cooktop,prepaid_card,0,2026-03
KO2608792,0,0.0861837879480064,0,Robot Vacuum,prepaid_upi,0,2026-03
KO2608730,0,0.1950536557885318,1,Mixer Grinder,cod,0,2026-03
KO2608729,0,0.060709013926522316,0,Robot Vacuum,prepaid_upi,0,2026-03
KO2608728,0,0.05528634931617912,1,Mixer Grinder,prepaid_card,0,2026-03
KO2608668,1,0.13400356370613076,0,Induction Cooktop,cod,0,2026-03
KO2608669,0,0.06304085497726931,0,Mixer Grinder,cod,0,2026-03
KO2608670,0,0.2755427114732154,1,Robot Vacuum,emi,0,2026-03
KO2608671,1,0.1703048415045931,0,Water Purifier,cod,0,2026-03
KO2608672,1,0.34384646393683843,0,Air Fryer,cod,1,2026-03
KO2608673,0,0.42543538908986467,0,Robot Vacuum,cod,1,2026-03
KO2608674,0,0.025904851274128872,0,Mixer Grinder,prepaid_card,0,2026-03
KO2608675,0,0.01336170293846262,0,Mixer Grinder,prepaid_upi,0,2026-03
KO2608676,0,0.0887827511172428,0,Ceiling Fan,cod,0,2026-03
KO2608677,0,0.06327981144244696,0,Ceiling Fan,cod,1,2026-03
KO2608678,0,0.11604768657298588,0,Room Heater,cod,0,2026-03
KO2608679,1,0.09081293577305419,0,Room Heater,cod,0,2026-03
KO2608680,0,0.03128303222525,0,Ceiling Fan,cod,0,2026-03
KO2608681,0,0.3847636175477099,0,Ceiling Fan,prepaid_upi,2,2026-03
KO2608682,0,0.037194838252623263,0,Induction Cooktop,prepaid_upi,0,2026-03
KO2608683,0,0.033147305118478215,0,Ceiling Fan,emi,0,2026-03
KO2608684,1,0.238655248689492,1,Water Purifier,cod,0,2026-03
KO2608667,0,0.18230544169713697,1,Air Fryer,prepaid_upi,0,2026-03
KO2608685,0,0.014239734470855433,0,Mixer Grinder,prepaid_upi,0,2026-03
KO2608666,0,0.029708377210574528,1,Induction Cooktop,emi,0,2026-03
KO2608664,0,0.2268548452668556,1,Room Heater,prepaid_card,0,2026-03
KO2608647,0,0.25934290476046257,1,Air Fryer,prepaid_upi,1,2026-03
KO2608648,0,0.041437102189611545,0,Room Heater,prepaid_upi,0,2026-03
KO2608649,0,0.26802152698453774,1,Ceiling Fan,cod,0,2026-03
KO2608650,0,0.029272099636336063,0,Ceiling Fan,cod,0,2026-03
KO2608651,1,0.4615190784445086,0,Water Purifier,cod,1,2026-03
KO2608652,0,0.11459585129008049,0,Water Purifier,prepaid_upi,1,2026-03
KO2608653,0,0.12788749528556664,1,Ceiling Fan,prepaid_upi,1,2026-03
KO2608654,0,0.03261384160695279,0,Air Fryer,emi,0,2026-03
KO2608655,0,0.12579613589796496,0,Mixer Grinder,prepaid_upi,1,2026-03
KO2608656,1,0.22135477421459887,0,Water Purifier,prepaid_card,1,2026-03
KO2608657,0,0.22360913445805275,1,Air Fryer,prepaid_upi,0,2026-03
KO2608658,1,0.013306884432729498,0,Ceiling Fan,emi,0,2026-03
KO2608659,0,0.022911312601499482,0,Ceiling Fan,prepaid_upi,0,2026-03
KO2608660,0,0.04920053187004109,0,Room Heater,prepaid_upi,0,2026-03
KO2608661,1,0.05141535620410637,0,Mixer Grinder,prepaid_card,0,2026-03
KO2608662,0,0.17820906886203644,0,Robot Vacuum,cod,0,2026-03
KO2608663,0,0.03035828089039523,0,Mixer Grinder,prepaid_upi,0,2026-03
KO2608665,0,0.09413321928362267,0,Ceiling Fan,emi,1,2026-03
KO2608686,0,0.1563069498382891,0,Room Heater,cod,0,2026-03
KO2608687,0,0.03301455442526761,0,Ceiling Fan,prepaid_upi,0,2026-03
KO2608688,0,0.05150772704004716,0,Air Fryer,prepaid_card,0,2026-03
KO2608711,0,0.05576470122969527,0,Ceiling Fan,prepaid_upi,0,2026-03
KO2608712,0,0.041445888338360895,0,Water Purifier,prepaid_card,0,2026-03
KO2608713,0,0.056074739285257746,0,Water Purifier,prepaid_upi,0,2026-03
KO2608714,0,0.067798789368027,0,Water Purifier,prepaid_card,0,2026-03
KO2608715,0,0.016718578053987777,0,Mixer Grinder,prepaid_card,0,2026-03
KO2608716,0,0.0937270807880886,0,Water Purifier,prepaid_upi,0,2026-03
KO2608717,0,0.024747438967645058,0,Room Heater,prepaid_upi,0,2026-03
KO2608718,1,0.1745806018248901,1,Mixer Grinder,cod,0,2026-03
KO2608719,0,0.4835726503707022,1,Robot Vacuum,prepaid_card,1,2026-03
KO2608720,0,0.30837582650678774,1,Ceiling Fan,cod,0,2026-03
KO2608721,0,0.06033239348051852,0,Mixer Grinder,cod,0,2026-03
KO2608722,0,0.12117655131163071,1,Induction Cooktop,emi,0,2026-03
KO2608723,0,0.036149661249045575,0,Air Fryer,prepaid_upi,0,2026-03
KO2608724,0,0.04928845076964991,0,Mixer Grinder,cod,0,2026-03
KO2608725,0,0.6052353375769042,1,Water Purifier,cod,1,2026-03
KO2608726,0,0.020535372295533243,0,Room Heater,prepaid_upi,0,2026-03
KO2608727,0,0.0215084077089643,0,Mixer Grinder,prepaid_card,0,2026-03
KO2608710,0,0.5099478485686887,1,Robot Vacuum,prepaid_upi,0,2026-03
KO2608709,0,0.21844137296510815,0,Robot Vacuum,emi,1,2026-03
KO2608708,0,0.01236699994324722,0,Induction Cooktop,prepaid_card,0,2026-03
KO2608707,1,0.40171571121195454,0,Room Heater,cod,1,2026-03
KO2608689,0,0.09801441839503294,0,Air Fryer,emi,0,2026-03
KO2608690,1,0.14643811432166315,0,Mixer Grinder,cod,0,2026-03
KO2608691,0,0.09077859984099489,0,Air Fryer,cod,0,2026-03
KO2608692,0,0.08187056799185558,0,Air Fryer,cod,0,2026-03
KO2608693,0,0.03826522317574452,0,Induction Cooktop,emi,0,2026-03
KO2608694,0,0.06044013276551393,0,Mixer Grinder,cod,0,2026-03
KO2608695,0,0.0234326257582468,0,Induction Cooktop,prepaid_card,0,2026-03
KO2608696,0,0.024154055485551114,0,Water Purifier,prepaid_upi,0,2026-03
KO2608645,0,0.027015183956042396,0,Mixer Grinder,prepaid_card,0,2026-03
KO2608697,0,0.05773924460579558,1,Induction Cooktop,prepaid_upi,0,2026-03
KO2608699,0,0.06908441956834471,1,Room Heater,prepaid_upi,0,2026-03
KO2608700,0,0.012818511141890325,0,Mixer Grinder,prepaid_upi,0,2026-03
KO2608701,0,0.2876114712592721,1,Air Fryer,cod,0,2026-03
KO2608702,1,0.022489353982777193,0,Induction Cooktop,prepaid_card,0,2026-03
KO2608703,0,0.03422169062551716,0,Water Purifier,prepaid_upi,0,2026-03
KO2608704,0,0.015725657805755227,0,Ceiling Fan,prepaid_upi,0,2026-03
KO2608705,0,0.22630258110719303,0,Room Heater,cod,0,2026-03
KO2608706,0,0.12607584343274408,1,Ceiling Fan,cod,0,2026-03
KO2608698,0,0.10358735897496416,0,Ceiling Fan,cod,1,2026-03
KO2610502,0,0.14096156606612856,1,Water Purifier,prepaid_upi,0,2026-05
KO2609598,0,0.0453170744773418,0,Water Purifier,emi,0,2026-05
KO2609599,0,0.04271452424787471,1,Mixer Grinder,emi,0,2026-05
KO2609600,0,0.032396834707565166,0,Induction Cooktop,emi,0,2026-05
KO2609601,0,0.432317241838143,0,Robot Vacuum,cod,0,2026-05
KO2609602,0,0.06770460824065054,0,Robot Vacuum,prepaid_card,0,2026-05
KO2609603,0,0.07346976038651526,0,Induction Cooktop,prepaid_upi,0,2026-05
KO2609604,0,0.06137222929078102,1,Air Fryer,prepaid_upi,0,2026-05
KO2609605,0,0.026294031528028016,0,Induction Cooktop,prepaid_upi,0,2026-05
KO2609606,0,0.17595205487440274,0,Robot Vacuum,prepaid_upi,0,2026-05
KO2609607,0,0.03552459673122925,1,Induction Cooktop,prepaid_upi,0,2026-05
KO2609608,0,0.043319449027070224,0,Ceiling Fan,prepaid_upi,1,2026-05
KO2609609,0,0.030148536158442943,0,Air Fryer,prepaid_upi,0,2026-05
KO2609610,0,0.017098566366540724,0,Ceiling Fan,prepaid_card,0,2026-05
KO2609611,0,0.0538330234232687,0,Air Fryer,prepaid_upi,0,2026-05
KO2609612,0,0.0178990583634983,0,Induction Cooktop,prepaid_card,0,2026-05
KO2609613,0,0.0759604575330524,1,Induction Cooktop,cod,0,2026-05
KO2609614,0,0.10260467158783533,0,Induction Cooktop,cod,0,2026-05
KO2609597,0,0.08952937380365007,0,Air Fryer,prepaid_card,0,2026-05
KO2609615,0,0.04095841092606938,0,Ceiling Fan,prepaid_card,0,2026-05
KO2609596,1,0.4427564514691546,1,Ceiling Fan,prepaid_upi,2,2026-05
KO2609594,1,0.03238950548130832,0,Induction Cooktop,prepaid_card,0,2026-05
KO2609577,1,0.024309642485258826,0,Induction Cooktop,prepaid_upi,0,2026-05
KO2609578,0,0.038692879541412775,0,Air Fryer,prepaid_upi,0,2026-05
KO2609579,0,0.05689481457528317,1,Room Heater,prepaid_upi,0,2026-05
KO2609580,0,0.12459797078020399,1,Induction Cooktop,prepaid_card,0,2026-05
KO2609581,0,0.07760014594852062,0,Robot Vacuum,prepaid_card,0,2026-05
KO2609582,0,0.05719342605525964,0,Mixer Grinder,prepaid_card,1,2026-05
KO2609583,0,0.0362887654099684,0,Water Purifier,prepaid_upi,0,2026-05
KO2609584,0,0.017517823289894232,0,Induction Cooktop,prepaid_upi,0,2026-05
KO2609585,0,0.0308231150684254,0,Mixer Grinder,emi,0,2026-05
KO2609586,1,0.7298400000790086,0,Robot Vacuum,cod,2,2026-05
KO2609587,0,0.08738072174122802,0,Air Fryer,emi,0,2026-05
KO2609588,0,0.06210681187244721,0,Mixer Grinder,cod,0,2026-05
KO2609589,0,0.06422875321835991,0,Room Heater,prepaid_upi,0,2026-05
KO2609590,0,0.02150020292362969,0,Mixer Grinder,prepaid_upi,0,2026-05
KO2609591,0,0.17972127704645416,0,Robot Vacuum,cod,0,2026-05
KO2609592,0,0.17026849595477547,1,Air Fryer,prepaid_upi,0,2026-05
KO2609593,0,0.04437337948521252,0,Room Heater,prepaid_upi,0,2026-05
KO2609595,0,0.061830578162575076,0,Water Purifier,prepaid_upi,0,2026-05
KO2609576,0,0.015111589300205765,0,Ceiling Fan,prepaid_upi,0,2026-05
KO2609616,0,0.01621909786238524,0,Ceiling Fan,prepaid_upi,0,2026-05
KO2609618,0,0.009847251827767493,0,Mixer Grinder,emi,0,2026-05
KO2609640,0,0.08847934904235866,0,Robot Vacuum,prepaid_card,0,2026-05
KO2609641,0,0.10319038998822887,0,Mixer Grinder,prepaid_upi,1,2026-05
KO2609643,0,0.04038735177675333,0,Room Heater,prepaid_card,0,2026-05
KO2609642,0,0.17705279154638084,0,Robot Vacuum,prepaid_upi,0,2026-05
KO2609644,0,0.013788018575954238,0,Mixer Grinder,prepaid_upi,0,2026-05
KO2609645,0,0.43451662585964207,0,Robot Vacuum,cod,0,2026-05
KO2609646,0,0.08016725677144321,0,Ceiling Fan,cod,0,2026-05
KO2609647,0,0.05236573323978373,0,Induction Cooktop,cod,0,2026-05
KO2609648,0,0.041417188242629424,0,Induction Cooktop,prepaid_upi,0,2026-05
KO2609649,1,0.12104026398118133,0,Ceiling Fan,cod,0,2026-05
KO2609650,1,0.8760726268164292,0,Air Fryer,prepaid_upi,5,2026-05
KO2609651,0,0.05260602158876644,0,Water Purifier,prepaid_upi,0,2026-05
KO2609652,0,0.060341612583040743,1,Ceiling Fan,emi,0,2026-05
KO2609653,0,0.03683934409611395,0,Induction Cooktop,prepaid_card,0,2026-05
KO2609654,0,0.02480774772407332,0,Ceiling Fan,cod,0,2026-05
KO2609655,0,0.015039005951450485,0,Mixer Grinder,prepaid_upi,0,2026-05
KO2609656,0,0.20999119401475444,0,Air Fryer,cod,0,2026-05
KO2609639,0,0.01858300415609257,0,Ceiling Fan,cod,0,2026-05
KO2609617,0,0.058440468944305095,0,Robot Vacuum,prepaid_upi,0,2026-05
KO2609638,0,0.10498093031908752,0,Induction Cooktop,prepaid_card,0,2026-05
KO2609636,0,0.27704239618827603,1,Air Fryer,prepaid_upi,1,2026-05
KO2609619,0,0.16438463418354032,0,Robot Vacuum,prepaid_card,0,2026-05
KO2609620,0,0.013717455968395102,0,Ceiling Fan,prepaid_card,0,2026-05
KO2609621,0,0.05892492421525992,0,Robot Vacuum,prepaid_upi,0,2026-05
KO2609622,0,0.04956025259843032,1,Ceiling Fan,emi,0,2026-05
KO2609623,0,0.17536739023328787,0,Robot Vacuum,prepaid_upi,0,2026-05
KO2609624,0,0.04791236217544841,0,Water Purifier,prepaid_upi,0,2026-05
KO2609625,0,0.03939404933364876,0,Mixer Grinder,emi,0,2026-05
KO2609626,0,0.16117150305836797,0,Water Purifier,cod,0,2026-05
KO2609627,0,0.019059005179600904,0,Air Fryer,prepaid_card,0,2026-05
KO2609628,1,0.233332314620328,0,Water Purifier,cod,0,2026-05
KO2609629,0,0.14765019806642693,0,Room Heater,cod,0,2026-05
KO2609630,0,0.13744214634571447,1,Robot Vacuum,prepaid_upi,0,2026-05
KO2609631,0,0.06779216781913354,0,Room Heater,prepaid_upi,0,2026-05
KO2609632,0,0.03669322767995769,0,Room Heater,prepaid_upi,0,2026-05
KO2609633,0,0.15225067731034814,0,Room Heater,prepaid_upi,1,2026-05
KO2609634,0,0.05299969119162222,0,Robot Vacuum,prepaid_upi,0,2026-05
KO2609635,0,0.028826235369360808,0,Mixer Grinder,prepaid_card,0,2026-05
KO2609637,0,0.04475639476178337,0,Room Heater,emi,1,2026-05
KO2609575,0,0.14945067942590348,0,Air Fryer,cod,0,2026-05
KO2609574,0,0.030553167799432786,0,Ceiling Fan,emi,0,2026-05
KO2609573,1,0.1899508408065019,0,Robot Vacuum,cod,0,2026-05
KO2609513,0,0.02233276011930739,0,Induction Cooktop,prepaid_card,0,2026-05
KO2609514,0,0.03759416501442538,0,Mixer Grinder,prepaid_card,0,2026-05
KO2609515,0,0.0640358956890147,0,Water Purifier,prepaid_card,0,2026-05
KO2609516,0,0.04320482042188842,0,Induction Cooktop,emi,0,2026-05
KO2609517,0,0.0342046899674546,0,Water Purifier,prepaid_upi,0,2026-05
KO2609518,0,0.015515852794626429,0,Ceiling Fan,prepaid_upi,0,2026-05
KO2609519,0,0.22584574881125738,0,Water Purifier,cod,0,2026-05
KO2609520,0,0.06014281533574831,0,Air Fryer,prepaid_upi,0,2026-05
KO2609521,0,0.05830817183214535,0,Robot Vacuum,prepaid_card,0,2026-05
KO2609522,0,0.10595087364091263,0,Ceiling Fan,prepaid_card,1,2026-05
KO2609523,0,0.0175857666134272,0,Air Fryer,prepaid_upi,0,2026-05
KO2609524,0,0.19581031697007797,0,Room Heater,cod,1,2026-05
KO2609525,0,0.027405522313997396,0,Room Heater,prepaid_upi,0,2026-05
KO2609526,0,0.079822699917264,0,Room Heater,prepaid_card,0,2026-05
KO2609527,0,0.032006529978424944,0,Induction Cooktop,cod,0,2026-05
KO2609528,0,0.18798713268990974,0,Air Fryer,prepaid_upi,1,2026-05
KO2609529,0,0.20043714007408467,0,Water Purifier,cod,0,2026-05
KO2609512,0,0.05148091866854272,0,Water Purifier,prepaid_card,0,2026-05
KO2609530,0,0.04370110667857943,0,Room Heater,cod,0,2026-05
KO2609511,1,0.06532034872571306,1,Induction Cooktop,emi,0,2026-05
KO2609509,0,0.0869969864307916,0,Air Fryer,prepaid_upi,1,2026-05
KO2609492,0,0.08304491626663224,0,Robot Vacuum,prepaid_upi,0,2026-05
KO2609493,1,0.5177859713587657,1,Robot Vacuum,cod,0,2026-05
KO2609494,0,0.17946299629437423,0,Robot Vacuum,prepaid_upi,0,2026-05
KO2609495,0,0.12964586871653244,1,Water Purifier,prepaid_card,0,2026-05
KO2609496,0,0.07218147114326222,0,Mixer Grinder,cod,0,2026-05
KO2609497,0,0.03325447096946928,0,Room Heater,prepaid_card,0,2026-05
KO2609498,0,0.21575570678905792,0,Induction Cooktop,cod,2,2026-05
KO2609499,0,0.020311927132096706,0,Induction Cooktop,emi,0,2026-05
KO2609500,0,0.11241830845845083,0,Air Fryer,cod,0,2026-05
KO2609501,0,0.023437143960433046,0,Water Purifier,emi,0,2026-05
KO2609502,0,0.19836863874880406,0,Robot Vacuum,cod,0,2026-05
KO2609503,0,0.03209723872123745,0,Ceiling Fan,prepaid_upi,0,2026-05
KO2609504,0,0.01709534332667185,0,Ceiling Fan,prepaid_upi,0,2026-05
KO2609505,0,0.025980603800034315,0,Water Purifier,prepaid_upi,0,2026-05
KO2609506,0,0.04421365594446552,0,Air Fryer,prepaid_upi,0,2026-05
KO2609507,0,0.020716329801820636,0,Ceiling Fan,emi,0,2026-05
KO2609508,0,0.009408152887832023,0,Induction Cooktop,prepaid_upi,0,2026-05
KO2609510,1,0.1139343266736386,0,Room Heater,prepaid_upi,0,2026-05
KO2609531,0,0.04217373645601533,0,Room Heater,cod,0,2026-05
KO2609532,0,0.6739259039067348,0,Robot Vacuum,cod,2,2026-05
KO2609533,0,0.03831252351663234,0,Water Purifier,prepaid_upi,0,2026-05
KO2609556,0,0.030735049939202976,0,Mixer Grinder,prepaid_upi,0,2026-05
KO2609557,1,0.26702994734449725,1,Robot Vacuum,cod,0,2026-05
KO2609558,0,0.04624584355701677,0,Ceiling Fan,cod,0,2026-05
KO2609559,0,0.029556207515033427,0,Air Fryer,prepaid_upi,0,2026-05
KO2609560,0,0.14050892730127726,0,Induction Cooktop,cod,1,2026-05
KO2609561,0,0.03793924695730127,0,Air Fryer,prepaid_upi,0,2026-05
KO2609562,0,0.021530157652506644,0,Mixer Grinder,prepaid_upi,0,2026-05
KO2609563,0,0.16143686745933325,0,Mixer Grinder,prepaid_upi,2,2026-05
KO2609564,0,0.02710665373793498,0,Air Fryer,emi,0,2026-05
KO2609565,0,0.1249944858429788,0,Mixer Grinder,prepaid_upi,0,2026-05
KO2609566,1,0.19871947091785488,1,Air Fryer,cod,0,2026-05
KO2609567,0,0.011970670548735539,0,Ceiling Fan,prepaid_card,0,2026-05
KO2609568,0,0.19730931500221846,0,Robot Vacuum,emi,0,2026-05
KO2609569,0,0.29976483510614255,0,Robot Vacuum,cod,0,2026-05
KO2609570,0,0.06114086889968103,0,Induction Cooktop,prepaid_upi,0,2026-05
KO2609571,0,0.026541342710699037,0,Ceiling Fan,prepaid_upi,0,2026-05
KO2609572,0,0.13073118642444112,1,Air Fryer,prepaid_card,1,2026-05
KO2609555,0,0.028576554382215947,0,Mixer Grinder,prepaid_card,0,2026-05
KO2609554,1,0.09318388549675756,0,Ceiling Fan,cod,0,2026-05
KO2609553,0,0.12020598874087862,1,Ceiling Fan,cod,0,2026-05
KO2609552,0,0.016002127932781232,0,Ceiling Fan,emi,0,2026-05
KO2609534,0,0.030060534878153942,1,Ceiling Fan,emi,0,2026-05
KO2609535,0,0.06136032358755317,0,Ceiling Fan,cod,0,2026-05
KO2609536,0,0.05984488765688247,0,Ceiling Fan,cod,0,2026-05
KO2609537,0,0.2701410209858579,0,Room Heater,prepaid_upi,1,2026-05
KO2609538,0,0.054696082044243824,0,Room Heater,emi,0,2026-05
KO2609539,0,0.13152873833586004,0,Robot Vacuum,cod,0,2026-05
KO2609540,1,0.2994408094838183,1,Water Purifier,cod,0,2026-05
KO2609541,0,0.04830154586347061,0,Mixer Grinder,prepaid_card,0,2026-05
KO2609657,0,0.11588912463540564,0,Robot Vacuum,prepaid_card,0,2026-05
KO2609542,0,0.04660979545395636,0,Induction Cooktop,cod,0,2026-05
KO2609544,0,0.2862267793983207,0,Robot Vacuum,cod,0,2026-05
KO2609545,0,0.21629505153015852,0,Water Purifier,cod,1,2026-05
KO2609546,0,0.05978291353319247,0,Robot Vacuum,prepaid_upi,0,2026-05
KO2609547,0,0.037369183830591304,1,Induction Cooktop,prepaid_upi,0,2026-05
KO2609548,1,0.07312448372011021,0,Robot Vacuum,prepaid_upi,0,2026-05
KO2609549,0,0.4156654931362033,1,Room Heater,cod,1,2026-05
KO2609550,0,0.03231716030828234,0,Room Heater,prepaid_card,0,2026-05
KO2609551,0,0.10327253193107971,1,Induction Cooktop,prepaid_card,0,2026-05
KO2609543,0,0.011423897326275046,0,Ceiling Fan,prepaid_upi,0,2026-05
KO2609491,0,0.05987102986638136,0,Water Purifier,emi,0,2026-05
KO2609658,0,0.03329802319178798,0,Air Fryer,prepaid_card,0,2026-05
KO2609660,0,0.03300638720109658,0,Water Purifier,prepaid_card,0,2026-05
KO2609767,0,0.07365225781914793,0,Water Purifier,prepaid_upi,0,2026-05
KO2609768,0,0.04660830769910443,0,Air Fryer,prepaid_card,0,2026-05
KO2609769,0,0.04499657322819953,0,Ceiling Fan,prepaid_card,0,2026-05
KO2609770,0,0.040194222843859116,0,Robot Vacuum,prepaid_card,0,2026-05
KO2609771,0,0.13027145163924708,0,Air Fryer,prepaid_card,1,2026-05
KO2609772,0,0.01540071475265172,0,Mixer Grinder,prepaid_upi,0,2026-05
KO2609773,0,0.015598488738330514,0,Mixer Grinder,prepaid_card,0,2026-05
KO2609774,1,0.512387929692228,1,Room Heater,cod,0,2026-05
KO2609775,0,0.06075699119821373,0,Water Purifier,emi,0,2026-05
KO2609776,0,0.08363535419453638,0,Mixer Grinder,cod,0,2026-05
KO2609777,0,0.04416686172498654,0,Robot Vacuum,prepaid_card,0,2026-05
KO2609778,0,0.34836541185619396,0,Induction Cooktop,cod,2,2026-05
KO2609779,0,0.07227797983408593,0,Mixer Grinder,cod,0,2026-05
KO2609780,0,0.09719272582969628,1,Air Fryer,emi,0,2026-05
KO2609781,0,0.02907746997138414,0,Induction Cooktop,prepaid_upi,0,2026-05
KO2609782,0,0.014744824209274313,0,Induction Cooktop,prepaid_card,0,2026-05
KO2609783,0,0.035192010466211086,0,Air Fryer,prepaid_card,0,2026-05
KO2609766,0,0.36238039439642833,1,Water Purifier,cod,0,2026-05
KO2609784,0,0.28100276841613137,0,Water Purifier,emi,1,2026-05
KO2609765,0,0.04329836454302823,0,Air Fryer,prepaid_upi,0,2026-05
KO2609763,0,0.0323522734268772,0,Mixer Grinder,prepaid_upi,0,2026-05
KO2609746,0,0.10377372987057355,0,Air Fryer,emi,0,2026-05
KO2609747,0,0.04576118378073727,0,Water Purifier,prepaid_card,0,2026-05
KO2609748,0,0.026856269439517935,0,Mixer Grinder,emi,0,2026-05
KO2609749,0,0.04921711454147231,0,Room Heater,prepaid_card,0,2026-05
KO2609750,0,0.11064481549646382,0,Mixer Grinder,prepaid_upi,1,2026-05
KO2609751,0,0.044877286834496856,0,Air Fryer,prepaid_upi,0,2026-05
KO2609752,0,0.09752323755016377,0,Water Purifier,emi,1,2026-05
KO2609753,0,0.03210467882130459,0,Ceiling Fan,emi,0,2026-05
KO2609754,0,0.07906198221499172,0,Room Heater,prepaid_upi,0,2026-05
KO2609755,0,0.06146612165605092,1,Room Heater,prepaid_card,0,2026-05
KO2609756,0,0.10209128432130092,1,Mixer Grinder,cod,0,2026-05
KO2609757,1,0.0830257438420241,0,Water Purifier,prepaid_card,0,2026-05
KO2609758,0,0.3069630153790792,0,Air Fryer,cod,2,2026-05
KO2609759,0,0.035198149123303546,0,Ceiling Fan,prepaid_upi,1,2026-05
KO2609760,0,0.027480313696615927,0,Water Purifier,prepaid_upi,0,2026-05
KO2609761,0,0.022071543803203364,0,Mixer Grinder,prepaid_upi,0,2026-05
KO2609762,0,0.35256473053575627,0,Air Fryer,cod,0,2026-05
KO2609764,0,0.11473098416985872,0,Room Heater,cod,0,2026-05
KO2609745,0,0.09244243787862563,0,Ceiling Fan,cod,0,2026-05
KO2609785,0,0.02699726508227178,0,Water Purifier,prepaid_upi,0,2026-05
KO2609787,0,0.02520466007030863,0,Mixer Grinder,prepaid_card,0,2026-05
KO2609809,0,0.038633759993022126,0,Air Fryer,prepaid_upi,0,2026-05
KO2609810,0,0.056459776516446666,1,Water Purifier,emi,0,2026-05
KO2609811,0,0.04128477049716669,0,Ceiling Fan,cod,0,2026-05
KO2609812,0,0.059088266265376624,0,Water Purifier,prepaid_card,0,2026-05
KO2609813,0,0.05515264382424984,0,Induction Cooktop,cod,0,2026-05
KO2609814,0,0.03268050701321877,0,Induction Cooktop,cod,0,2026-05
KO2609815,0,0.06929211944967742,0,Water Purifier,emi,0,2026-05
KO2609816,0,0.05183035192521662,0,Induction Cooktop,prepaid_upi,0,2026-05
KO2609817,0,0.030946092101272412,0,Water Purifier,prepaid_upi,0,2026-05
KO2609818,1,0.05172980309428503,0,Water Purifier,prepaid_card,0,2026-05
KO2609819,0,0.10603356189260772,0,Air Fryer,prepaid_upi,0,2026-05
KO2609820,0,0.11638398359087344,0,Robot Vacuum,prepaid_card,0,2026-05
KO2609821,1,0.1325491557185536,0,Water Purifier,prepaid_upi,0,2026-05
KO2609822,0,0.07489735031357266,0,Air Fryer,prepaid_upi,0,2026-05
KO2609823,0,0.02169011083625038,0,Ceiling Fan,prepaid_upi,0,2026-05
KO2609824,0,0.13982616086181715,1,Ceiling Fan,cod,0,2026-05
KO2609825,0,0.04493627416819093,0,Room Heater,emi,0,2026-05
KO2609808,1,0.0581066178594539,1,Ceiling Fan,prepaid_card,0,2026-05
KO2609786,0,0.04473106422959284,0,Ceiling Fan,emi,0,2026-05
KO2609807,0,0.06308370068966059,1,Room Heater,prepaid_upi,0,2026-05
KO2609805,0,0.08393263407436079,1,Water Purifier,prepaid_upi,0,2026-05
KO2609788,0,0.12444482710905916,0,Room Heater,cod,0,2026-05
KO2609789,1,0.0710775795582245,0,Mixer Grinder,cod,0,2026-05
KO2609790,0,0.029682473361743348,0,Mixer Grinder,emi,1,2026-05
KO2609791,0,0.12522382892564501,0,Mixer Grinder,prepaid_card,1,2026-05
KO2609792,0,0.10961244762190195,0,Induction Cooktop,cod,0,2026-05
KO2609793,0,0.10118186530198853,0,Robot Vacuum,prepaid_upi,0,2026-05
KO2609794,1,0.06499579788775328,0,Induction Cooktop,prepaid_card,0,2026-05
KO2609795,0,0.010525669378041433,0,Mixer Grinder,prepaid_upi,0,2026-05
KO2609796,0,0.10431387165674677,1,Ceiling Fan,cod,0,2026-05
KO2609797,1,0.18502901801420737,1,Water Purifier,prepaid_card,0,2026-05
KO2609798,1,0.43565396339098206,1,Water Purifier,cod,1,2026-05
KO2609799,0,0.08251675526470206,1,Mixer Grinder,prepaid_upi,0,2026-05
KO2609800,0,0.10516315420741215,0,Induction Cooktop,prepaid_card,1,2026-05
KO2609801,1,0.16546119757768438,1,Air Fryer,prepaid_card,0,2026-05
KO2609802,0,0.0452342003040122,0,Mixer Grinder,emi,0,2026-05
KO2609803,0,0.11389503314288606,0,Water Purifier,prepaid_upi,1,2026-05
KO2609804,1,0.41155080476175354,0,Room Heater,cod,0,2026-05
KO2609806,0,0.2199300017490142,0,Room Heater,cod,0,2026-05
KO2609744,0,0.036702817791732484,0,Air Fryer,prepaid_card,0,2026-05
KO2609743,0,0.19569143051460441,1,Air Fryer,cod,0,2026-05
KO2609742,0,0.02792452700253986,0,Room Heater,prepaid_upi,0,2026-05
KO2609682,0,0.02557017979688283,0,Air Fryer,prepaid_card,0,2026-05
KO2609683,0,0.02708502822008957,0,Mixer Grinder,prepaid_upi,0,2026-05
KO2609684,0,0.04784688972604356,1,Induction Cooktop,prepaid_upi,0,2026-05
KO2609685,0,0.05581446728394184,0,Ceiling Fan,cod,0,2026-05
KO2609686,0,0.1367285329670806,0,Robot Vacuum,cod,0,2026-05
KO2609687,0,0.01739795494011955,0,Ceiling Fan,prepaid_upi,0,2026-05
KO2609688,1,0.6221650809285686,1,Room Heater,cod,1,2026-05
KO2609689,0,0.17331235804075573,1,Robot Vacuum,prepaid_upi,0,2026-05
KO2609690,0,0.027998570717977882,0,Ceiling Fan,prepaid_upi,0,2026-05
KO2609691,0,0.08307965981174248,0,Robot Vacuum,prepaid_card,0,2026-05
KO2609692,0,0.08553284639241536,0,Water Purifier,prepaid_upi,0,2026-05
KO2609693,0,0.031905095013147027,1,Ceiling Fan,emi,0,2026-05
KO2609694,0,0.22285508008185487,1,Induction Cooktop,cod,1,2026-05
KO2609695,0,0.15471499385733134,0,Room Heater,cod,0,2026-05
KO2609696,0,0.11840958451693216,1,Water Purifier,prepaid_card,0,2026-05
KO2609697,1,0.11200553517324167,0,Robot Vacuum,emi,0,2026-05
KO2609698,0,0.02494292940986487,0,Ceiling Fan,prepaid_upi,0,2026-05
KO2609681,0,0.057613220770453714,0,Room Heater,prepaid_card,0,2026-05
KO2609699,1,0.15569958109623622,0,Water Purifier,cod,0,2026-05
KO2609680,0,0.1302219644513108,0,Room Heater,prepaid_upi,0,2026-05
KO2609678,0,0.08982694646051458,0,Air Fryer,prepaid_card,0,2026-05
KO2609661,0,0.05405522429751631,0,Mixer Grinder,prepaid_upi,0,2026-05
KO2609662,0,0.1593321630187481,0,Mixer Grinder,cod,1,2026-05
KO2609663,0,0.08725415344524404,1,Water Purifier,prepaid_upi,0,2026-05
KO2609664,1,0.9741514296195394,1,Induction Cooktop,prepaid_card,6,2026-05
KO2609665,0,0.5448415247609122,0,Robot Vacuum,prepaid_upi,2,2026-05
KO2609666,0,0.04034187135133642,0,Air Fryer,prepaid_upi,0,2026-05
KO2609667,0,0.13391257327577527,0,Air Fryer,cod,0,2026-05
KO2609668,0,0.10240658429617819,0,Air Fryer,cod,0,2026-05
KO2609669,0,0.016096947466687456,0,Ceiling Fan,prepaid_upi,0,2026-05
KO2609670,0,0.06843211793482494,0,Air Fryer,prepaid_upi,0,2026-05
KO2609671,0,0.19624928684970358,1,Robot Vacuum,emi,0,2026-05
KO2609672,0,0.18426368694975717,0,Water Purifier,emi,1,2026-05
KO2609673,0,0.39081506162024715,0,Mixer Grinder,cod,2,2026-05
KO2609674,0,0.02977740136979901,0,Air Fryer,prepaid_upi,0,2026-05
KO2609675,0,0.0690492282327525,1,Mixer Grinder,prepaid_card,0,2026-05
KO2609676,0,0.08302755464891184,0,Induction Cooktop,prepaid_upi,0,2026-05
KO2609677,1,0.08053725720314348,0,Ceiling Fan,cod,0,2026-05
KO2609679,0,0.10193503047990635,1,Mixer Grinder,prepaid_upi,1,2026-05
KO2609700,0,0.09619010843105943,0,Robot Vacuum,emi,0,2026-05
KO2609701,0,0.178396653203092,0,Robot Vacuum,emi,0,2026-05
KO2609702,0,0.4407648924261159,0,Air Fryer,prepaid_card,3,2026-05
KO2609725,0,0.07783283947731563,0,Ceiling Fan,cod,0,2026-05
KO2609726,0,0.359445673245829,0,Robot Vacuum,cod,0,2026-05
KO2609727,1,0.45421445815566913,0,Robot Vacuum,cod,2,2026-05
KO2609728,0,0.03664968278135982,0,Room Heater,prepaid_upi,0,2026-05
KO2609729,0,0.12582517510478924,0,Air Fryer,cod,0,2026-05
KO2609730,0,0.010339443732991,0,Mixer Grinder,prepaid_card,0,2026-05
KO2609731,1,0.3551952585565125,1,Room Heater,prepaid_card,1,2026-05
KO2609732,0,0.20368899818008887,1,Ceiling Fan,emi,2,2026-05
KO2609733,0,0.03814562050699097,0,Ceiling Fan,prepaid_card,0,2026-05
KO2609734,0,0.15486818898030102,0,Robot Vacuum,cod,0,2026-05
KO2609735,0,0.03616704823246389,0,Induction Cooktop,emi,0,2026-05
KO2609736,0,0.023383487647045224,0,Mixer Grinder,prepaid_upi,0,2026-05
KO2609737,0,0.055749765338439415,0,Room Heater,prepaid_upi,0,2026-05
KO2609738,0,0.3291437856719313,1,Robot Vacuum,cod,0,2026-05
KO2609739,0,0.04158045998778694,1,Induction Cooktop,prepaid_upi,0,2026-05
KO2609740,1,0.8669598446263898,0,Induction Cooktop,cod,2,2026-05
KO2609741,0,0.01952051445637639,0,Air Fryer,prepaid_upi,0,2026-05
KO2609724,1,0.3565173036829235,0,Air Fryer,prepaid_card,2,2026-05
KO2609723,0,0.0413655841739608,1,Mixer Grinder,prepaid_card,0,2026-05
KO2609722,0,0.04169869559154176,0,Air Fryer,prepaid_upi,0,2026-05
KO2609721,0,0.052911374927305486,0,Ceiling Fan,cod,0,2026-05
KO2609703,0,0.283441543623914,0,Ceiling Fan,cod,2,2026-05
KO2609704,1,0.36931022004949376,0,Robot Vacuum,cod,0,2026-05
KO2609705,0,0.12578412346699588,0,Induction Cooktop,cod,0,2026-05
KO2609706,0,0.025783714908423645,0,Ceiling Fan,prepaid_card,0,2026-05
KO2609707,0,0.013605034932928712,0,Induction Cooktop,prepaid_card,0,2026-05
KO2609708,0,0.05019646373757198,0,Mixer Grinder,cod,0,2026-05
KO2609709,0,0.056477133928814885,0,Ceiling Fan,cod,0,2026-05
KO2609710,0,0.05740217710557007,0,Room Heater,prepaid_upi,0,2026-05
KO2609659,0,0.21261937669973724,0,Room Heater,prepaid_upi,1,2026-05
KO2609711,0,0.0725290421367567,0,Room Heater,prepaid_upi,0,2026-05
KO2609713,0,0.2269553266905903,1,Water Purifier,prepaid_card,0,2026-05
KO2609714,0,0.07498091291686992,0,Robot Vacuum,prepaid_upi,0,2026-05
KO2609715,0,0.04393610463372465,0,Room Heater,prepaid_upi,0,2026-05
KO2609716,0,0.016678907192939005,0,Mixer Grinder,emi,0,2026-05
KO2609717,1,0.11964743664965079,0,Room Heater,cod,0,2026-05
KO2609718,0,0.016687278663816252,0,Air Fryer,prepaid_upi,0,2026-05
KO2609719,0,0.029664023118295472,0,Mixer Grinder,cod,0,2026-05
KO2609720,0,0.0972702119690953,0,Robot Vacuum,prepaid_upi,0,2026-05
KO2609712,0,0.034931991217033484,0,Air Fryer,prepaid_upi,0,2026-05
KO2609826,0,0.04650626554883403,0,Ceiling Fan,cod,1,2026-05
KO2609490,0,0.01773190671984804,0,Ceiling Fan,prepaid_upi,0,2026-05
KO2609488,0,0.10308586680344078,1,Room Heater,emi,0,2026-05
KO2609260,0,0.13719085286262292,1,Mixer Grinder,prepaid_card,0,2026-05
KO2609261,0,0.022715332671381292,0,Mixer Grinder,prepaid_upi,0,2026-05
KO2609262,0,0.021969399556117982,0,Mixer Grinder,prepaid_card,0,2026-05
KO2609263,1,0.06533871018434041,0,Water Purifier,prepaid_upi,0,2026-05
KO2609264,0,0.05274083567744801,0,Induction Cooktop,cod,0,2026-05
KO2609265,0,0.0819633473823181,1,Ceiling Fan,prepaid_card,0,2026-05
KO2609266,0,0.013349701032236113,0,Induction Cooktop,prepaid_upi,0,2026-05
KO2609267,0,0.042743619508600714,0,Air Fryer,prepaid_card,0,2026-05
KO2609269,0,0.05071761351250452,0,Mixer Grinder,cod,0,2026-05
KO2609268,1,0.19428792368283918,1,Mixer Grinder,prepaid_upi,1,2026-05
KO2609270,0,0.024541485733857595,0,Room Heater,emi,0,2026-05
KO2609271,0,0.013160841730255632,0,Mixer Grinder,prepaid_upi,0,2026-05
KO2609272,0,0.015218287515632752,0,Induction Cooktop,prepaid_card,0,2026-05
KO2609273,0,0.09417012960126,0,Air Fryer,prepaid_upi,1,2026-05
KO2609274,0,0.06431972050537209,0,Water Purifier,prepaid_upi,0,2026-05
KO2609275,0,0.030511784504044098,1,Induction Cooktop,prepaid_upi,0,2026-05
KO2609276,1,0.39362312013283135,0,Robot Vacuum,cod,0,2026-05
KO2609259,0,0.09086770352058379,0,Robot Vacuum,prepaid_card,0,2026-05
KO2609277,0,0.20760786913959117,0,Robot Vacuum,cod,0,2026-05
KO2609258,0,0.01703816637886758,0,Induction Cooktop,prepaid_upi,0,2026-05
KO2609256,0,0.4360513700066864,1,Air Fryer,cod,0,2026-05
KO2609239,0,0.0453240418134714,0,Water Purifier,prepaid_card,0,2026-05
KO2609240,0,0.48612692828045734,1,Induction Cooktop,cod,1,2026-05
KO2609241,0,0.10894731412904854,1,Induction Cooktop,prepaid_upi,0,2026-05
KO2609242,0,0.08041689390401206,0,Water Purifier,cod,0,2026-05
KO2609243,1,0.12418082552244043,0,Robot Vacuum,prepaid_card,1,2026-05
KO2609244,0,0.04840643101188708,0,Air Fryer,emi,0,2026-05
KO2609245,1,0.21660305082636178,0,Induction Cooktop,emi,2,2026-05
KO2609246,1,0.14273820592402656,0,Room Heater,cod,0,2026-05
KO2609247,0,0.01419582485851597,0,Mixer Grinder,prepaid_card,0,2026-05
KO2609248,1,0.0928899682498416,0,Air Fryer,prepaid_upi,0,2026-05
KO2609249,0,0.1197549708491771,0,Robot Vacuum,cod,0,2026-05
KO2609250,0,0.1973907691829913,0,Water Purifier,prepaid_upi,1,2026-05
KO2609251,0,0.0375167946676671,0,Room Heater,prepaid_upi,0,2026-05
KO2609252,0,0.3149174978662659,1,Robot Vacuum,prepaid_card,0,2026-05
KO2609253,0,0.1435132211750698,0,Air Fryer,cod,1,2026-05
KO2609254,0,0.35737647097942143,1,Robot Vacuum,prepaid_upi,0,2026-05
KO2609255,0,0.20726670803789268,1,Air Fryer,cod,0,2026-05
KO2609257,1,0.31158369530387164,0,Induction Cooktop,emi,2,2026-05
KO2609238,0,0.19209130977928207,0,Robot Vacuum,cod,0,2026-05
KO2609278,0,0.02885710482370705,0,Induction Cooktop,prepaid_upi,0,2026-05
KO2609280,0,0.14986992208066854,1,Robot Vacuum,prepaid_card,0,2026-05
KO2609302,0,0.08514395876318946,0,Induction Cooktop,cod,0,2026-05
KO2609303,0,0.023223786215014922,0,Water Purifier,prepaid_upi,0,2026-05
KO2609304,0,0.04988065320208155,0,Water Purifier,prepaid_upi,0,2026-05
KO2609305,0,0.0638170476882786,1,Ceiling Fan,prepaid_card,0,2026-05
KO2609306,0,0.08836976273822365,1,Water Purifier,prepaid_upi,0,2026-05
KO2609307,0,0.05510447165289529,0,Ceiling Fan,prepaid_upi,0,2026-05
KO2609308,0,0.05189579356514067,0,Ceiling Fan,emi,0,2026-05
KO2609309,1,0.14903206306612157,0,Robot Vacuum,prepaid_card,0,2026-05
KO2609310,0,0.033696941621412735,0,Induction Cooktop,prepaid_card,0,2026-05
KO2609311,0,0.06024456342769134,0,Ceiling Fan,prepaid_upi,1,2026-05
KO2609312,0,0.06961282706744616,0,Air Fryer,cod,0,2026-05
KO2609313,0,0.07733504295667211,0,Robot Vacuum,emi,0,2026-05
KO2609314,0,0.040310800141589054,1,Ceiling Fan,prepaid_card,0,2026-05
KO2609315,0,0.07254353510180883,0,Robot Vacuum,emi,0,2026-05
KO2609316,0,0.05841776799039845,0,Induction Cooktop,prepaid_card,0,2026-05
KO2609317,0,0.14511548897792334,0,Room Heater,cod,0,2026-05
KO2609318,0,0.128091339150589,0,Room Heater,cod,0,2026-05
KO2609301,0,0.08622636514254417,0,Air Fryer,prepaid_upi,0,2026-05
KO2609279,0,0.0376789674364202,0,Water Purifier,emi,0,2026-05
KO2609300,0,0.1303723088455813,0,Air Fryer,cod,0,2026-05
KO2609298,0,0.3109947709871815,0,Robot Vacuum,prepaid_upi,1,2026-05
KO2609281,0,0.03641844320601761,0,Ceiling Fan,cod,0,2026-05
KO2609282,0,0.20761466554286243,0,Room Heater,cod,0,2026-05
KO2609283,0,0.07815749912164793,0,Water Purifier,prepaid_card,0,2026-05
KO2609284,0,0.11807203758232576,1,Mixer Grinder,cod,0,2026-05
KO2609285,0,0.08078709643080056,0,Room Heater,cod,0,2026-05
KO2609286,0,0.31827613878745675,1,Air Fryer,cod,0,2026-05
KO2609287,1,0.37133694752990737,1,Air Fryer,cod,0,2026-05
KO2609288,0,0.02353984818478101,0,Air Fryer,prepaid_upi,0,2026-05
KO2609289,0,0.08962495999303154,1,Water Purifier,prepaid_upi,0,2026-05
KO2609290,0,0.11196865173133778,1,Air Fryer,prepaid_upi,0,2026-05
KO2609291,0,0.2823178285509648,1,Water Purifier,cod,0,2026-05
KO2609292,0,0.05838991935606806,0,Robot Vacuum,emi,0,2026-05
KO2609293,0,0.07451844066808776,1,Ceiling Fan,cod,0,2026-05
KO2609294,0,0.09108861775373393,0,Robot Vacuum,prepaid_upi,0,2026-05
KO2609295,0,0.0782539844318077,0,Robot Vacuum,emi,0,2026-05
KO2609296,0,0.06567781447112836,0,Air Fryer,emi,0,2026-05
KO2609297,0,0.014350335031918031,0,Ceiling Fan,prepaid_upi,0,2026-05
KO2609299,0,0.023147237884534187,0,Mixer Grinder,prepaid_upi,0,2026-05
KO2609237,0,0.020586298255065097,0,Mixer Grinder,emi,0,2026-05
KO2609236,0,0.2891038850719523,0,Water Purifier,cod,0,2026-05
KO2609235,0,0.039316601530805725,0,Air Fryer,prepaid_upi,0,2026-05
KO2609175,1,0.16246709590155672,1,Induction Cooktop,cod,0,2026-05
KO2609176,0,0.0909822955944891,0,Room Heater,prepaid_upi,0,2026-05
KO2609177,0,0.20745445965579612,0,Water Purifier,cod,0,2026-05
KO2609178,0,0.038020762364869135,0,Induction Cooktop,prepaid_card,0,2026-05
KO2609179,0,0.0384183416344659,1,Ceiling Fan,prepaid_upi,0,2026-05
KO2609180,0,0.07724598225749713,0,Ceiling Fan,cod,0,2026-05
KO2609181,0,0.11267116151679914,0,Robot Vacuum,cod,0,2026-05
KO2609182,0,0.044385076521925096,0,Water Purifier,prepaid_upi,0,2026-05
KO2609183,0,0.08130905551862609,1,Air Fryer,prepaid_upi,0,2026-05
KO2609184,0,0.1450962281246386,0,Robot Vacuum,cod,0,2026-05
KO2609185,0,0.1351870825708984,0,Robot Vacuum,prepaid_upi,0,2026-05
KO2609186,0,0.10979857656308392,0,Induction Cooktop,emi,1,2026-05
KO2609187,1,0.17684907288715127,0,Robot Vacuum,prepaid_card,0,2026-05
KO2609188,0,0.21790087787084134,1,Water Purifier,cod,0,2026-05
KO2609189,0,0.0803757750176871,0,Robot Vacuum,prepaid_card,0,2026-05
KO2609190,0,0.06257009989173155,0,Robot Vacuum,prepaid_upi,0,2026-05
KO2609191,1,0.4709051175285247,0,Robot Vacuum,cod,0,2026-05
KO2609174,0,0.08179701762666919,0,Air Fryer,prepaid_upi,1,2026-05
KO2609192,0,0.08203821684358886,0,Water Purifier,cod,0,2026-05
KO2609173,1,0.5384432309088373,1,Robot Vacuum,cod,1,2026-05
KO2609171,0,0.07839882600204859,0,Room Heater,cod,0,2026-05
KO2609154,0,0.08442533351057478,0,Room Heater,prepaid_upi,0,2026-05
KO2609155,0,0.016973787284920588,0,Mixer Grinder,prepaid_card,0,2026-05
KO2609156,0,0.04502144625598291,0,Room Heater,prepaid_upi,0,2026-05
KO2609157,0,0.14011115414258143,0,Water Purifier,cod,0,2026-05
KO2609158,0,0.015190330463836667,0,Ceiling Fan,prepaid_card,0,2026-05
KO2609159,1,0.8509156904810481,0,Room Heater,prepaid_card,4,2026-05
KO2609160,0,0.06445624632766435,0,Mixer Grinder,emi,0,2026-05
KO2609161,0,0.03838889422984475,0,Induction Cooktop,prepaid_upi,0,2026-05
KO2609162,0,0.05322455037952893,0,Room Heater,cod,0,2026-05
KO2609163,0,0.11537957763234716,0,Robot Vacuum,cod,0,2026-05
KO2609164,0,0.3689681620520003,1,Water Purifier,cod,0,2026-05
KO2609165,1,0.030447933432515284,0,Induction Cooktop,emi,0,2026-05
KO2609166,0,0.049956060157336286,0,Room Heater,emi,0,2026-05
KO2609167,0,0.15978384607151036,0,Room Heater,cod,0,2026-05
KO2609168,0,0.019796743698075173,0,Ceiling Fan,prepaid_card,0,2026-05
KO2609169,0,0.13851608773020319,0,Induction Cooktop,cod,1,2026-05
KO2609170,0,0.09883355011998853,0,Induction Cooktop,cod,1,2026-05
KO2609172,0,0.041092526127971894,0,Room Heater,prepaid_card,0,2026-05
KO2609193,0,0.14010035447269437,0,Room Heater,cod,0,2026-05
KO2609194,0,0.08287585242582186,0,Robot Vacuum,prepaid_upi,0,2026-05
KO2609195,0,0.03783994337855854,0,Ceiling Fan,cod,0,2026-05
KO2609218,0,0.015298508446276678,0,Air Fryer,prepaid_upi,0,2026-05
KO2609219,0,0.13831443016938683,0,Robot Vacuum,prepaid_upi,0,2026-05
KO2609220,0,0.11615698363855087,0,Ceiling Fan,cod,0,2026-05
KO2609221,0,0.20868761108081124,0,Air Fryer,cod,1,2026-05
KO2609222,0,0.07917472602636125,1,Room Heater,prepaid_card,0,2026-05
KO2609223,0,0.10760986548583183,0,Mixer Grinder,cod,0,2026-05
KO2609224,0,0.07031799089013283,0,Ceiling Fan,cod,0,2026-05
KO2609225,0,0.2928237654776421,1,Ceiling Fan,cod,1,2026-05
KO2609226,0,0.04554913964508961,0,Mixer Grinder,prepaid_card,1,2026-05
KO2609227,0,0.07132798455554205,0,Robot Vacuum,prepaid_upi,0,2026-05
KO2609228,0,0.23087205578513043,1,Mixer Grinder,cod,0,2026-05
KO2609229,0,0.10663370069489708,1,Ceiling Fan,cod,0,2026-05
KO2609230,0,0.06477903405781546,0,Robot Vacuum,prepaid_upi,0,2026-05
KO2609231,0,0.01739015603639076,0,Induction Cooktop,emi,0,2026-05
KO2609232,0,0.029983300292659085,0,Mixer Grinder,prepaid_upi,0,2026-05
KO2609233,0,0.047283749169381405,0,Room Heater,prepaid_upi,0,2026-05
KO2609234,0,0.07814368165331889,0,Water Purifier,prepaid_upi,0,2026-05
KO2609217,1,0.1365116721728787,1,Water Purifier,prepaid_upi,0,2026-05
KO2609216,0,0.025176314236149605,0,Induction Cooktop,prepaid_card,0,2026-05
KO2609215,1,0.045746242326958925,0,Water Purifier,prepaid_upi,0,2026-05
KO2609214,0,0.02935666333932499,0,Room Heater,emi,0,2026-05
KO2609196,0,0.03771189444087176,0,Air Fryer,prepaid_upi,0,2026-05
KO2609197,0,0.43247746812828525,0,Robot Vacuum,cod,1,2026-05
KO2609198,0,0.018403358317097933,0,Induction Cooktop,emi,0,2026-05
KO2609199,0,0.06605081424907014,1,Room Heater,emi,0,2026-05
KO2609200,0,0.761855653477081,0,Air Fryer,prepaid_upi,4,2026-05
KO2609201,0,0.10217094928714955,0,Room Heater,cod,0,2026-05
KO2609202,0,0.2147080238322495,1,Room Heater,prepaid_card,1,2026-05
KO2609203,0,0.06515295304080654,0,Mixer Grinder,cod,0,2026-05
KO2609319,0,0.011625575383767623,0,Ceiling Fan,prepaid_upi,0,2026-05
KO2609204,0,0.05574656562882461,0,Water Purifier,prepaid_upi,0,2026-05
KO2609206,0,0.2981052140116282,1,Room Heater,cod,1,2026-05
KO2609207,0,0.02494581503770714,0,Mixer Grinder,prepaid_upi,0,2026-05
KO2609208,0,0.06897725803138247,1,Induction Cooktop,prepaid_upi,0,2026-05
KO2609209,1,0.17495051690193403,1,Mixer Grinder,cod,0,2026-05
KO2609210,0,0.08514135086488435,0,Air Fryer,prepaid_card,0,2026-05
KO2609211,0,0.07588874501456884,1,Water Purifier,emi,0,2026-05
KO2609212,0,0.04469223200457015,0,Room Heater,prepaid_upi,0,2026-05
KO2609213,1,0.0821810828298547,0,Mixer Grinder,cod,0,2026-05
KO2609205,0,0.11463989181671763,1,Mixer Grinder,prepaid_card,0,2026-05
KO2609489,0,0.1843129192304947,0,Air Fryer,cod,0,2026-05
KO2609320,0,0.02549894032700034,0,Air Fryer,prepaid_card,0,2026-05
KO2609322,1,0.4941487580496846,0,Robot Vacuum,cod,0,2026-05
KO2609429,0,0.05816550712874218,0,Water Purifier,prepaid_upi,0,2026-05
KO2609430,0,0.020407335961758918,0,Ceiling Fan,prepaid_card,0,2026-05
KO2609431,0,0.15041679168443797,0,Water Purifier,cod,0,2026-05
KO2609432,0,0.06675036915327603,0,Robot Vacuum,prepaid_card,0,2026-05
KO2609433,0,0.11211606630368387,0,Robot Vacuum,prepaid_card,0,2026-05
KO2609434,0,0.2263476184117488,1,Ceiling Fan,cod,0,2026-05
KO2609435,0,0.071421069453589,0,Robot Vacuum,prepaid_upi,0,2026-05
KO2609436,0,0.06913208558265618,1,Induction Cooktop,prepaid_upi,0,2026-05
KO2609437,0,0.06073820065116009,0,Water Purifier,prepaid_card,0,2026-05
KO2609438,0,0.02020288147345337,0,Mixer Grinder,prepaid_card,0,2026-05
KO2609439,0,0.43100502044824995,0,Mixer Grinder,prepaid_upi,3,2026-05
KO2609440,1,0.13112873727474347,0,Ceiling Fan,emi,2,2026-05
KO2609441,0,0.09031816970977491,1,Induction Cooktop,prepaid_card,0,2026-05
KO2609442,0,0.11186019199651379,0,Air Fryer,prepaid_upi,0,2026-05
KO2609443,0,0.13359465468264245,0,Robot Vacuum,cod,0,2026-05
KO2609444,0,0.061601078258027006,0,Water Purifier,prepaid_upi,0,2026-05
KO2609445,0,0.12608427407854197,0,Air Fryer,emi,0,2026-05
KO2609428,0,0.05902266473222907,0,Room Heater,prepaid_upi,0,2026-05
KO2609446,0,0.2186851702793724,1,Air Fryer,prepaid_card,0,2026-05
KO2609427,0,0.16617076301812644,0,Ceiling Fan,prepaid_upi,1,2026-05
KO2609425,0,0.11267116151679914,0,Robot Vacuum,cod,0,2026-05
KO2609408,0,0.018876530526773592,0,Ceiling Fan,prepaid_card,0,2026-05
KO2609409,0,0.1644587822179771,1,Air Fryer,cod,0,2026-05
KO2609410,0,0.02703339185708269,0,Induction Cooktop,emi,0,2026-05
KO2609411,0,0.11341982401463475,0,Water Purifier,prepaid_upi,0,2026-05
KO2609412,0,0.01055082479533057,0,Mixer Grinder,prepaid_upi,0,2026-05
KO2609413,0,0.12699603645278573,1,Mixer Grinder,cod,0,2026-05
KO2609414,1,0.1598008159241418,0,Robot Vacuum,cod,0,2026-05
KO2609415,0,0.13285904550723504,0,Room Heater,cod,0,2026-05
KO2609416,0,0.012902969773195645,0,Induction Cooktop,prepaid_card,0,2026-05
KO2609417,0,0.021962730275800098,0,Ceiling Fan,prepaid_upi,0,2026-05
KO2609418,0,0.05027566248881129,1,Mixer Grinder,prepaid_card,0,2026-05
KO2609419,0,0.03323666688436728,0,Ceiling Fan,cod,0,2026-05
KO2609420,0,0.07920166508371605,0,Robot Vacuum,emi,0,2026-05
KO2609421,0,0.134941666189615,0,Air Fryer,cod,0,2026-05
KO2609422,0,0.022905376237722118,0,Room Heater,prepaid_upi,0,2026-05
KO2609423,0,0.1551147311094663,0,Air Fryer,cod,0,2026-05
KO2609424,0,0.08247812397130656,0,Air Fryer,prepaid_upi,0,2026-05
KO2609426,0,0.036167999951589765,0,Ceiling Fan,prepaid_upi,0,2026-05
KO2609407,0,0.02782274276973167,0,Air Fryer,emi,0,2026-05
KO2609447,0,0.08839898314674877,0,Robot Vacuum,emi,0,2026-05
KO2609449,0,0.05129883801533511,1,Ceiling Fan,prepaid_upi,0,2026-05
KO2609471,0,0.15387097756195728,1,Ceiling Fan,emi,0,2026-05
KO2609472,0,0.042626393012114634,0,Room Heater,prepaid_upi,0,2026-05
KO2609473,0,0.10767630104251774,0,Room Heater,cod,0,2026-05
KO2609474,0,0.1772471014051417,0,Induction Cooktop,cod,1,2026-05
KO2609475,0,0.1063699293493998,0,Mixer Grinder,cod,0,2026-05
KO2609476,0,0.05247220174439624,0,Room Heater,prepaid_upi,0,2026-05
KO2609477,0,0.03390017809971954,0,Ceiling Fan,cod,0,2026-05
KO2609478,0,0.14318734017434764,1,Air Fryer,prepaid_card,0,2026-05
KO2609479,0,0.4946586918827795,0,Mixer Grinder,prepaid_card,3,2026-05
KO2609480,0,0.09949719508736769,0,Robot Vacuum,emi,0,2026-05
KO2609481,0,0.08102600085430231,0,Robot Vacuum,prepaid_upi,0,2026-05
KO2609482,0,0.06211745655042245,0,Water Purifier,prepaid_upi,0,2026-05
KO2609483,0,0.043785643707578675,0,Mixer Grinder,cod,0,2026-05
KO2609484,0,0.053065243593472367,0,Air Fryer,prepaid_card,0,2026-05
KO2609485,0,0.27795767258580406,0,Robot Vacuum,cod,0,2026-05
KO2609486,0,0.1656993786013397,0,Air Fryer,cod,0,2026-05
KO2609487,0,0.03523794808585276,0,Ceiling Fan,prepaid_upi,1,2026-05
KO2609470,0,0.13546559502313432,0,Air Fryer,prepaid_upi,1,2026-05
KO2609448,0,0.036317275988928206,0,Mixer Grinder,prepaid_card,0,2026-05
KO2609469,0,0.036880333766937154,1,Room Heater,prepaid_upi,0,2026-05
KO2609467,0,0.06889500653182305,0,Induction Cooktop,prepaid_upi,0,2026-05
KO2609450,0,0.10530839985767226,1,Air Fryer,prepaid_card,0,2026-05
KO2609451,1,0.2830780328682111,1,Air Fryer,cod,0,2026-05
KO2609452,0,0.05148186946289886,0,Robot Vacuum,prepaid_card,0,2026-05
KO2609453,0,0.1041823382501458,0,Robot Vacuum,cod,0,2026-05
KO2609454,0,0.02797333968845988,0,Induction Cooktop,prepaid_upi,1,2026-05
KO2609455,0,0.022130857540086455,0,Ceiling Fan,prepaid_upi,0,2026-05
KO2609456,1,0.1763048401975882,1,Induction Cooktop,cod,0,2026-05
KO2609457,0,0.05785038695916837,0,Induction Cooktop,prepaid_upi,0,2026-05
KO2609458,0,0.20200663479531744,1,Ceiling Fan,prepaid_upi,1,2026-05
KO2609459,0,0.09700703452203091,0,Air Fryer,prepaid_upi,1,2026-05
KO2609460,0,0.13002692046700856,0,Water Purifier,emi,1,2026-05
KO2609461,0,0.08753704635553573,0,Mixer Grinder,cod,0,2026-05
KO2609462,0,0.04194394808484861,0,Ceiling Fan,cod,0,2026-05
KO2609463,0,0.3492689019497227,0,Mixer Grinder,cod,1,2026-05
KO2609464,0,0.018324898031068997,0,Induction Cooktop,prepaid_upi,0,2026-05
KO2609465,0,0.032131051722394395,0,Ceiling Fan,prepaid_card,0,2026-05
KO2609466,0,0.1262263400775065,0,Water Purifier,prepaid_card,0,2026-05
KO2609468,0,0.07786169547183197,0,Room Heater,prepaid_upi,0,2026-05
KO2609406,1,0.042180148861875134,0,Room Heater,prepaid_card,0,2026-05
KO2609405,0,0.03749071514363278,0,Mixer Grinder,prepaid_card,0,2026-05
KO2609404,0,0.017795507267645037,0,Ceiling Fan,prepaid_upi,0,2026-05
KO2609344,0,0.021615525284591187,0,Mixer Grinder,prepaid_card,0,2026-05
KO2609345,0,0.07080636671477142,1,Induction Cooktop,prepaid_card,0,2026-05
KO2609346,0,0.10653498806342632,1,Room Heater,prepaid_card,0,2026-05
KO2609347,1,0.36663967797268116,0,Robot Vacuum,cod,0,2026-05
KO2609348,0,0.0319088999577042,0,Induction Cooktop,prepaid_card,0,2026-05
KO2609349,0,0.04658428733965003,1,Air Fryer,prepaid_upi,0,2026-05
KO2609350,0,0.30644628881259967,0,Robot Vacuum,cod,0,2026-05
KO2609351,0,0.05260532448772825,0,Ceiling Fan,prepaid_upi,1,2026-05
KO2609352,0,0.2337366668861477,0,Robot Vacuum,cod,0,2026-05
KO2609353,0,0.010850294738784164,0,Induction Cooktop,prepaid_upi,0,2026-05
KO2609354,0,0.09474064026906298,1,Induction Cooktop,cod,0,2026-05
KO2609355,0,0.2805276683556634,0,Robot Vacuum,cod,0,2026-05
KO2609356,0,0.017106034526556974,0,Induction Cooktop,prepaid_card,0,2026-05
KO2609357,0,0.0660748589753941,0,Air Fryer,cod,0,2026-05
KO2609358,0,0.03349420899736195,0,Water Purifier,prepaid_upi,0,2026-05
KO2609359,0,0.016675634589961397,0,Induction Cooktop,prepaid_upi,0,2026-05
KO2609360,0,0.12696876562301698,0,Air Fryer,cod,0,2026-05
KO2609343,0,0.07740359978722233,0,Robot Vacuum,prepaid_card,0,2026-05
KO2609361,0,0.08952369966732014,0,Water Purifier,prepaid_upi,0,2026-05
KO2609342,0,0.12354646196034647,1,Air Fryer,emi,0,2026-05
KO2609340,0,0.05540494555449622,0,Ceiling Fan,cod,0,2026-05
KO2609323,0,0.03773375206981298,0,Induction Cooktop,prepaid_upi,0,2026-05
KO2609324,0,0.01558129794263211,0,Induction Cooktop,prepaid_upi,0,2026-05
KO2609325,0,0.17469084334671037,1,Water Purifier,emi,0,2026-05
KO2609326,0,0.299823597089706,0,Air Fryer,prepaid_card,1,2026-05
KO2609327,0,0.13451305172116793,0,Water Purifier,cod,0,2026-05
KO2609328,0,0.07519693715404865,0,Air Fryer,cod,0,2026-05
KO2609329,0,0.08613205142094339,0,Induction Cooktop,cod,0,2026-05
KO2609330,0,0.11059212508022645,1,Induction Cooktop,prepaid_card,0,2026-05
KO2609331,1,0.7158648056782448,0,Water Purifier,cod,3,2026-05
KO2609332,0,0.023356477590429296,0,Mixer Grinder,emi,0,2026-05
KO2609333,0,0.014388820299053808,0,Mixer Grinder,prepaid_upi,0,2026-05
KO2609334,0,0.07264939648056175,0,Room Heater,emi,1,2026-05
KO2609335,0,0.04678323383846682,0,Ceiling Fan,prepaid_upi,0,2026-05
KO2609336,0,0.01268022911373739,0,Induction Cooktop,emi,0,2026-05
KO2609337,0,0.09990480632051729,1,Water Purifier,prepaid_card,0,2026-05
KO2609338,0,0.04655328389009248,0,Induction Cooktop,cod,0,2026-05
KO2609339,1,0.10145230815163292,0,Water Purifier,cod,0,2026-05
KO2609341,0,0.12943111371570185,1,Air Fryer,prepaid_upi,0,2026-05
KO2609362,0,0.06319723583211077,0,Mixer Grinder,prepaid_upi,0,2026-05
KO2609363,0,0.465663212156361,0,Water Purifier,cod,1,2026-05
KO2609364,0,0.024938382531956765,0,Room Heater,emi,0,2026-05
KO2609387,0,0.025469949914370744,0,Room Heater,prepaid_upi,0,2026-05
KO2609388,0,0.014496504649572837,0,Ceiling Fan,prepaid_upi,0,2026-05
KO2609389,0,0.2904273830560979,0,Robot Vacuum,cod,0,2026-05
KO2609390,0,0.1310535203841086,0,Water Purifier,prepaid_card,1,2026-05
KO2609391,1,0.0843727386793357,0,Robot Vacuum,emi,0,2026-05
KO2609392,0,0.4154989018406298,0,Robot Vacuum,cod,0,2026-05
KO2609393,0,0.11747893103387853,0,Room Heater,prepaid_upi,0,2026-05
KO2609394,1,0.6088195862853456,1,Ceiling Fan,cod,2,2026-05
KO2609395,0,0.026046236580817433,0,Air Fryer,prepaid_upi,0,2026-05
KO2609396,0,0.2605276923737047,0,Induction Cooktop,cod,1,2026-05
KO2609397,0,0.025757662614960326,0,Air Fryer,prepaid_card,0,2026-05
KO2609398,0,0.0928457854091276,0,Room Heater,prepaid_card,1,2026-05
KO2609399,0,0.06784056552427858,1,Ceiling Fan,cod,0,2026-05
KO2609400,0,0.0763150583630373,0,Air Fryer,prepaid_upi,0,2026-05
KO2609401,0,0.08544227595495654,0,Water Purifier,prepaid_upi,0,2026-05
KO2609402,0,0.18394089377077352,0,Water Purifier,cod,0,2026-05
KO2609403,0,0.051373142716113485,0,Room Heater,cod,0,2026-05
KO2609386,1,0.3397036902335731,0,Robot Vacuum,cod,0,2026-05
KO2609385,0,0.06789354484185837,0,Mixer Grinder,prepaid_upi,1,2026-05
KO2609384,0,0.1160092122200028,0,Ceiling Fan,cod,0,2026-05
KO2609383,1,0.09172393551606248,0,Robot Vacuum,prepaid_card,0,2026-05
KO2609365,1,0.06722120142228837,0,Robot Vacuum,prepaid_card,0,2026-05
KO2609366,0,0.05676143948668581,0,Air Fryer,prepaid_upi,0,2026-05
KO2609367,0,0.0880928511668178,0,Air Fryer,cod,0,2026-05
KO2609368,1,0.12027938500866008,0,Induction Cooktop,cod,1,2026-05
KO2609369,1,0.22672752096828197,1,Robot Vacuum,emi,0,2026-05
KO2609370,0,0.04609030678074405,1,Air Fryer,prepaid_upi,0,2026-05
KO2609371,1,0.28677877196279067,1,Robot Vacuum,cod,0,2026-05
KO2609372,0,0.07493919140973794,0,Robot Vacuum,cod,0,2026-05
KO2609321,0,0.08169256304759871,0,Ceiling Fan,prepaid_upi,1,2026-05
KO2609373,0,0.03438224836378756,0,Robot Vacuum,emi,0,2026-05
KO2609375,0,0.04449981227105061,0,Induction Cooktop,cod,0,2026-05
KO2609376,0,0.04667617039736594,1,Ceiling Fan,prepaid_upi,0,2026-05
KO2609377,0,0.07342810502789683,0,Room Heater,cod,0,2026-05
KO2609378,0,0.283289550139549,1,Water Purifier,prepaid_upi,0,2026-05
KO2609379,0,0.062260210216511534,0,Ceiling Fan,cod,0,2026-05
KO2609380,0,0.13703564445581923,0,Robot Vacuum,emi,0,2026-05
KO2609381,0,0.022077229644744175,0,Ceiling Fan,prepaid_card,0,2026-05
KO2609382,0,0.07128058754340534,0,Induction Cooktop,cod,0,2026-05
KO2609374,1,0.06162352219196211,1,Mixer Grinder,prepaid_upi,0,2026-05
KO2609153,0,0.028429534460953674,0,Induction Cooktop,prepaid_upi,0,2026-05
KO2609827,0,0.047728640467827946,1,Induction Cooktop,prepaid_upi,0,2026-05
KO2609829,0,0.057752727616110194,1,Mixer Grinder,prepaid_upi,0,2026-05
KO2610274,0,0.1142882676908631,0,Air Fryer,cod,0,2026-05
KO2610275,0,0.17450577599151706,1,Ceiling Fan,prepaid_card,0,2026-05
KO2610276,0,0.007875059954348188,0,Ceiling Fan,prepaid_upi,0,2026-05
KO2610277,0,0.03695238648616133,1,Mixer Grinder,prepaid_card,0,2026-05
KO2610278,0,0.2464715413206687,1,Room Heater,prepaid_upi,0,2026-05
KO2610279,0,0.04362620519783965,0,Water Purifier,prepaid_card,0,2026-05
KO2610280,0,0.010172409872156151,0,Mixer Grinder,prepaid_upi,0,2026-05
KO2610281,0,0.03237665562634282,0,Ceiling Fan,prepaid_upi,0,2026-05
KO2610282,0,0.08536088690662261,0,Air Fryer,cod,0,2026-05
KO2610283,0,0.1602908331966622,0,Robot Vacuum,cod,0,2026-05
KO2610284,1,0.33060243177783144,1,Induction Cooktop,cod,0,2026-05
KO2610285,0,0.019876144115683034,0,Induction Cooktop,prepaid_upi,0,2026-05
KO2610286,0,0.024634249042564643,0,Ceiling Fan,prepaid_upi,0,2026-05
KO2610287,0,0.022357196588570702,0,Mixer Grinder,prepaid_card,0,2026-05
KO2610288,0,0.024411530462323416,0,Water Purifier,prepaid_upi,0,2026-05
KO2610289,0,0.03128530073192573,0,Induction Cooktop,prepaid_upi,0,2026-05
KO2610290,0,0.13913161177457792,0,Mixer Grinder,prepaid_card,1,2026-05
KO2610273,0,0.185458057066847,0,Room Heater,cod,1,2026-05
KO2610291,0,0.04309910462988492,0,Air Fryer,prepaid_upi,0,2026-05
KO2610272,0,0.011600068540453494,0,Ceiling Fan,prepaid_upi,0,2026-05
KO2610270,0,0.04248800244172991,0,Induction Cooktop,emi,0,2026-05
KO2610253,0,0.034848653552817,0,Water Purifier,prepaid_card,0,2026-05
KO2610254,0,0.056714028175821274,0,Water Purifier,prepaid_upi,0,2026-05
KO2610256,0,0.055305610767185605,0,Room Heater,prepaid_upi,0,2026-05
KO2610255,0,0.12505332477843475,0,Room Heater,prepaid_upi,0,2026-05
KO2610257,0,0.042831427536566644,0,Room Heater,prepaid_card,0,2026-05
KO2610258,0,0.0420026514759945,0,Water Purifier,prepaid_upi,0,2026-05
KO2610259,0,0.016000291097241486,0,Induction Cooktop,prepaid_upi,0,2026-05
KO2610260,0,0.023325989753285557,0,Mixer Grinder,prepaid_card,0,2026-05
KO2610261,0,0.06235622904128657,0,Air Fryer,prepaid_card,0,2026-05
KO2610262,1,0.06833664310938033,1,Induction Cooktop,prepaid_card,0,2026-05
KO2610263,0,0.2019196897016808,1,Robot Vacuum,prepaid_upi,0,2026-05
KO2610264,0,0.05988825129664033,0,Room Heater,cod,0,2026-05
KO2610265,0,0.09085186047056144,0,Robot Vacuum,prepaid_upi,0,2026-05
KO2610266,0,0.04274130115740362,1,Mixer Grinder,prepaid_upi,0,2026-05
KO2610267,0,0.06636869403909479,0,Induction Cooktop,cod,0,2026-05
KO2610268,0,0.024905882449970267,0,Room Heater,prepaid_card,0,2026-05
KO2610269,0,0.028125166360374494,0,Room Heater,prepaid_upi,0,2026-05
KO2610271,0,0.011748768172301154,0,Mixer Grinder,prepaid_upi,0,2026-05
KO2610252,0,0.04704334068626837,0,Room Heater,prepaid_upi,0,2026-05
KO2610292,0,0.09887898862016596,1,Room Heater,prepaid_upi,0,2026-05
KO2610294,0,0.11304616552917353,0,Room Heater,emi,0,2026-05
KO2610316,0,0.1105161024871428,0,Room Heater,cod,0,2026-05
KO2610317,0,0.4475238612511075,0,Water Purifier,cod,2,2026-05
KO2610318,0,0.1524949332711977,1,Water Purifier,prepaid_card,0,2026-05
KO2610319,0,0.012653666696170823,0,Ceiling Fan,prepaid_upi,0,2026-05
KO2610320,0,0.04500729577291675,1,Mixer Grinder,emi,0,2026-05
KO2610321,0,0.19515485197637367,1,Induction Cooktop,prepaid_upi,0,2026-05
KO2610322,0,0.053567506648803054,0,Induction Cooktop,prepaid_card,0,2026-05
KO2610323,0,0.01867962520571411,0,Induction Cooktop,emi,0,2026-05
KO2610324,0,0.05875284009843458,1,Mixer Grinder,prepaid_upi,0,2026-05
KO2610325,0,0.13338199644654508,1,Water Purifier,prepaid_upi,0,2026-05
KO2610326,1,0.07625076038410973,1,Mixer Grinder,prepaid_upi,0,2026-05
KO2610327,0,0.04732138912361221,0,Air Fryer,prepaid_card,1,2026-05
KO2610328,0,0.1183793262928467,1,Air Fryer,prepaid_card,0,2026-05
KO2610329,0,0.023367305306005084,0,Air Fryer,prepaid_upi,0,2026-05
KO2610330,1,0.11112816433585736,1,Water Purifier,emi,0,2026-05
KO2610331,0,0.11201483647970299,1,Water Purifier,prepaid_card,0,2026-05
KO2610332,0,0.07453241975886817,0,Room Heater,prepaid_upi,0,2026-05
KO2610315,0,0.20950294291130364,0,Water Purifier,cod,1,2026-05
KO2610293,0,0.19836863874880406,0,Robot Vacuum,cod,0,2026-05
KO2610314,0,0.07490620638169761,0,Water Purifier,prepaid_card,0,2026-05
KO2610312,0,0.01408658314524371,0,Mixer Grinder,prepaid_upi,0,2026-05
KO2610295,0,0.04220624091672169,0,Robot Vacuum,prepaid_upi,0,2026-05
KO2610296,0,0.20454774336041234,1,Water Purifier,cod,0,2026-05
KO2610297,0,0.01420282145199942,0,Room Heater,prepaid_upi,0,2026-05
KO2610298,0,0.051447940807245164,1,Mixer Grinder,prepaid_card,0,2026-05
KO2610299,0,0.03167811459536929,0,Robot Vacuum,prepaid_upi,0,2026-05
KO2610300,0,0.03954883868891983,0,Ceiling Fan,prepaid_upi,1,2026-05
KO2610301,0,0.08654592366181031,0,Water Purifier,prepaid_upi,0,2026-05
KO2610302,1,0.32636000532875276,0,Mixer Grinder,emi,3,2026-05
KO2610303,0,0.024159955752929965,0,Mixer Grinder,emi,0,2026-05
KO2610304,0,0.1889010670074776,0,Mixer Grinder,cod,0,2026-05
KO2610305,0,0.11741998953791567,1,Mixer Grinder,prepaid_upi,0,2026-05
KO2610306,1,0.033045222232773584,0,Mixer Grinder,cod,0,2026-05
KO2610307,0,0.135410124204566,0,Water Purifier,cod,0,2026-05
KO2610308,1,0.3496902443955922,0,Air Fryer,cod,1,2026-05
KO2610309,0,0.34998502608662635,0,Room Heater,cod,1,2026-05
KO2610310,1,0.8216269105898284,0,Robot Vacuum,cod,3,2026-05
KO2610311,0,0.037307643082024826,0,Mixer Grinder,prepaid_card,0,2026-05
KO2610313,0,0.476115581543165,1,Robot Vacuum,emi,1,2026-05
KO2610251,0,0.16495987820742097,1,Water Purifier,prepaid_card,0,2026-05
KO2610250,0,0.19311407226077748,1,Room Heater,cod,0,2026-05
KO2610249,0,0.04271278218596115,0,Induction Cooktop,prepaid_upi,1,2026-05
KO2610189,0,0.137873431416713,1,Mixer Grinder,cod,0,2026-05
KO2610190,0,0.03079703283065279,0,Induction Cooktop,cod,0,2026-05
KO2610191,0,0.32747973248159756,1,Room Heater,cod,0,2026-05
KO2610192,0,0.040238582885476826,0,Air Fryer,prepaid_card,0,2026-05
KO2610193,0,0.38334852695061505,0,Air Fryer,prepaid_upi,1,2026-05
KO2610194,0,0.274741556452442,1,Room Heater,cod,0,2026-05
KO2610195,0,0.052326824210036454,1,Mixer Grinder,emi,0,2026-05
KO2610196,0,0.09332850235846887,0,Air Fryer,prepaid_upi,1,2026-05
KO2610197,0,0.49280702882431787,0,Water Purifier,prepaid_card,1,2026-05
KO2610198,0,0.05362709435792068,0,Ceiling Fan,cod,0,2026-05
KO2610199,1,0.08850591315452334,0,Robot Vacuum,emi,0,2026-05
KO2610200,0,0.12077004151088135,1,Air Fryer,prepaid_upi,0,2026-05
KO2610201,0,0.17634323703257077,1,Induction Cooktop,cod,0,2026-05
KO2610202,0,0.10686579033078256,1,Room Heater,prepaid_upi,0,2026-05
KO2610203,0,0.33622620704160094,1,Robot Vacuum,prepaid_upi,0,2026-05
KO2610204,0,0.1050075761546581,0,Room Heater,cod,0,2026-05
KO2610205,0,0.09719702593863123,1,Air Fryer,prepaid_card,0,2026-05
KO2610188,0,0.018351709833153096,0,Induction Cooktop,emi,0,2026-05
KO2610206,0,0.2044650185056996,1,Robot Vacuum,emi,0,2026-05
KO2610187,0,0.13223304162319227,1,Room Heater,prepaid_card,0,2026-05
KO2610185,0,0.08146650359655984,0,Air Fryer,cod,0,2026-05
KO2610168,0,0.16866103909549748,1,Robot Vacuum,emi,0,2026-05
KO2610169,1,0.613079366511821,0,Air Fryer,cod,2,2026-05
KO2610170,0,0.09903964400277404,0,Room Heater,cod,0,2026-05
KO2610171,0,0.09966719655721537,0,Room Heater,prepaid_upi,0,2026-05
KO2610172,0,0.05869963314312371,1,Induction Cooktop,prepaid_card,0,2026-05
KO2610173,0,0.05878093079019428,0,Water Purifier,prepaid_upi,0,2026-05
KO2610174,0,0.3027852318256697,1,Robot Vacuum,prepaid_upi,0,2026-05
KO2610175,0,0.04330631006227736,0,Air Fryer,prepaid_card,0,2026-05
KO2610176,0,0.08594939427667368,0,Robot Vacuum,prepaid_card,0,2026-05
KO2610177,0,0.02667695289536376,0,Ceiling Fan,prepaid_upi,0,2026-05
KO2610178,0,0.016488053272412293,0,Ceiling Fan,prepaid_card,0,2026-05
KO2610179,0,0.05562822778394944,0,Ceiling Fan,prepaid_upi,1,2026-05
KO2610180,0,0.027377030793906,0,Room Heater,emi,0,2026-05
KO2610181,0,0.1418955635610086,0,Ceiling Fan,cod,0,2026-05
KO2610182,0,0.05346280149965696,1,Ceiling Fan,prepaid_upi,0,2026-05
KO2610183,0,0.08125375693772521,0,Robot Vacuum,prepaid_card,0,2026-05
KO2610184,0,0.0944189762852028,0,Robot Vacuum,prepaid_upi,0,2026-05
KO2610186,0,0.11356068627122658,0,Ceiling Fan,cod,0,2026-05
KO2610207,0,0.0835760770187069,0,Robot Vacuum,emi,0,2026-05
KO2610208,0,0.01825029622561331,0,Mixer Grinder,prepaid_card,0,2026-05
KO2610209,0,0.08280602564313498,0,Robot Vacuum,emi,0,2026-05
KO2610232,0,0.10643548509531701,0,Robot Vacuum,prepaid_upi,0,2026-05
KO2610233,0,0.04057380797215358,0,Mixer Grinder,cod,0,2026-05
KO2610234,0,0.070086186278581,0,Water Purifier,prepaid_upi,0,2026-05
KO2610235,0,0.06573982694092721,0,Water Purifier,prepaid_card,0,2026-05
KO2610236,0,0.03079030940661608,0,Air Fryer,prepaid_upi,0,2026-05
KO2610237,0,0.017417146592157713,0,Ceiling Fan,prepaid_upi,0,2026-05
KO2610238,0,0.04658538707670246,0,Mixer Grinder,emi,0,2026-05
KO2610239,0,0.02866936160206491,0,Room Heater,emi,0,2026-05
KO2610240,0,0.054951215870978024,0,Room Heater,prepaid_card,0,2026-05
KO2610241,0,0.3386224406230829,1,Air Fryer,cod,0,2026-05
KO2610242,0,0.022665295272317157,0,Mixer Grinder,prepaid_card,0,2026-05
KO2610243,0,0.03510358455401377,0,Room Heater,prepaid_upi,0,2026-05
KO2610244,0,0.013090010216946486,0,Ceiling Fan,prepaid_upi,0,2026-05
KO2610245,0,0.09755217888805932,0,Room Heater,prepaid_card,0,2026-05
KO2610246,0,0.06294619135759624,1,Air Fryer,prepaid_upi,0,2026-05
KO2610247,0,0.5270753273284883,0,Water Purifier,cod,1,2026-05
KO2610248,0,0.043811853854536016,0,Ceiling Fan,emi,0,2026-05
KO2610231,1,0.09140008108965848,1,Induction Cooktop,cod,0,2026-05
KO2610230,0,0.09183344453813128,0,Room Heater,prepaid_card,0,2026-05
KO2610229,0,0.04294475796161032,0,Water Purifier,prepaid_upi,0,2026-05
KO2610228,0,0.0494396548241837,0,Mixer Grinder,emi,0,2026-05
KO2610210,0,0.08825767779326407,0,Water Purifier,prepaid_upi,0,2026-05
KO2610211,0,0.04107662868145094,0,Ceiling Fan,cod,0,2026-05
KO2610212,0,0.1760444482208385,0,Water Purifier,cod,0,2026-05
KO2610213,1,0.05066158033671009,1,Induction Cooktop,emi,0,2026-05
KO2610214,0,0.013131348431982789,0,Induction Cooktop,prepaid_card,0,2026-05
KO2610215,0,0.03970986963600543,0,Air Fryer,prepaid_card,0,2026-05
KO2610216,0,0.13667200841027782,0,Robot Vacuum,prepaid_card,0,2026-05
KO2610217,0,0.015704887061629993,0,Induction Cooktop,prepaid_card,0,2026-05
KO2610333,0,0.1362437776728138,0,Air Fryer,emi,1,2026-05
KO2610218,1,0.09765919714647159,1,Ceiling Fan,prepaid_upi,0,2026-05
KO2610220,0,0.0945878203398364,0,Water Purifier,prepaid_upi,1,2026-05
KO2610221,0,0.10623783455332803,0,Induction Cooktop,prepaid_upi,0,2026-05
KO2610222,0,0.19508796128664374,1,Room Heater,cod,0,2026-05
KO2610223,0,0.027258680259952865,0,Induction Cooktop,prepaid_upi,0,2026-05
KO2610224,0,0.07004179829026155,1,Mixer Grinder,emi,0,2026-05
KO2610225,0,0.04581717560722419,1,Water Purifier,prepaid_card,0,2026-05
KO2610226,0,0.3331533045212943,0,Air Fryer,cod,0,2026-05
KO2610227,0,0.04704334068626837,0,Room Heater,prepaid_upi,0,2026-05
KO2610219,0,0.04790884076114232,0,Robot Vacuum,prepaid_upi,0,2026-05
KO2610167,0,0.02644510272335449,0,Air Fryer,emi,0,2026-05
KO2610334,0,0.09933688737109687,0,Robot Vacuum,prepaid_upi,0,2026-05
KO2610336,0,0.012160342543753486,0,Mixer Grinder,emi,0,2026-05
KO2610443,0,0.3614364391216401,1,Water Purifier,prepaid_card,0,2026-05
KO2610444,0,0.045165018516690525,1,Ceiling Fan,prepaid_upi,0,2026-05
KO2610445,0,0.04264495415419364,0,Air Fryer,prepaid_upi,0,2026-05
KO2610446,0,0.10809365167651977,0,Room Heater,prepaid_upi,0,2026-05
KO2610447,0,0.08383938212306587,0,Air Fryer,prepaid_upi,0,2026-05
KO2610448,0,0.04933890451016911,0,Induction Cooktop,cod,0,2026-05
KO2610449,0,0.05657038231956924,0,Room Heater,prepaid_upi,0,2026-05
KO2610450,0,0.1530139270794836,0,Air Fryer,cod,0,2026-05
KO2610451,0,0.2552612860581441,0,Air Fryer,cod,0,2026-05
KO2610452,0,0.1269561346917586,0,Air Fryer,cod,0,2026-05
KO2610453,0,0.033706731080055945,0,Robot Vacuum,prepaid_upi,0,2026-05
KO2610454,0,0.03681089846271545,1,Induction Cooktop,prepaid_upi,0,2026-05
KO2610455,0,0.03722719715779156,0,Induction Cooktop,prepaid_upi,0,2026-05
KO2610456,0,0.0941897604257748,0,Room Heater,prepaid_card,0,2026-05
KO2610457,0,0.007787417611026804,0,Ceiling Fan,emi,0,2026-05
KO2610458,0,0.07350921497425664,1,Mixer Grinder,prepaid_upi,0,2026-05
KO2610459,0,0.04523425575622967,1,Induction Cooktop,prepaid_card,0,2026-05
KO2610442,0,0.01900561760435998,0,Induction Cooktop,prepaid_upi,0,2026-05
KO2610460,0,0.13766941408980712,0,Robot Vacuum,cod,0,2026-05
KO2610441,1,0.14378021258426799,0,Robot Vacuum,prepaid_card,0,2026-05
KO2610439,0,0.1544017799374992,0,Water Purifier,cod,0,2026-05
KO2610422,0,0.022010819294603235,0,Air Fryer,prepaid_upi,0,2026-05
KO2610423,0,0.09008667162530738,0,Room Heater,prepaid_card,1,2026-05
KO2610424,0,0.015955082572634467,1,Mixer Grinder,prepaid_upi,0,2026-05
KO2610425,0,0.07928210822458541,0,Robot Vacuum,cod,0,2026-05
KO2610426,0,0.22034401231329956,1,Room Heater,prepaid_card,0,2026-05
KO2610427,0,0.30349815904972494,1,Air Fryer,cod,0,2026-05
KO2610428,0,0.059645392833173105,0,Water Purifier,prepaid_upi,0,2026-05
KO2610429,0,0.05082294599359558,0,Ceiling Fan,prepaid_upi,0,2026-05
KO2610430,0,0.06875526886964317,0,Robot Vacuum,prepaid_upi,0,2026-05
KO2610431,0,0.07930140912597197,0,Robot Vacuum,cod,0,2026-05
KO2610432,0,0.03333742740474789,0,Air Fryer,emi,0,2026-05
KO2610433,0,0.03862553863844549,0,Mixer Grinder,prepaid_card,0,2026-05
KO2610434,0,0.08189850132371602,0,Air Fryer,prepaid_upi,0,2026-05
KO2610435,0,0.04768737804316469,0,Air Fryer,prepaid_upi,0,2026-05
KO2610436,1,0.3606694717493193,0,Robot Vacuum,cod,0,2026-05
KO2610437,0,0.04658451091334751,0,Room Heater,prepaid_upi,0,2026-05
KO2610438,0,0.06409102024135406,0,Induction Cooktop,cod,0,2026-05
KO2610440,0,0.06604731581275049,0,Room Heater,prepaid_card,0,2026-05
KO2610421,0,0.09377062829123578,0,Robot Vacuum,prepaid_card,0,2026-05
KO2610461,0,0.101294299657302,0,Water Purifier,prepaid_upi,0,2026-05
KO2610463,0,0.04761527698860519,1,Room Heater,prepaid_upi,0,2026-05
KO2610485,1,0.36136740888947494,0,Robot Vacuum,cod,1,2026-05
KO2610486,0,0.015190330463836667,0,Ceiling Fan,prepaid_card,0,2026-05
KO2610487,1,0.4951245762377874,0,Robot Vacuum,cod,1,2026-05
KO2610488,0,0.01948960310261133,0,Room Heater,prepaid_upi,0,2026-05
KO2610489,0,0.02475596348343932,0,Mixer Grinder,prepaid_upi,0,2026-05
KO2610490,0,0.2613017102493913,1,Induction Cooktop,cod,0,2026-05
KO2610491,0,0.3545359817243075,0,Robot Vacuum,cod,0,2026-05
KO2610492,0,0.10110782627054103,0,Air Fryer,cod,0,2026-05
KO2610493,0,0.2579984345977094,0,Robot Vacuum,cod,0,2026-05
KO2610494,0,0.06891090689181426,0,Ceiling Fan,cod,0,2026-05
KO2610495,0,0.016244716409437695,0,Induction Cooktop,prepaid_card,0,2026-05
KO2610496,0,0.05388576501998764,0,Ceiling Fan,cod,0,2026-05
KO2610497,1,0.4324874856484529,0,Induction Cooktop,cod,1,2026-05
KO2610498,0,0.054280897015115,0,Ceiling Fan,cod,0,2026-05
KO2610499,0,0.024923244080046345,0,Induction Cooktop,prepaid_upi,0,2026-05
KO2610500,0,0.043403354296153024,0,Robot Vacuum,prepaid_upi,0,2026-05
KO2610501,0,0.11422456428939363,0,Water Purifier,cod,0,2026-05
KO2610484,0,0.14135670270663284,1,Mixer Grinder,prepaid_card,1,2026-05
KO2610462,0,0.012945517762604589,0,Mixer Grinder,prepaid_upi,0,2026-05
KO2610483,1,0.30578369132956784,0,Robot Vacuum,cod,0,2026-05
KO2610481,0,0.08490793376845754,1,Ceiling Fan,cod,0,2026-05
KO2610464,0,0.035097684416477,0,Induction Cooktop,prepaid_card,0,2026-05
KO2610465,0,0.05849348534022001,0,Air Fryer,prepaid_upi,0,2026-05
KO2610466,0,0.0619103634395611,0,Room Heater,prepaid_card,0,2026-05
KO2610467,0,0.20655288866625174,1,Ceiling Fan,prepaid_upi,1,2026-05
KO2610468,0,0.1051656406574013,0,Water Purifier,prepaid_upi,1,2026-05
KO2610469,0,0.06478844116918249,0,Room Heater,prepaid_upi,0,2026-05
KO2610470,0,0.06638006244187718,0,Mixer Grinder,prepaid_upi,0,2026-05
KO2610471,0,0.040153974252487006,0,Air Fryer,emi,0,2026-05
KO2610472,0,0.3767255407151558,0,Robot Vacuum,cod,0,2026-05
KO2610473,1,0.18794913149281534,0,Robot Vacuum,prepaid_card,0,2026-05
KO2610474,1,0.14101039560884968,0,Room Heater,cod,0,2026-05
KO2610475,0,0.03065538679872567,0,Ceiling Fan,prepaid_upi,0,2026-05
KO2610476,0,0.04815012197188702,0,Robot Vacuum,prepaid_card,0,2026-05
KO2610477,0,0.021111882936540132,0,Mixer Grinder,emi,0,2026-05
KO2610478,1,0.8866182891720902,0,Water Purifier,cod,4,2026-05
KO2610479,0,0.10022670805302228,0,Robot Vacuum,prepaid_upi,0,2026-05
KO2610480,0,0.30217992841664404,1,Air Fryer,cod,0,2026-05
KO2610482,0,0.05166090427224713,0,Induction Cooktop,prepaid_card,0,2026-05
KO2610420,0,0.020084013657224658,0,Air Fryer,prepaid_upi,0,2026-05
KO2610419,0,0.009473818558896499,0,Mixer Grinder,prepaid_upi,0,2026-05
KO2610418,0,0.11214948455625172,0,Mixer Grinder,prepaid_upi,2,2026-05
KO2610358,0,0.07469648603149237,1,Robot Vacuum,prepaid_upi,0,2026-05
KO2610359,0,0.08034712465297968,1,Ceiling Fan,emi,0,2026-05
KO2610360,1,0.560558076311479,0,Robot Vacuum,prepaid_upi,3,2026-05
KO2610361,0,0.28175522282956766,1,Robot Vacuum,prepaid_card,0,2026-05
KO2610362,0,0.05373933647589153,1,Induction Cooktop,prepaid_upi,0,2026-05
KO2610363,0,0.12660871097081128,1,Water Purifier,prepaid_upi,0,2026-05
KO2610364,0,0.06787370528596211,0,Water Purifier,prepaid_card,0,2026-05
KO2610365,0,0.13917969747582606,0,Robot Vacuum,prepaid_card,0,2026-05
KO2610366,0,0.027784710408420718,0,Water Purifier,prepaid_upi,0,2026-05
KO2610367,1,0.09880259327950539,0,Water Purifier,cod,0,2026-05
KO2610368,0,0.06718056736890957,0,Air Fryer,cod,0,2026-05
KO2610369,0,0.054218555672638495,0,Water Purifier,prepaid_upi,0,2026-05
KO2610370,0,0.061792205938693036,0,Mixer Grinder,prepaid_card,0,2026-05
KO2610371,0,0.06811144455421578,1,Induction Cooktop,cod,0,2026-05
KO2610372,0,0.14136842170235192,0,Water Purifier,cod,0,2026-05
KO2610373,0,0.6269504053645586,1,Robot Vacuum,cod,1,2026-05
KO2610374,0,0.2454018144261018,0,Room Heater,cod,0,2026-05
KO2610357,0,0.02118184626419077,0,Water Purifier,emi,0,2026-05
KO2610375,0,0.044142794679572696,0,Induction Cooktop,prepaid_upi,0,2026-05
KO2610356,0,0.029734098259674088,0,Mixer Grinder,emi,0,2026-05
KO2610354,0,0.1265452545330604,0,Robot Vacuum,cod,0,2026-05
KO2610337,0,0.02703080327599439,0,Mixer Grinder,prepaid_upi,1,2026-05
KO2610338,0,0.13504183361199523,0,Robot Vacuum,emi,1,2026-05
KO2610339,0,0.021411115361331015,0,Room Heater,prepaid_upi,0,2026-05
KO2610340,0,0.015136567434588374,0,Induction Cooktop,prepaid_upi,0,2026-05
KO2610341,0,0.10688748337517319,1,Mixer Grinder,emi,0,2026-05
KO2610342,0,0.017430611601465047,0,Induction Cooktop,prepaid_card,0,2026-05
KO2610343,0,0.05903469254446896,1,Mixer Grinder,prepaid_upi,0,2026-05
KO2610344,0,0.034631310543490536,0,Air Fryer,prepaid_upi,0,2026-05
KO2610345,0,0.009928491146218401,0,Ceiling Fan,prepaid_upi,0,2026-05
KO2610346,0,0.23359384063715355,0,Room Heater,cod,0,2026-05
KO2610347,0,0.047310328431740496,1,Mixer Grinder,prepaid_upi,0,2026-05
KO2610348,0,0.03128897860386592,0,Mixer Grinder,emi,0,2026-05
KO2610349,0,0.028173927137607302,0,Room Heater,prepaid_card,0,2026-05
KO2610350,1,0.13555504565243554,1,Induction Cooktop,prepaid_upi,0,2026-05
KO2610351,0,0.025476012453782962,0,Mixer Grinder,prepaid_upi,0,2026-05
KO2610352,0,0.11135597880082991,0,Air Fryer,prepaid_upi,0,2026-05
KO2610353,1,0.2057562964810344,0,Robot Vacuum,cod,0,2026-05
KO2610355,0,0.032437516401074194,0,Ceiling Fan,emi,0,2026-05
KO2610376,0,0.023322563011310606,0,Mixer Grinder,prepaid_card,0,2026-05
KO2610377,0,0.3565130169621395,1,Robot Vacuum,cod,0,2026-05
KO2610378,0,0.057598570600090986,0,Water Purifier,prepaid_upi,0,2026-05
KO2610401,0,0.03866145170737926,0,Mixer Grinder,prepaid_upi,0,2026-05
KO2610402,0,0.09408694802478476,0,Room Heater,prepaid_upi,1,2026-05
KO2610403,0,0.01418443235363765,0,Induction Cooktop,prepaid_card,0,2026-05
KO2610404,0,0.10514167560784528,0,Air Fryer,cod,0,2026-05
KO2610405,1,0.1376743187360062,0,Room Heater,cod,0,2026-05
KO2610406,0,0.045694500007903274,0,Air Fryer,prepaid_upi,0,2026-05
KO2610407,0,0.10633055815889561,1,Ceiling Fan,emi,1,2026-05
KO2610408,0,0.04288059079637683,0,Air Fryer,prepaid_upi,0,2026-05
KO2610409,1,0.7098877741350299,1,Robot Vacuum,cod,1,2026-05
KO2610410,0,0.08522424544842469,0,Air Fryer,prepaid_card,0,2026-05
KO2610411,0,0.10594088859142539,1,Water Purifier,emi,0,2026-05
KO2610412,0,0.2328271077949429,0,Robot Vacuum,cod,0,2026-05
KO2610413,0,0.28782002454248373,1,Robot Vacuum,cod,0,2026-05
KO2610414,0,0.06468842382800362,0,Ceiling Fan,cod,0,2026-05
KO2610415,0,0.06722110382614437,0,Robot Vacuum,prepaid_upi,0,2026-05
KO2610416,0,0.036744715298601564,0,Water Purifier,prepaid_upi,0,2026-05
KO2610417,1,0.29387816290466484,1,Water Purifier,cod,0,2026-05
KO2610400,0,0.36907521578952396,0,Water Purifier,cod,0,2026-05
KO2610399,0,0.31078527394218824,1,Robot Vacuum,prepaid_upi,0,2026-05
KO2610398,0,0.3034609233825647,1,Room Heater,cod,0,2026-05
KO2610397,0,0.12442300969009146,0,Air Fryer,cod,0,2026-05
KO2610379,0,0.05557323112348356,1,Ceiling Fan,prepaid_card,0,2026-05
KO2610380,0,0.10845852612103597,1,Ceiling Fan,cod,0,2026-05
KO2610381,0,0.03643684698536893,0,Mixer Grinder,prepaid_upi,1,2026-05
KO2610382,0,0.02351961286750987,1,Ceiling Fan,prepaid_upi,0,2026-05
KO2610383,0,0.15945075257951374,0,Ceiling Fan,cod,1,2026-05
KO2610384,0,0.42328225830850164,1,Room Heater,cod,0,2026-05
KO2610385,0,0.025110662751517628,0,Induction Cooktop,prepaid_upi,0,2026-05
KO2610386,1,0.21890972862413222,0,Air Fryer,emi,1,2026-05
KO2610335,0,0.11672965118468884,0,Air Fryer,prepaid_card,1,2026-05
KO2610387,0,0.08203346305189219,0,Air Fryer,emi,0,2026-05
KO2610389,0,0.10116268531401207,1,Room Heater,prepaid_upi,0,2026-05
KO2610390,0,0.011932711820817465,0,Mixer Grinder,emi,0,2026-05
KO2610391,0,0.016041256510843996,0,Induction Cooktop,prepaid_upi,0,2026-05
KO2610392,0,0.037489222380917425,0,Mixer Grinder,prepaid_upi,0,2026-05
KO2610393,0,0.10740962920720325,0,Induction Cooktop,cod,0,2026-05
KO2610394,0,0.018970912728308736,0,Ceiling Fan,prepaid_upi,0,2026-05
KO2610395,1,0.12720074414109775,1,Room Heater,emi,1,2026-05
KO2610396,0,0.07503711437497144,0,Water Purifier,prepaid_card,0,2026-05
KO2610388,0,0.19540279491445517,0,Robot Vacuum,prepaid_upi,1,2026-05
KO2609828,0,0.31901640165633816,0,Robot Vacuum,prepaid_card,0,2026-05
KO2610166,0,0.02708502822008957,0,Mixer Grinder,prepaid_upi,0,2026-05
KO2610164,0,0.07305639597910782,0,Water Purifier,prepaid_upi,0,2026-05
KO2609936,0,0.02068889166096552,0,Induction Cooktop,prepaid_upi,0,2026-05
KO2609937,0,0.14146784479842447,0,Robot Vacuum,cod,0,2026-05
KO2609938,0,0.09978626987534951,0,Robot Vacuum,prepaid_card,0,2026-05
KO2609939,0,0.2058359818678719,1,Air Fryer,prepaid_upi,0,2026-05
KO2609940,0,0.10305452960730796,0,Robot Vacuum,emi,1,2026-05
KO2609941,0,0.05756940390996219,1,Ceiling Fan,emi,0,2026-05
KO2609942,0,0.046044169314962385,0,Air Fryer,prepaid_card,0,2026-05
KO2609943,0,0.0812362154667568,1,Room Heater,prepaid_upi,0,2026-05
KO2609944,0,0.042978425409436256,0,Robot Vacuum,prepaid_upi,0,2026-05
KO2609945,0,0.058310789049627276,0,Robot Vacuum,emi,0,2026-05
KO2609946,0,0.015562584730014538,0,Ceiling Fan,prepaid_card,0,2026-05
KO2609947,0,0.08514240854796751,1,Water Purifier,prepaid_upi,0,2026-05
KO2609948,0,0.06199335286685599,0,Robot Vacuum,emi,0,2026-05
KO2609949,0,0.15723708735435674,0,Room Heater,prepaid_upi,2,2026-05
KO2609950,0,0.297723037559058,0,Air Fryer,prepaid_upi,0,2026-05
KO2609951,0,0.08087408527506161,0,Induction Cooktop,cod,0,2026-05
KO2609952,0,0.1249604008070243,1,Water Purifier,prepaid_card,0,2026-05
KO2609935,0,0.05122204726538475,0,Ceiling Fan,cod,0,2026-05
KO2609953,0,0.043737793079460484,0,Water Purifier,prepaid_upi,0,2026-05
KO2609934,1,0.07368969481195368,0,Air Fryer,cod,0,2026-05
KO2609932,1,0.060131644252014685,0,Ceiling Fan,cod,0,2026-05
KO2609915,1,0.07049292120617884,0,Ceiling Fan,cod,0,2026-05
KO2609916,0,0.13668945542877559,0,Water Purifier,prepaid_upi,0,2026-05
KO2609917,0,0.09618236841584756,0,Robot Vacuum,prepaid_upi,0,2026-05
KO2609918,0,0.12098115139043582,0,Room Heater,cod,0,2026-05
KO2609919,0,0.05093145787532487,0,Robot Vacuum,prepaid_card,0,2026-05
KO2609920,0,0.033405312198593995,0,Ceiling Fan,cod,0,2026-05
KO2609921,1,0.2319110139752219,1,Air Fryer,prepaid_upi,0,2026-05
KO2609922,1,0.11918091813322224,1,Room Heater,prepaid_card,0,2026-05
KO2609923,0,0.16048476993875851,0,Robot Vacuum,cod,0,2026-05
KO2609924,0,0.05648476730384077,1,Induction Cooktop,prepaid_card,0,2026-05
KO2609925,1,0.43980235328479605,1,Water Purifier,prepaid_card,2,2026-05
KO2609926,0,0.028566576252648967,0,Mixer Grinder,prepaid_upi,0,2026-05
KO2609927,0,0.031255643302684245,0,Room Heater,prepaid_card,0,2026-05
KO2609928,0,0.3443024167225634,1,Air Fryer,cod,0,2026-05
KO2609929,0,0.11839164200891128,0,Induction Cooktop,cod,0,2026-05
KO2609930,0,0.18691026318305104,1,Water Purifier,prepaid_upi,0,2026-05
KO2609931,1,0.4221848680876906,0,Ceiling Fan,cod,2,2026-05
KO2609933,0,0.05741597544447862,0,Robot Vacuum,emi,0,2026-05
KO2609914,0,0.03715158148812825,0,Air Fryer,prepaid_card,0,2026-05
KO2609954,0,0.0208462049140039,0,Ceiling Fan,prepaid_card,0,2026-05
KO2609956,1,0.06235430802363448,0,Robot Vacuum,prepaid_upi,0,2026-05
KO2609978,0,0.05190876458860117,0,Ceiling Fan,cod,0,2026-05
KO2609979,0,0.09574694871276034,0,Induction Cooktop,cod,0,2026-05
KO2609980,0,0.22028650897489396,0,Robot Vacuum,prepaid_upi,0,2026-05
KO2609981,1,0.10130981364702832,0,Induction Cooktop,prepaid_upi,1,2026-05
KO2609982,0,0.051476541589749854,0,Room Heater,prepaid_card,0,2026-05
KO2609983,0,0.04803575764774545,0,Induction Cooktop,cod,0,2026-05
KO2609984,1,0.14677275818884802,1,Water Purifier,prepaid_upi,1,2026-05
KO2609985,1,0.15275687501884716,1,Induction Cooktop,prepaid_upi,0,2026-05
KO2609986,0,0.06830265847229779,0,Robot Vacuum,emi,0,2026-05
KO2609987,0,0.03067319640790018,0,Mixer Grinder,cod,0,2026-05
KO2609988,0,0.036027499422178484,0,Robot Vacuum,prepaid_upi,0,2026-05
KO2609989,1,0.10414594672050079,0,Room Heater,emi,0,2026-05
KO2609990,0,0.08059118352597389,0,Robot Vacuum,emi,0,2026-05
KO2609991,0,0.1497100794953072,0,Induction Cooktop,cod,0,2026-05
KO2609992,0,0.03314383421192947,0,Ceiling Fan,prepaid_upi,0,2026-05
KO2609993,0,0.018976691130319148,0,Mixer Grinder,prepaid_card,0,2026-05
KO2609994,0,0.0315451479626722,0,Mixer Grinder,prepaid_card,0,2026-05
KO2609977,0,0.0429572955373233,0,Mixer Grinder,prepaid_upi,0,2026-05
KO2609955,1,0.11627029027122637,1,Induction Cooktop,cod,0,2026-05
KO2609976,0,0.18691057679334624,0,Room Heater,prepaid_upi,1,2026-05
KO2609974,0,0.09470663945671692,0,Room Heater,prepaid_card,1,2026-05
KO2609957,0,0.12843532680490632,1,Mixer Grinder,cod,0,2026-05
KO2609958,0,0.04363345516643273,0,Induction Cooktop,cod,0,2026-05
KO2609959,0,0.08771622762694217,1,Induction Cooktop,prepaid_upi,0,2026-05
KO2609960,0,0.04606675017485327,0,Mixer Grinder,prepaid_upi,0,2026-05
KO2609961,0,0.40013990080728007,1,Robot Vacuum,prepaid_upi,1,2026-05
KO2609962,0,0.15900035114317512,1,Water Purifier,prepaid_upi,0,2026-05
KO2609963,0,0.023369906008258015,0,Air Fryer,prepaid_upi,0,2026-05
KO2609964,0,0.014302243586162238,0,Ceiling Fan,emi,0,2026-05
KO2609965,0,0.2895319880917371,0,Induction Cooktop,prepaid_card,2,2026-05
KO2609966,0,0.02520174527425162,0,Ceiling Fan,prepaid_card,0,2026-05
KO2609967,0,0.010496636600915536,0,Ceiling Fan,prepaid_upi,0,2026-05
KO2609968,0,0.040968390825344266,0,Induction Cooktop,prepaid_card,0,2026-05
KO2609969,1,0.1714904725080354,1,Robot Vacuum,prepaid_upi,0,2026-05
KO2609970,0,0.11703493544176627,1,Room Heater,prepaid_card,0,2026-05
KO2609971,0,0.08260424406029059,0,Induction Cooktop,cod,0,2026-05
KO2609972,1,0.29532813602217745,1,Robot Vacuum,prepaid_card,0,2026-05
KO2609973,0,0.2600301792540014,0,Room Heater,cod,1,2026-05
KO2609975,0,0.09090356154424645,0,Air Fryer,cod,0,2026-05
KO2609913,1,0.24719907324251073,1,Induction Cooktop,cod,0,2026-05
KO2609912,0,0.052249771162294505,1,Water Purifier,emi,0,2026-05
KO2609911,1,0.40307937258212806,1,Robot Vacuum,cod,0,2026-05
KO2609851,0,0.04463903376917925,0,Air Fryer,prepaid_upi,0,2026-05
KO2609852,0,0.057016179452252604,0,Air Fryer,cod,0,2026-05
KO2609853,0,0.06430602282140839,0,Robot Vacuum,prepaid_upi,0,2026-05
KO2609854,0,0.01874744923607151,0,Room Heater,prepaid_upi,0,2026-05
KO2609855,0,0.12942579314774394,1,Ceiling Fan,cod,0,2026-05
KO2609856,0,0.03924098791439924,0,Mixer Grinder,prepaid_upi,0,2026-05
KO2609857,0,0.13274295141508904,0,Room Heater,cod,0,2026-05
KO2609858,1,0.01941370541663079,0,Mixer Grinder,emi,0,2026-05
KO2609859,1,0.26708864503918606,0,Room Heater,cod,2,2026-05
KO2609860,0,0.046371615357461815,0,Water Purifier,prepaid_card,0,2026-05
KO2609861,0,0.014299965330563238,0,Ceiling Fan,prepaid_card,0,2026-05
KO2609862,0,0.06862191856347855,1,Ceiling Fan,prepaid_card,0,2026-05
KO2609863,0,0.11719089319055734,0,Induction Cooktop,cod,0,2026-05
KO2609864,0,0.3278696524750952,1,Ceiling Fan,cod,0,2026-05
KO2609865,0,0.040022213361340216,0,Ceiling Fan,prepaid_card,0,2026-05
KO2609866,0,0.06258374467886092,1,Water Purifier,prepaid_upi,0,2026-05
KO2609867,0,0.03140998659509669,0,Room Heater,prepaid_card,0,2026-05
KO2609850,0,0.04461753189777755,1,Ceiling Fan,prepaid_upi,0,2026-05
KO2609868,0,0.03757766373968673,0,Mixer Grinder,prepaid_upi,0,2026-05
KO2609849,0,0.030542682040327965,0,Water Purifier,emi,0,2026-05
KO2609847,0,0.11046439510721383,0,Room Heater,prepaid_upi,1,2026-05
KO2609830,0,0.03083906031646163,0,Induction Cooktop,prepaid_upi,0,2026-05
KO2609831,0,0.17918806938031887,0,Room Heater,cod,0,2026-05
KO2609832,1,0.1219426083306901,0,Room Heater,cod,0,2026-05
KO2609833,0,0.17668970348768553,1,Water Purifier,prepaid_upi,0,2026-05
KO2609834,0,0.029182510364929595,0,Ceiling Fan,prepaid_card,0,2026-05
KO2609835,0,0.2351615878268331,1,Water Purifier,cod,0,2026-05
KO2609836,1,0.2030678502341371,0,Induction Cooktop,cod,0,2026-05
KO2609837,1,0.059157052748740696,0,Room Heater,prepaid_card,0,2026-05
KO2609838,0,0.23239009500993638,0,Robot Vacuum,cod,0,2026-05
KO2609839,0,0.026313955971723996,0,Mixer Grinder,prepaid_upi,0,2026-05
KO2609840,1,0.10703208091373656,1,Robot Vacuum,prepaid_card,0,2026-05
KO2609841,0,0.050234621341514074,0,Room Heater,prepaid_upi,0,2026-05
KO2609842,0,0.01558129794263211,0,Induction Cooktop,prepaid_upi,0,2026-05
KO2609843,0,0.049458174187244595,0,Induction Cooktop,emi,1,2026-05
KO2609844,0,0.0123327561842313,0,Induction Cooktop,emi,0,2026-05
KO2609845,0,0.03966261526896837,0,Room Heater,prepaid_card,0,2026-05
KO2609846,0,0.07117041514843868,0,Air Fryer,prepaid_upi,0,2026-05
KO2609848,0,0.06907655429509475,0,Robot Vacuum,prepaid_upi,0,2026-05
KO2609869,0,0.0935655339339767,1,Room Heater,prepaid_card,0,2026-05
KO2609870,1,0.22740768911339854,0,Robot Vacuum,cod,1,2026-05
KO2609871,0,0.05363890008270096,0,Mixer Grinder,cod,0,2026-05
KO2609894,0,0.09364698931089546,0,Mixer Grinder,cod,0,2026-05
KO2609895,0,0.0631043252179062,0,Room Heater,prepaid_upi,0,2026-05
KO2609896,0,0.07359817508239817,0,Induction Cooktop,cod,0,2026-05
KO2609897,0,0.016655629310881586,0,Ceiling Fan,prepaid_card,0,2026-05
KO2609898,0,0.05677559590387236,0,Air Fryer,prepaid_upi,0,2026-05
KO2609899,0,0.1122647381402028,1,Induction Cooktop,cod,0,2026-05
KO2609900,0,0.07655207884457872,0,Room Heater,cod,0,2026-05
KO2609901,0,0.139791556468755,1,Mixer Grinder,prepaid_upi,0,2026-05
KO2609902,0,0.03863892105546858,0,Ceiling Fan,cod,0,2026-05
KO2609903,0,0.04911925749180579,0,Air Fryer,emi,0,2026-05
KO2609904,0,0.1737229431602008,1,Robot Vacuum,prepaid_upi,0,2026-05
KO2609905,0,0.034001208654161195,0,Room Heater,prepaid_card,0,2026-05
KO2609906,0,0.08492335611914001,0,Ceiling Fan,cod,0,2026-05
KO2609907,1,0.33657843822974737,0,Water Purifier,cod,0,2026-05
KO2609908,0,0.07202192676283302,0,Air Fryer,prepaid_card,0,2026-05
KO2609909,0,0.02110844629814624,0,Ceiling Fan,prepaid_card,0,2026-05
KO2609910,1,0.06107671417243026,0,Ceiling Fan,cod,0,2026-05
KO2609893,0,0.2201456260637059,1,Ceiling Fan,cod,0,2026-05
KO2609892,0,0.0686629427316754,0,Ceiling Fan,cod,0,2026-05
KO2609891,0,0.02348396247615474,0,Room Heater,prepaid_upi,0,2026-05
KO2609890,0,0.20698472841837892,0,Robot Vacuum,prepaid_upi,0,2026-05
KO2609872,0,0.04454435886688819,0,Air Fryer,prepaid_upi,0,2026-05
KO2609873,0,0.09616329015262001,0,Mixer Grinder,cod,0,2026-05
KO2609874,1,0.34290337080941385,1,Mixer Grinder,cod,1,2026-05
KO2609875,0,0.17855318992558464,1,Room Heater,prepaid_card,0,2026-05
KO2609876,0,0.3414293516919744,0,Robot Vacuum,cod,0,2026-05
KO2609877,1,0.34707688339183385,0,Mixer Grinder,emi,3,2026-05
KO2609878,0,0.3181978224760481,0,Induction Cooktop,cod,0,2026-05
KO2609879,0,0.02481300657030449,0,Room Heater,prepaid_card,0,2026-05
KO2609995,0,0.047802226240989336,0,Air Fryer,prepaid_card,0,2026-05
KO2609880,0,0.00834878785655448,0,Ceiling Fan,prepaid_upi,0,2026-05
KO2609882,0,0.01122682829341658,0,Induction Cooktop,prepaid_upi,0,2026-05
KO2609883,0,0.03076388356495369,0,Water Purifier,prepaid_upi,0,2026-05
KO2609884,0,0.039216039639165694,0,Robot Vacuum,prepaid_upi,0,2026-05
KO2609885,0,0.30618758824697234,1,Air Fryer,cod,1,2026-05
KO2609886,0,0.18473948753529573,0,Water Purifier,cod,0,2026-05
KO2609887,1,0.7211418417024927,1,Robot Vacuum,cod,2,2026-05
KO2609888,0,0.04770383406233303,0,Ceiling Fan,prepaid_upi,0,2026-05
KO2609889,0,0.0211140875053888,0,Robot Vacuum,prepaid_upi,0,2026-05
KO2609881,1,0.02398737549764779,0,Room Heater,prepaid_upi,0,2026-05
KO2610165,0,0.007954921968723378,0,Ceiling Fan,prepaid_upi,0,2026-05
KO2609996,0,0.021680038843810603,0,Induction Cooktop,emi,0,2026-05
KO2609998,1,0.08683372055878265,0,Air Fryer,prepaid_upi,0,2026-05
KO2610105,0,0.050985718205556536,0,Room Heater,prepaid_upi,0,2026-05
KO2610106,0,0.19294034641977895,0,Robot Vacuum,cod,0,2026-05
KO2610107,0,0.014859418989855632,0,Room Heater,prepaid_upi,0,2026-05
KO2610108,0,0.04493627416819093,0,Room Heater,emi,0,2026-05
KO2610109,0,0.038591060454218576,0,Water Purifier,prepaid_upi,0,2026-05
KO2610110,0,0.021673133262040904,0,Mixer Grinder,emi,0,2026-05
KO2610111,0,0.013844658390000396,0,Induction Cooktop,prepaid_upi,0,2026-05
KO2610112,0,0.08100663512027652,0,Water Purifier,cod,0,2026-05
KO2610113,0,0.41030511814388115,0,Water Purifier,cod,0,2026-05
KO2610114,0,0.06499109413705653,0,Robot Vacuum,emi,0,2026-05
KO2610115,0,0.07782319065049804,0,Air Fryer,prepaid_upi,1,2026-05
KO2610116,0,0.1206903054801429,0,Robot Vacuum,emi,0,2026-05
KO2610117,0,0.08229808610749031,1,Robot Vacuum,emi,0,2026-05
KO2610118,0,0.08240752964204222,0,Induction Cooktop,cod,0,2026-05
KO2610119,0,0.1087389534067155,0,Room Heater,prepaid_upi,0,2026-05
KO2610120,0,0.07753238077051491,0,Induction Cooktop,cod,0,2026-05
KO2610121,0,0.1499904513261028,0,Mixer Grinder,cod,0,2026-05
KO2610104,0,0.02618769308745548,0,Ceiling Fan,prepaid_upi,0,2026-05
KO2610122,0,0.1112338483069392,1,Water Purifier,prepaid_upi,0,2026-05
KO2610103,0,0.07954740289939423,1,Water Purifier,prepaid_card,0,2026-05
KO2610101,0,0.21069545602141787,0,Mixer Grinder,cod,0,2026-05
KO2610084,0,0.017632073223865022,0,Air Fryer,prepaid_upi,0,2026-05
KO2610085,0,0.040407793485077,0,Air Fryer,prepaid_upi,0,2026-05
KO2610086,0,0.04353379591827616,1,Ceiling Fan,prepaid_card,0,2026-05
KO2610087,0,0.03796501560039053,0,Mixer Grinder,prepaid_upi,0,2026-05
KO2610088,0,0.4927456513523381,1,Water Purifier,cod,0,2026-05
KO2610089,0,0.06276397348719372,0,Mixer Grinder,prepaid_card,0,2026-05
KO2610090,0,0.033797823421049936,0,Air Fryer,emi,0,2026-05
KO2610091,0,0.16640483385600627,1,Air Fryer,cod,0,2026-05
KO2610092,1,0.3368021292999288,1,Room Heater,cod,0,2026-05
KO2610093,0,0.14695287187777664,0,Robot Vacuum,prepaid_card,0,2026-05
KO2610094,0,0.0494110386829178,0,Induction Cooktop,cod,0,2026-05
KO2610095,1,0.4062166220467299,1,Ceiling Fan,cod,1,2026-05
KO2610096,0,0.10480965552565448,0,Air Fryer,prepaid_upi,0,2026-05
KO2610097,0,0.1816437619109228,0,Air Fryer,cod,0,2026-05
KO2610098,0,0.044019951973024954,1,Mixer Grinder,prepaid_upi,0,2026-05
KO2610099,0,0.12514057197726416,0,Robot Vacuum,cod,0,2026-05
KO2610100,0,0.04916099756261747,0,Room Heater,prepaid_upi,0,2026-05
KO2610102,0,0.016469974456359185,0,Induction Cooktop,prepaid_upi,0,2026-05
KO2610083,0,0.08013746773488162,0,Air Fryer,cod,0,2026-05
KO2610123,0,0.11574878915358865,1,Induction Cooktop,cod,0,2026-05
KO2610125,0,0.04676677717165718,0,Mixer Grinder,cod,0,2026-05
KO2610147,0,0.06265852170298349,0,Induction Cooktop,cod,0,2026-05
KO2610148,0,0.014682817528171471,0,Ceiling Fan,prepaid_upi,0,2026-05
KO2610149,0,0.031026467888691154,0,Water Purifier,prepaid_upi,0,2026-05
KO2610150,0,0.26123616946341305,1,Mixer Grinder,cod,0,2026-05
KO2610151,0,0.0509319034914328,1,Mixer Grinder,prepaid_upi,0,2026-05
KO2610152,0,0.04406691780786831,0,Air Fryer,emi,0,2026-05
KO2610153,0,0.07014486535774897,1,Induction Cooktop,prepaid_upi,0,2026-05
KO2610154,0,0.17195157811745432,0,Robot Vacuum,cod,0,2026-05
KO2610155,0,0.11644554584670434,0,Room Heater,cod,0,2026-05
KO2610156,0,0.21166030173603198,0,Robot Vacuum,prepaid_upi,0,2026-05
KO2610157,0,0.2176473584006925,1,Mixer Grinder,cod,0,2026-05
KO2610158,0,0.43524748961815146,0,Robot Vacuum,cod,0,2026-05
KO2610159,1,0.6366186683502592,0,Induction Cooktop,prepaid_upi,4,2026-05
KO2610160,0,0.020177746065562087,0,Induction Cooktop,prepaid_upi,0,2026-05
KO2610161,0,0.07471974415144234,0,Room Heater,prepaid_upi,0,2026-05
KO2610162,1,0.1810408683032842,1,Robot Vacuum,cod,0,2026-05
KO2610163,0,0.1691801847175694,1,Induction Cooktop,cod,0,2026-05
KO2610146,0,0.09446274839165647,0,Air Fryer,cod,0,2026-05
KO2610124,0,0.1692646695838672,0,Room Heater,cod,0,2026-05
KO2610145,0,0.09141021151210335,0,Room Heater,prepaid_card,0,2026-05
KO2610143,0,0.11224767868680294,0,Induction Cooktop,prepaid_upi,0,2026-05
KO2610126,1,0.45505533722573366,1,Air Fryer,cod,0,2026-05
KO2610127,0,0.020264337419715155,0,Room Heater,prepaid_card,0,2026-05
KO2610128,0,0.15807606130829543,1,Mixer Grinder,prepaid_card,1,2026-05
KO2610129,0,0.02068889166096552,0,Induction Cooktop,prepaid_upi,0,2026-05
KO2610130,0,0.16969704697619242,1,Ceiling Fan,cod,0,2026-05
KO2610131,0,0.11302165337728404,1,Air Fryer,prepaid_upi,0,2026-05
KO2610132,0,0.09036558093756454,0,Robot Vacuum,prepaid_card,0,2026-05
KO2610133,0,0.034712510838944506,0,Mixer Grinder,cod,0,2026-05
KO2610134,0,0.04637141134277184,0,Robot Vacuum,prepaid_upi,0,2026-05
KO2610135,0,0.046371615357461815,0,Water Purifier,prepaid_card,0,2026-05
KO2610136,1,0.21856854042472323,1,Room Heater,cod,0,2026-05
KO2610137,0,0.039150632344728785,1,Induction Cooktop,prepaid_upi,0,2026-05
KO2610138,0,0.012881629278385974,0,Ceiling Fan,prepaid_card,0,2026-05
KO2610139,0,0.10145230815163292,0,Water Purifier,cod,0,2026-05
KO2610140,0,0.05117484548701259,0,Room Heater,emi,0,2026-05
KO2610141,0,0.029556207515033427,0,Air Fryer,prepaid_upi,0,2026-05
KO2610142,0,0.03797171789465545,0,Mixer Grinder,cod,0,2026-05
KO2610144,0,0.0733821395394618,1,Air Fryer,prepaid_upi,0,2026-05
KO2610082,0,0.0962474092520488,0,Water Purifier,cod,0,2026-05
KO2610081,1,0.9515225816031598,0,Mixer Grinder,emi,6,2026-05
KO2610080,0,0.078890710662047,0,Robot Vacuum,prepaid_card,0,2026-05
KO2610020,0,0.10327248276136436,1,Water Purifier,prepaid_upi,0,2026-05
KO2610021,0,0.03400102387526063,0,Room Heater,prepaid_upi,0,2026-05
KO2610022,0,0.06805033846851435,0,Air Fryer,emi,0,2026-05
KO2610023,0,0.06252819072156844,0,Water Purifier,cod,0,2026-05
KO2610024,0,0.24321293105859962,0,Ceiling Fan,cod,2,2026-05
KO2610025,0,0.031328602168462394,0,Room Heater,prepaid_upi,0,2026-05
KO2610026,0,0.0460211929543363,0,Robot Vacuum,prepaid_upi,0,2026-05
KO2610027,0,0.07323236240513503,0,Robot Vacuum,prepaid_upi,0,2026-05
KO2610028,0,0.03149497372689015,0,Induction Cooktop,cod,0,2026-05
KO2610029,0,0.06936145550638255,1,Ceiling Fan,prepaid_upi,0,2026-05
KO2610030,0,0.19095598075593162,1,Room Heater,prepaid_upi,1,2026-05
KO2610031,0,0.11098916838289681,0,Robot Vacuum,prepaid_upi,0,2026-05
KO2610032,0,0.1408473383126257,0,Robot Vacuum,prepaid_upi,0,2026-05
KO2610033,0,0.050969095057786004,0,Ceiling Fan,prepaid_upi,1,2026-05
KO2610034,0,0.02711244329863707,0,Ceiling Fan,prepaid_upi,0,2026-05
KO2610035,0,0.1848119846311985,1,Room Heater,prepaid_upi,0,2026-05
KO2610036,0,0.2084214630525728,1,Induction Cooktop,cod,0,2026-05
KO2610019,0,0.16135375578942573,1,Induction Cooktop,cod,0,2026-05
KO2610037,0,0.0772856770116262,0,Induction Cooktop,prepaid_upi,0,2026-05
KO2610018,0,0.23938429468119826,1,Ceiling Fan,cod,0,2026-05
KO2610016,1,0.3882908000919646,0,Air Fryer,cod,2,2026-05
KO2609999,0,0.014972321403564819,0,Room Heater,prepaid_upi,0,2026-05
KO2610000,0,0.19035974947068846,1,Air Fryer,cod,0,2026-05
KO2610001,0,0.028733669724493257,0,Induction Cooktop,emi,0,2026-05
KO2610002,0,0.037122922602695944,0,Robot Vacuum,emi,0,2026-05
KO2610003,0,0.05679090666423997,0,Ceiling Fan,prepaid_card,1,2026-05
KO2610004,0,0.08093037834195654,0,Room Heater,prepaid_upi,0,2026-05
KO2610005,0,0.04733897897663177,0,Ceiling Fan,cod,0,2026-05
KO2610006,0,0.15975928367213305,0,Air Fryer,cod,0,2026-05
KO2610007,0,0.11839164200891128,0,Induction Cooktop,cod,0,2026-05
KO2610008,1,0.11090883846215661,0,Air Fryer,cod,0,2026-05
KO2610009,0,0.0720948647670127,0,Water Purifier,prepaid_upi,0,2026-05
KO2610010,0,0.021028741356687055,0,Induction Cooktop,prepaid_upi,0,2026-05
KO2610011,0,0.10106507191019408,0,Room Heater,prepaid_upi,0,2026-05
KO2610012,0,0.1372344932918071,1,Ceiling Fan,prepaid_card,0,2026-05
KO2610013,0,0.023358821798869483,0,Mixer Grinder,prepaid_card,0,2026-05
KO2610014,0,0.08345133804522972,1,Mixer Grinder,cod,0,2026-05
KO2610015,0,0.0523640718500519,0,Air Fryer,prepaid_card,0,2026-05
KO2610017,0,0.04681915633476513,1,Air Fryer,prepaid_upi,0,2026-05
KO2610038,0,0.11328471608743984,0,Mixer Grinder,cod,0,2026-05
KO2610039,0,0.015734135605043383,0,Ceiling Fan,prepaid_upi,0,2026-05
KO2610040,0,0.013477433040404947,0,Ceiling Fan,prepaid_upi,0,2026-05
KO2610063,0,0.014181750695572596,0,Induction Cooktop,prepaid_upi,0,2026-05
KO2610064,0,0.016168927990835764,0,Air Fryer,prepaid_upi,0,2026-05
KO2610065,0,0.06055266171881708,1,Mixer Grinder,prepaid_card,0,2026-05
KO2610066,0,0.0880928511668178,0,Air Fryer,cod,0,2026-05
KO2610067,0,0.059320922764351164,0,Mixer Grinder,emi,1,2026-05
KO2610068,0,0.10034330694827608,0,Ceiling Fan,cod,0,2026-05
KO2610069,0,0.0958414709966925,1,Induction Cooktop,cod,0,2026-05
KO2610070,0,0.14860016850784435,1,Air Fryer,cod,0,2026-05
KO2610071,0,0.08796883140670762,0,Robot Vacuum,emi,0,2026-05
KO2610072,0,0.08734001899356242,1,Air Fryer,prepaid_card,0,2026-05
KO2610073,0,0.1048914195127774,0,Water Purifier,cod,0,2026-05
KO2610074,0,0.07713813252003957,0,Water Purifier,prepaid_upi,0,2026-05
KO2610075,0,0.02229775810920526,0,Ceiling Fan,prepaid_upi,0,2026-05
KO2610076,0,0.06481926447188664,0,Mixer Grinder,prepaid_upi,0,2026-05
KO2610077,0,0.09441583362630603,0,Water Purifier,prepaid_upi,0,2026-05
KO2610078,0,0.03684624073635942,0,Water Purifier,prepaid_card,0,2026-05
KO2610079,0,0.17095950174758678,0,Mixer Grinder,cod,0,2026-05
KO2610062,0,0.014606690511277968,0,Ceiling Fan,prepaid_upi,0,2026-05
KO2610061,0,0.02947248934127054,0,Mixer Grinder,emi,0,2026-05
KO2610060,0,0.1082321076121271,0,Robot Vacuum,prepaid_upi,0,2026-05
KO2610059,0,0.03683009109521407,0,Robot Vacuum,prepaid_upi,0,2026-05
KO2610041,0,0.08031755826072146,0,Induction Cooktop,prepaid_upi,1,2026-05
KO2610042,0,0.011688500117098702,0,Ceiling Fan,prepaid_upi,0,2026-05
KO2610043,0,0.05604096473383969,0,Air Fryer,emi,0,2026-05
KO2610044,1,0.13576018789724978,1,Mixer Grinder,cod,0,2026-05
KO2610045,0,0.0945728550475551,0,Room Heater,cod,0,2026-05
KO2610046,0,0.020413190090490876,0,Ceiling Fan,cod,0,2026-05
KO2610047,0,0.10101368000339839,0,Water Purifier,cod,0,2026-05
KO2610048,0,0.10563263780934266,0,Water Purifier,cod,0,2026-05
KO2609997,1,0.08456675571855816,0,Ceiling Fan,prepaid_upi,0,2026-05
KO2610049,0,0.10951035671446954,0,Induction Cooktop,cod,0,2026-05
KO2610051,0,0.019551954075627303,0,Mixer Grinder,prepaid_upi,0,2026-05
KO2610052,0,0.0485010312421425,0,Room Heater,prepaid_upi,0,2026-05
KO2610053,0,0.05872303182297969,0,Air Fryer,emi,1,2026-05
KO2610054,0,0.11647762403840589,0,Ceiling Fan,cod,0,2026-05
KO2610055,0,0.09278064444020193,0,Robot Vacuum,prepaid_card,0,2026-05
KO2610056,0,0.0455012986339683,1,Induction Cooktop,prepaid_upi,0,2026-05
KO2610057,0,0.1536545148177754,0,Room Heater,prepaid_upi,0,2026-05
KO2610058,1,0.06934494583485015,0,Robot Vacuum,emi,0,2026-05
KO2610050,0,0.09629304083732591,0,Robot Vacuum,prepaid_upi,0,2026-05
KO2609152,0,0.20754070757368626,0,Robot Vacuum,prepaid_upi,0,2026-05
KO2609150,0,0.026061332088971243,0,Mixer Grinder,prepaid_upi,0,2026-05
KO2609151,0,0.11581575542067331,0,Water Purifier,cod,0,2026-05
KO2609091,0,0.10927806621244149,0,Ceiling Fan,prepaid_upi,2,2026-05
KO2609092,0,0.10074399556816734,0,Robot Vacuum,prepaid_upi,0,2026-05
KO2609093,0,0.06490430660356483,0,Air Fryer,cod,0,2026-05
KO2609094,0,0.11549993449686531,0,Air Fryer,prepaid_card,0,2026-05
KO2609095,0,0.054600075948324736,1,Mixer Grinder,emi,0,2026-05
KO2609096,0,0.07384004080818928,0,Water Purifier,prepaid_upi,0,2026-05
KO2609097,0,0.050247830498189004,0,Robot Vacuum,prepaid_upi,0,2026-05
KO2609098,0,0.07516676252460326,0,Robot Vacuum,prepaid_card,0,2026-05
KO2609099,1,0.17396136770115436,0,Air Fryer,cod,0,2026-05
KO2609100,0,0.01827469213848992,0,Induction Cooktop,prepaid_upi,1,2026-05
KO2609101,0,0.08532863433432074,0,Mixer Grinder,cod,0,2026-05
KO2609102,0,0.24952464686206965,0,Robot Vacuum,prepaid_upi,1,2026-05
KO2609103,0,0.16084561330322614,0,Water Purifier,cod,0,2026-05
KO2609104,0,0.038560585238398976,0,Ceiling Fan,prepaid_upi,0,2026-05
KO2609105,0,0.08303903503846127,1,Mixer Grinder,emi,0,2026-05
KO2609106,0,0.10801646409844728,1,Robot Vacuum,emi,0,2026-05
KO2609107,0,0.02797180437404912,0,Ceiling Fan,prepaid_card,0,2026-05
KO2609090,0,0.03864888556483155,0,Air Fryer,emi,0,2026-05
KO2609108,0,0.068037765760082,1,Mixer Grinder,prepaid_upi,1,2026-05
KO2609089,0,0.074621096591166,0,Robot Vacuum,prepaid_upi,0,2026-05
KO2609087,0,0.17595116179578646,1,Water Purifier,prepaid_upi,0,2026-05
KO2609083,0,0.08606072877110475,0,Room Heater,cod,0,2026-05
KO2609084,0,0.018436175765404576,0,Induction Cooktop,prepaid_upi,0,2026-05
KO2609085,1,0.11616908004170466,1,Robot Vacuum,emi,0,2026-05
KO2609086,0,0.047803750195294085,0,Induction Cooktop,cod,0,2026-05
KO2609088,0,0.0511332155450819,1,Induction Cooktop,prepaid_upi,0,2026-05
KO2609109,0,0.11378653756696648,1,Ceiling Fan,prepaid_card,1,2026-05
KO2609111,0,0.10510932678026033,0,Room Heater,cod,0,2026-05
KO2609133,0,0.059968703489060575,0,Mixer Grinder,prepaid_card,0,2026-05
KO2609134,0,0.03194873232156932,0,Ceiling Fan,cod,0,2026-05
KO2609135,0,0.16291974113202662,0,Induction Cooktop,cod,0,2026-05
KO2609136,0,0.17710940802062425,0,Mixer Grinder,prepaid_card,1,2026-05
KO2609137,0,0.04510786025384199,1,Ceiling Fan,prepaid_upi,0,2026-05
KO2609138,0,0.037834884836785654,0,Air Fryer,prepaid_upi,0,2026-05
KO2609139,0,0.06263243348774195,0,Ceiling Fan,cod,0,2026-05
KO2609140,1,0.03930408536489963,0,Robot Vacuum,prepaid_upi,0,2026-05
KO2609141,1,0.07942295155564527,0,Robot Vacuum,prepaid_upi,0,2026-05
KO2609142,1,0.0835045141661285,0,Robot Vacuum,cod,0,2026-05
KO2609143,0,0.042359101766804304,0,Ceiling Fan,cod,0,2026-05
KO2609144,0,0.02208407515611745,1,Ceiling Fan,emi,0,2026-05
KO2609145,0,0.18395057696408046,0,Ceiling Fan,prepaid_card,2,2026-05
KO2609146,0,0.11098744392021516,1,Air Fryer,prepaid_upi,0,2026-05
KO2609147,0,0.050401803434661024,0,Ceiling Fan,prepaid_card,0,2026-05
KO2609148,0,0.07065115986019596,0,Ceiling Fan,cod,0,2026-05
KO2609149,1,0.32574733285041235,1,Robot Vacuum,emi,0,2026-05
KO2609132,1,0.052188427088387376,0,Ceiling Fan,prepaid_card,0,2026-05
KO2609110,0,0.0695870443488278,0,Water Purifier,prepaid_upi,0,2026-05
KO2609131,1,0.6011065612162668,0,Air Fryer,emi,3,2026-05
KO2609129,0,0.3238088880351367,1,Water Purifier,emi,0,2026-05
KO2609112,0,0.10518711599400203,0,Mixer Grinder,cod,0,2026-05
KO2609113,0,0.08513612890132938,0,Robot Vacuum,prepaid_card,0,2026-05
KO2609114,0,0.08292483925515134,0,Air Fryer,prepaid_upi,1,2026-05
KO2609115,0,0.5017161577088346,1,Room Heater,cod,1,2026-05
KO2609116,0,0.15136635183494476,0,Air Fryer,cod,0,2026-05
KO2609117,0,0.046919188694733105,0,Induction Cooktop,prepaid_card,0,2026-05
KO2609118,0,0.014189376852868254,0,Ceiling Fan,prepaid_upi,0,2026-05
KO2609119,0,0.03853271137911105,0,Ceiling Fan,cod,0,2026-05
KO2609120,0,0.04629883859384633,0,Mixer Grinder,cod,0,2026-05
KO2609121,1,0.17441603948772,1,Robot Vacuum,prepaid_upi,0,2026-05
KO2609122,0,0.03172432950718781,0,Room Heater,prepaid_card,0,2026-05
KO2609123,1,0.17203028869026082,1,Room Heater,prepaid_upi,1,2026-05
KO2609124,0,0.07790700928698908,0,Room Heater,cod,0,2026-05
KO2609125,0,0.11312545037061504,1,Ceiling Fan,cod,0,2026-05
KO2609126,0,0.044427896406741524,0,Robot Vacuum,prepaid_upi,0,2026-05
KO2609127,0,0.18682366664755834,0,Robot Vacuum,cod,0,2026-05
KO2609128,0,0.03807985210249595,0,Room Heater,prepaid_upi,0,2026-05
KO2609130,0,0.05324155037725813,0,Room Heater,prepaid_upi,0,2026-05
KO2610503,0,0.07185859008113937,1,Room Heater,prepaid_card,0,2026-05
